S02300002E2E2F63656C6C626F6172642F6275696C642F64656275672F63656C6C626F0094
S325080040000000012049C50108DDAF0108E5AF010801B0010803B0010805B0010800000000F4
S3250800402000000000000000000000000007B0010809B00108000000000BB001080DB0010866
S3250800404099C5010899C5010899C5010899C5010899C5010899C5010899C5010899C501081A
S3250800406099C5010899C5010899C5010899C5010899C5010899C5010899C5010899C50108FA
S3250800408099C5010899C5010899C5010815B0010825B0010835B0010845B0010899C50108DE
S325080040A055B0010865B0010899C5010899C5010875B00108000000000000000099C5010863
S325080040C085B00108000000000000000099C501080000000095B0010899C501080000000078
S325080040E099C5010899C50108000000000000000000000000000000000000000000000000E4
S3250800410000000000000000000000000099C50108000000000000000099C5010899C501085C
S3250800412099C5010899C5010899C5010899C5010899C501080000000000000000000000006E
S3250800414099C5010899C5010899C5010899C5010899C5010899C5010899C5010899C5010819
S3250800416099C5010899C5010899C501080000000099C5010899C5010800000000000000002E
S3250800418099C5010899C5010899C501080000000010B5044610F0010F03D114F0020F07D1FC
S325080041A010BD01224FF40041054808F094F9F4E701224FF48041024808F08DF9F0E700BF4B
S325080041C00008004810B5044610F0010F03D114F0020F07D110BD00224FF40041054808F0E9
S325080041E07AF9F4E700224FF48041024808F073F9F0E700BF000800482DE9F04786B00646DA
S325080042000C4690463C2940F288800120FFF7C0FF80238DF81430A4B24FF00A09CDF8089082
S325080042200125019505AF00972B4600222146304609F0FAFACDF80890019500972B460C22E3
S325080042402146304609F0C4FB9DF81470002F68D140238DF81430CA46CDF8089001950DF10D
S325080042601409CDF800902B4608222146304609F0DBFA00238DF81430CDF808A00195CDF8C4
S3250800428000902B4603222146304609F0CDFA38FA05F314BF2B4600238DF81430CDF808A086
S325080042A00195CDF800902B4607222146304609F0BBFA8DF81450CDF808A00195CDF800909F
S325080042C02B460B222146304609F0AEFAB8F1000F25D003238DF814304FF00A09CDF8089069
S325080042E04FF00108CDF8048005AD0095434600222146304609F098FACDF80890CDF804801F
S32508004300009543463E222146304609F061FB9DF81430434506D0FF2704E0022076E70223FA
S32508004320D8E70227384606B0BDE8F08770B586B006460C460A2302930123019305AA009283
S325080043400C2209F045FB9DF814501DB10125284606B070BD01238DF814300A220292019369
S3250800436005AA009209222146304609F05DFAEEE700B587B00A2302930123019305AA00921A
S325080043800C2209F025FB9DF8140000B1012007B05DF804FB30B587B014461D460023ADF8A1
S325080043A014300A2302930223019305AB00930123203209F00DFBB0B9072C09D09DF8142038
S325080043C09DF815301B0903EB02132B8007B030BD9DF914309BB25B009BB29DF8152003EBF8
S325080043E0D2132B80F2E7FF20F0E72DE970432DED048B82B014461E460025ADF806500DF1D0
S325080044000603FFF7C7FF0546002851D1072C55D0BDF8060017F086FC17F0E6FF07EE900A1D
S3250800442067EEA78A27EEA88A28EEA89A17F08CFC29A3D3E9002317F0DFFC29A3D3E9002382
S3250800444017F024FB8046894618EE900A17F07CFC25A3D3E9002317F0CFFC02460B464046DC
S32508004460494617F013FB8046894618EE100A17F06BFC1FA3D3E9002317F0BEFC02460B466C
S325080044804046494617F002FB8046894619EE100A17F05AFC18A3D3E9002317F0ADFC024650
S325080044A00B464046494617F0F1FA17F09DFF3060284602B0BDEC048BBDE87083BDF9063087
S325080044C007EE903AF8EEE77AB6EE007A67EE877AC6ED007AECE700BF78F866091DD1B5BF54
S325080044E08D6D946A48C15F4014D96C91716F003F4D6BA2295AD539BE4DF93B553332553D8F
S3250800450010B586B08DF8143052000A2302930123019305AC00942A3209F086F906B010BD61
S3250800452010B586B08DF8143052000A2302930123019305AC00942B3209F076F906B010BD50
S3250800454000B587B00A2302930122019205AB0093134609F03DFA9DF8140007B05DF804FB69
S3250800456038B52DED048B20EE008A20EE089A68EE088A10EE100A17F0E7FB21A3D3E90023C3
S3250800458017F03AFC20A3D3E9002317F07FFA04460D4618EE100A17F0D7FB1DA3D3E9002379
S325080045A017F02AFC02460B462046294617F06EFA04460D4619EE100A17F0C6FB16A3D3E9E8
S325080045C0002317F019FC02460B462046294617F05DFA04460D4618EE900A17F0B5FB10A31B
S325080045E0D3E9002317F008FC02460B462046294617F04CFA17F0D8FEC0B2BDEC048B38BD8C
S3250800460026CD1A14EEC8FABF3C287C76E26D6B4071573D0215A7A3BF02379B32E41C423F00
S32508004620561B5D2AC72BC0BE70B52DED028B82B005460E46B0EE408AF0EE608A072A18D01E
S325080046401446B0EE600AFFF78BFF0346224631462846FFF755FFB0EE480AFFF781FF0346DB
S32508004660224631462846FFF75BFF02B0BDEC028B70BDFDEEC07ACDED017A9DF8043007222E
S32508004680FFF73EFFFDEEE87ACDED017A9DF80430072231462846FFF743FFE6E70246002310
S325080046A018468B420FD230B403E00133DBB28B4207D232F8135032F81040A542F5D9184698
S325080046C0F3E730BC704770470246002318468B420ED230B402E001338B4207D232F81350F5
S325080046E032F81040A542F6D21846F4E730BC7047704719B370B51D460C46012911D030F817
S32508004700116001F10041013930F811309E420FD0A11E2B4689B2FFF7ECFF2B8801332B80A7
S3250800472070BD4388002BFBD02B8801332B80F7E7611E2B4689B2FFF7DCFFF1E7704730B59D
S32508004740B9B00023ADF804300388ADF8063002238B421CD89C1E38AD05EB440434F8DC4C6F
S3250800476003F10045013D30F815502C445D1E0DF1E00C0CEB450535F8DC5CAC42B8BF2C46D5
S325080047800CEB430525F8DC4C01339BB2E0E70023ADF802300DF1020301A8FFF7AAFFBDF845
S325080047A0020039B030BD20B32DE9F8430F469846814622B91221FFF787FF39F810200FB14A
S325080047C000233B600024204601E001300134112C11D839F8145002EB0806AD1B002DF5DDBF
S325080047E0002FF2D0012101FA04F3396819433960EBE700207047BDE8F883F0B40746BDF8A1
S3250800480010C00025284601E00135ADB28D420ED237F815400CEB0206A41B24EAE474A4B204
S3250800482023F81540002CEFD0013080B2ECE7F0BC70472DE9F041054690461F460E46FFF75F
S3250800484043FF01460023184600E001339E420FD935F8134035F811204244A41A24EAE474DC
S32508004860A4B227F81340002CEFD0013080B2ECE7BDE8F08108B5FFF762FF08BD012070477A
S3250800488010B52DED028B642324223349334815F000FE334C204616F089FF2268936A0133A9
S325080048A0B0FBF3F307EE903AF8EE677ADFED2D8A67EEA87A9FED2C8A87EE887ABCEEC77A35
S325080048C082ED0B7A204616F071FF23689B6A0133B0FBF3F307EE903AF8EE677A67EEA87AA8
S325080048E087EE887ABCEEC77A84ED037A1F4C204616F05CFF2268936A0133B0FBF3F307EEE7
S32508004900903AF8EE677ADFED1A8A67EEA87A87EE887ABCEEC77A82ED0B7A204616F046FF0A
S3250800492023689B6A0133B0FBF3F307EE903AF8EE677A67EEA87A87EE887ABCEEC77A84ED44
S32508004940037A00210B4B59600A460B4805F046FFBDEC028B10BD00BF4CE80108000600209A
S325080049601C0500200060EA4600007A44B405002000409C4500000020B404002038B5642334
S3250800498028221D491D4815F084FD1D4C236800255D62204616F00AFF23689A6A0132B0FBB4
S325080049A0F2F207EE902AF8EE677ADFED166A67EEA67A87EEA67ABCEEC77A83ED0D7A6FF0F8
S325080049C001021A6120460FF00BFB2946204610F0D3FF17F049F80C4CE389A289211DFFF7CE
S325080049E0E2FE01232370A2686168084805F0F6FE074B1D7038BD00BF74E8010800060020E8
S32508004A001C05002000007A4400000020B40400200802002070B564232E222049204815F095
S32508004A2038FD204C20460FF011FB23686FF001061E611D4C236800255D62204616F0B6FEEE
S32508004A4023689A6A0132B0FBF2F207EE902AF8EE677ADFED166A67EEA67A87EEA67ABCEE81
S32508004A60C77A83ED0D7A1E6120460FF0B9FA2946204610F081FF16F0F7FF0D4CE389A28918
S32508004A80211DFFF790FE01232370A2686168094805F0A4FE084B1D7070BD00BFA0E8010877
S32508004AA000060020B40500201C05002000007A4400000020B40400200802002038B5642354
S32508004AC027221349134815F0E4FC134C20460FF0BDFA0021204611F00BF823686FF00104EE
S32508004AE01C616FF002021A610C4D28460FF0AEFA2B681C610A4B00241C705C60224621463F
S32508004B00084805F06BFE084B1C705C7038BD00BFD0E80108000600201C050020B405002079
S32508004B2000000020B40400200802002010B5642327221049104815F0ACFC104C20460FF091
S32508004B4085FA0021204610F0D3FF23686FF001021A616FF002021A6109480FF041FA00247A
S32508004B60084B1C7022462146074805F037FE074B5C7010BDF8E80108000600201C050020C5
S32508004B80B405002000000020B404002008020020064B1B7C2BB1054B5B7C022B03D0002001
S32508004BA07047002070470120704700BF0000002008B5FFF7EDFF08B9052008BD0220FCE753
S32508004BC0064B1B7C2BB1054B5B7C012B03D000207047002070470120704700BF0000002078
S32508004BE010B516F041FF0B4AD38992890021FFF7DAFD0446FFF7E4FF28B934B1064B1B7815
S32508004C002BB1032000E0012010BD0120FCE70520FAE700BF000000200802002010B516F0DB
S32508004C2023FF0B4AD38992890021FFF7BCFD0446FFF7C6FF28B934B1064B5B782BB10220BB
S32508004C4000E0012010BD0120FCE70520FAE700BF0000002008020020024B5868B0FA80F03E
S32508004C604009704700000020F8B504460E460F4B1F7C0F4B53F8203008469847054617B191
S32508004C800A4B00221A74052D0ED005EB8404084800EB840424692CB140F2024004F086FF5F
S32508004CA03046A0472846F8BD2546EEE70000002080E4010810B5034C0021A078FFF7D4FF83
S32508004CC0A07010BD08020020014B9878704700BF0802002038B5037F012B00D038BD044619
S32508004CE003685D6B244B1B7823B300221146234805F074FD204616F059FD23689B6A0133CB
S32508004D00B0FBF3F307EE903AF8EE677ADFED1C6A67EEA67A87EEA67AFCEEC77A17EE903A18
S32508004D20184A12682B445363134A137883F001031370D3E7104B9A685968104805F04EFD12
S32508004D40204616F033FD23689B6A0133B0FBF3F307EE903AF8EE677ADFED096A67EEA67A1A
S32508004D6087EEA67AFCEEC77A17EE903A054A12682B445363D8E700BF00000020B404002032
S32508004D8000007A441C0500200368084A1268934204D0074A1268934204D07047054B012288
S32508004DA01A707047034B01225A70F6E71C050020B40500200802002030B583B0164B1C783B
S32508004DC064B9002201230093D2B21449144800F031F8114B1B78CBB103B030BD00210A46FD
S32508004DE08C420AD9531C0D48962520F81250FA2520F8135002320131F2E7531E074830F83A
S32508004E00131001F2EE2120F81310DBE70021044800F02AF8E0E700BF78020020C0030020E0
S32508004E20B403002008B50146014800F03DF808BDB4030020B8B110B40160002141600172BC
S32508004E4042729DF8041001F00101827A61F3000261F34102D2B242F0040263F3C302827240
S32508004E605DF8044B7047704718B1827A61F382028272704718B1827A61F3C3028272704741
S32508004E8008B101604272704768B100234360037201F00101837A61F3000361F34103DBB2BF
S32508004EA043F0040383727047002835D003460068002833D09A7A12F0040F2AD010B45A684C
S32508004EC08C1A1A7A30F8120084421CD3987A440884F0010464F34100987259600132D2B2B2
S32508004EE01A72597A8A420ED3C2B212F0080F03D1C2B26FF382029A7200221A72997A0A46C0
S32508004F0061F341029A72987AC0F340005DF8044B7047C2F340007047002070470020704726
S32508004F20884010407047884010407047884010407047084110407047084110407047C8404E
S32508004F401040704710408840C0B270471040884080B2704710408840704710400841C0B220
S32508004F6070471040084180B270471040C8407047032A40F2E780F8B505460E46002707603B
S32508004F80072239463078FFF7CBFF04462870082203217078FFF7C4FF0443E4B22C70102277
S32508004FA00421B078FFF7BCFF0443E4B22C7020220521F078FFF7B4FF0443E4B22C70402218
S32508004FC006213079FFF7ACFF0443E4B22C70802207217079FFF7A4FF04432C700122394608
S32508004FE0B079FFF79DFF0446687002220121F079FFF796FF0443E4B26C7004220221307AE0
S32508005000FFF78EFF0443E4B26C7008220321707AFFF786FF0443E4B26C7010220421B07A59
S32508005020FFF77EFF0443E4B26C7020220521F07AFFF776FF0443E4B26C7040220621307B0C
S32508005040FFF76EFF0443E4B26C7080220721707BFFF766FF04436C7001223946B07BFFF730
S325080050605FFF0446A87002220121F07BFFF758FF0443E4B2AC7004220221307CFFF750FF31
S325080050800443E4B2AC7008220321707CFFF748FF0443E4B2AC7010220421B07CFFF740FFE1
S325080050A00443E4B2AC7020220521F07CFFF738FF0443E4B2AC7040220621307DFFF730FF94
S325080050C00443E4B2AC7080220721707DFFF728FF0443AC7001223946B07DFFF721FF044663
S325080050E0E87002220121F07DFFF71AFF0443E4B2EC7004220221307EFFF712FF0443E4B274
S32508005100EC7008220321707EFFF70AFF0443E4B2EC7010220421B07EFFF702FF0443E4B258
S32508005120EC7020220521F07EFFF7FAFE0443E4B2EC7040220621307FFFF7F2FE0443EC7047
S325080051400420F8BD6FF015007047032A40F2B38038B504460D46072200212878FFF7FDFE46
S325080051602070082203212878FFF7F7FE6070102204212878FFF7F1FEA070202205212878F4
S32508005180FFF7EBFEE070402206212878FFF7E5FE2071802207212878FFF7DFFE607101220E
S325080051A000216878FFF7D9FEA071022201216878FFF7D3FEE071042202216878FFF7CDFEDA
S325080051C02072082203216878FFF7C7FE6072102204216878FFF7C1FEA0722022052168782E
S325080051E0FFF7BBFEE072402206216878FFF7B5FE2073802207216878FFF7AFFE60730122B8
S325080052000021A878FFF7A9FEA07302220121A878FFF7A3FEE07304220221A878FFF79DFE45
S32508005220207408220321A878FFF797FE607410220421A878FFF791FEA07420220521A87867
S32508005240FFF78BFEE07440220621A878FFF785FE207580220721A878FFF77FFE6075012261
S325080052600021E878FFF779FEA07502220121E878FFF773FEE07504220221E878FFF76DFEB1
S32508005280207608220321E878FFF767FE607610220421E878FFF761FEA07620220521E878A1
S325080052A0FFF75BFEE07640220621E878FFF755FE2077002038BD6FF01500704707288CBFB8
S325080052C000200120704701288CBF00200120704701288CBF00200120704701288CBF00205C
S325080052E00120704701288CBF00200120704701288CBF00200120704701288CBF002001203B
S32508005300704701288CBF00200120704701288CBF00200120704701288CBF00200120704784
S3250800532001288CBF00200120704701288CBF00200120704701288CBF0020012070470128F2
S325080053408CBF00200120704701288CBF00200120704701288CBF00200120704701288CBFB0
S3250800536000200120704701288CBF00200120704701288CBF00200120704701288CBF0020BB
S325080053800120704701288CBF00200120704701288CBF00200120704701288CBF002001209A
S325080053A0704701288CBF00200120704701288CBF00200120704701288CBF002001207047E4
S325080053C001288CBF00200120704701288CBF00200120704701288CBF00200120704701700A
S325080053E0417862F3000163F341019DF8003063F382019DF8043063F3C3019DF8083063F354
S3250800540004119DF80C3063F345119DF8103063F386119DF8143063F3C711417083789DF8E2
S32508005420182062F3000383709DF81C30C37003799DF8202062F300039DF8242062F34103AC
S325080054409DF8282062F382039DF82C2062F3C3039DF8302062F304139DF8342062F34513A4
S325080054609DF8382062F386139DF83C2062F3C713037143799DF8402062F300039DF84420AD
S3250800548062F341039DF8482062F382039DF84C2062F3C3039DF8502062F304139DF85420F8
S325080054A062F345139DF8582062F386139DF85C2062F3C713437183799DF8602062F30003D9
S325080054C09DF8642062F34103837170470170427083709DF80030C3709DF8043003719DF881
S325080054E0083043719DF80C3083719DF81030C3719DF8143003729DF8183043729DF81C3023
S3250800550083729DF82030C3729DF8243003739DF8283043739DF82C3083739DF83030C3735A
S325080055209DF8343003749DF8383043749DF83C3083749DF84030C3749DF8443003759DF8EF
S32508005540483043759DF84C3083759DF85030C3759DF8543003769DF8583043769DF85C302E
S3250800556083769DF86030C3769DF86430037770470B7803704A78437862F3000343708A78EC
S32508005580DBB262F341034370CA78DBB262F3820343700A79DBB262F3C30343704A79DBB29A
S325080055A062F3041343708A79DBB262F345134370CA79DBB262F3861343700A7ADBB262F3F7
S325080055C0C71343704A7A837862F3000383708B7AC370CA7A037962F3000303710A7BDBB250
S325080055E062F3410303714A7BDBB262F3820303718A7BDBB262F3C3030371CA7BDBB262F3A8
S32508005600041303710A7CDBB262F3451303714A7CDBB262F3861303718A7CDBB262F3C71346
S325080056200371CA7C437962F3000343710A7DDBB262F3410343714A7DDBB262F38203437197
S325080056408A7DDBB262F3C3034371CA7DDBB262F3041343710A7EDBB262F3451343714A7EA7
S32508005660DBB262F3861343718A7EDBB262F3C7134371CA7E837962F3000383710A7FDBB2CF
S3250800568062F34103837170470B7803704B78C3F3000343704B78C3F3400383704B78C3F36B
S325080056A08003C3704B78C3F3C00303714B78C3F3001343714B78C3F3401383714B78C3F3FD
S325080056C08013C3714B78C3F3C01303728B78C3F300034372CB7883720B79C3F30003C37219
S325080056E00B79C3F3400303730B79C3F3800343730B79C3F3C00383730B79C3F30013C373C0
S325080057000B79C3F3401303740B79C3F3801343740B79C3F3C01383744B79C3F30003C3743B
S325080057204B79C3F3400303754B79C3F3800343754B79C3F3C00383754B79C3F30013C37577
S325080057404B79C3F3401303764B79C3F3801343764B79C3F3C01383768B79C3F30003C376F3
S325080057608B79C3F3400303777047062A52D970B504460D4600210160C0F8031007222878BA
S32508005780FFF7CEFB06462070F8220321B5F80100FFF7C9FB06432670FF220521B5F80100E6
S325080057A0FFF7CAFB607007220D21B5F80100FFF7C3FB0646A070F8220321B5F80300FFF757
S325080057C0B2FB0643A670FF220521B5F80300FFF7B3FBE07007220D21B5F80300FFF7ACFB20
S325080057E006462071F8220321B5F80500FFF79BFB06432671FF220521B5F80500FFF79CFBDC
S32508005800607107220D21B5F80500FFF795FBA071072070BD6FF015007047062A55D9F8B57F
S3250800582004460D46072200212878FFF796FB2070F82203212878FFF794FB0646A4F8010070
S32508005840FF2205216878FFF781FB0643B7B2A4F8016007220D21A878FFF778FB0743A4F82C
S325080058600170F8220321A878FFF77BFB0646A4F80300FF220521E878FFF768FB0643B7B242
S32508005880A4F8036007220D212879FFF75FFB0743A4F80370F82203212879FFF762FB0646DC
S325080058A0A4F80500FF2205216879FFF74FFB0643B7B2A4F8056007220D21A879FFF746FB6F
S325080058C00743A4F805700020F8BD6FF01500704707288CBF002001207047F3EE047A30EE70
S325080058E0270A9FED117AC0EE077A9FED107AF4EEC77AF1EE10FA04DCF5EEC07AF1EE10FA1B
S325080059000CD49FED0A7AF4EEC77AF1EE10FA07DCFCEEE77A17EE903A98B2704700207047A8
S325080059204FF6FF70704700BFC800C83A00FF7F4707EE900AF8EE677A9FED040A67EE807A61
S32508005940B3EE040A37EEC00A704700BFC800C83A01207047F3EE047A30EE270A9FED107ABF
S32508005960C0EE077A9FED0F7AF4EEC77AF1EE10FA04DCF5EEC07AF1EE10FA0CD49FED097AF4
S32508005980F4EEC77AF1EE10FA07DCFCEEE77A17EE903A98B27047002070474FF6FF707047AD
S325080059A0C800C83A00FF7F4707EE900AF8EE677A9FED040A67EE807AB3EE040A37EEC00A6D
S325080059C0704700BFC800C83A01207047F3EE047A30EE270A9FED107AC0EE077A9FED0F7A99
S325080059E0F4EEC77AF1EE10FA04DCF5EEC07AF1EE10FA0CD49FED097AF4EEC77AF1EE10FAAC
S32508005A0007DCFCEEE77A17EE903A98B27047002070474FF6FF707047C800C83A00FF7F47A9
S32508005A2007EE900AF8EE677A9FED040A67EE807AB3EE040A37EEC00A704700BFC800C83A3B
S32508005A400120704710B52DED028B0446F0EE608AB0EE418A0170BCEEC00A10EE103A98B202
S32508005A60FFF766FF10EE103AC4F80130FCEEE88A18EE903A98B2FFF797FF10EE103AC4F882
S32508005A800530BCEEC88A18EE103A98B2FFF7C8FF10EE103AC4F80930BDEC028B10BD10B56B
S32508005AA02DED028B0446F0EE608AB0EE418A0170FFF713FFA4F80100B0EE680AFFF74AFF51
S32508005AC0A4F80300B0EE480AFFF780FFA4F80500BDEC028B10BD38B504460D460B78037090
S32508005AE0B1F80100FFF724FF10EE103AC4F80130B5F80300FFF758FF10EE103AC4F805306A
S32508005B00B5F80500FFF78CFF10EE103AC4F8093038BD38B504460D460B780370D1F8013098
S32508005B2000EE103AFFF7D9FEA4F80100D5F8053000EE103AFFF70EFFA4F80300D5F80930D3
S32508005B4000EE103AFFF742FFA4F8050038BD052A52D970B504460D4600210160818007226A
S32508005B602878FFF7DDF906462070F82203216878FFF7D6F906432670072205216878FFF7E8
S32508005B80D8F906466070F8220321A878FFF7C8F90643667007220521A878FFF7CAF9064662
S32508005BA0A070F8220321E878FFF7BAF90643A67007220521E878FFF7BCF90646E070F82211
S32508005BC003212879FFF7ACF90643E670072205212879FFF7AEF906462071F822032168792F
S32508005BE0FFF79EF906432671072205216879FFF7A0F96071062070BD6FF015007047052AED
S32508005C0050D970B504460D46072200212878FFF7A4F92070F82203212878FFF79EF90646C7
S32508005C206070072205216878FFF78CF906436670F82203216878FFF790F90646A07007229B
S32508005C400521A878FFF77EF90643A670F8220321A878FFF782F90646E07007220521E8780A
S32508005C60FFF770F90643E670F8220321E878FFF774F906462071072205212879FFF762F9F9
S32508005C8006432671F82203212879FFF766F906466071072205216879FFF754F90643667132
S32508005CA0002070BD6FF01500704707288CBF00200120704701207047F3EE047A30EE270A66
S32508005CC09FED117AC0EE077A9FED107AF4EEC77AF1EE10FA04DCF5EEC07AF1EE10FA0FD485
S32508005CE09FED0A7AF4EEC77AF1EE10FA0ADC82B0FCEEE77ACDED017A9DF8040002B07047E0
S32508005D0000207047FF207047C9C8C83E00007F4307EE900AF8EE677A9FED040A67EE807A30
S32508005D20B3EE040A37EEC00A704700BFC9C8C83E01207047F3EE047A30EE270A9FED117A0D
S32508005D40C0EE077A9FED107AF4EEC77AF1EE10FA04DCF5EEC07AF1EE10FA0FD49FED0A7A0B
S32508005D60F4EEC77AF1EE10FA0ADC82B0FCEEE77ACDED017A9DF8040002B070470020704798
S32508005D80FF207047C9C8C83E00007F4307EE900AF8EE677A9FED040A67EE807AB3EE040AD8
S32508005DA037EEC00A704700BFC9C8C83E01207047F3EE047A30EE270A9FED117AC0EE077A0D
S32508005DC09FED107AF4EEC77AF1EE10FA04DCF5EEC07AF1EE10FA0FD49FED0A7AF4EEC77A97
S32508005DE0F1EE10FA0ADC82B0FCEEE77ACDED017A9DF8040002B0704700207047FF20704765
S32508005E00C9C8C83E00007F4307EE900AF8EE677A9FED040A67EE807AB3EE040A37EEC00A3E
S32508005E20704700BFC9C8C83E01207047F3EE047A30EE270A9FED117AC0EE077A9FED107A65
S32508005E40F4EEC77AF1EE10FA04DCF5EEC07AF1EE10FA0FD49FED0A7AF4EEC77AF1EE10FA43
S32508005E600ADC82B0FCEEE77ACDED017A9DF8040002B0704700207047FF207047C9C8C83E36
S32508005E8000007F4307EE900AF8EE677A9FED040A67EE807AB3EE040A37EEC00A704700BFDF
S32508005EA0C9C8C83E0120704710B52DED048B82B00446B0EE609AF0EE418AB0EE618A017040
S32508005EC04270FCEEC07ACDED017A9DF80400FFF71FFF10EE103AC4F80230FCEEC97ACDEDDF
S32508005EE0017A9DF80400FFF751FF10EE103AC4F80630FCEEE87ACDED017A9DF80400FFF7F0
S32508005F0083FF10EE103AC4F80A30FCEEC87ACDED017A9DF80400FFF7B5FF10EE103AC4F80B
S32508005F200E3002B0BDEC048B10BD10B52DED048B0446B0EE609AF0EE418AB0EE618A01706B
S32508005F404270FFF7B9FEA070B0EE490AFFF7F2FEE070B0EE680AFFF72BFF2071B0EE480AEC
S32508005F60FFF764FF6071BDEC048B10BD38B504460D460B7803704B7843708878FFF7C8FE32
S32508005F8010EE103AC4F80230E878FFF7FFFE10EE103AC4F806302879FFF736FF10EE103A1C
S32508005FA0C4F80A306879FFF76DFF10EE103AC4F80E3038BD38B504460D460B7803704B7820
S32508005FC04370D1F8023000EE103AFFF775FEA070D5F8063000EE103AFFF7ACFEE070D5F85C
S32508005FE00A3000EE103AFFF7E3FE2071D5F80E3000EE103AFFF71AFF607138BD062A52D946
S3250800600070B504460D4600210160C0F8031007222878FEF785FF06462070F8220321B5F85A
S325080060200100FEF780FF06432670FF220521B5F80100FEF781FF607007220D21B5F80100BF
S32508006040FEF77AFF0646A070F8220321B5F80300FEF769FF0643A670FF220521B5F80300C7
S32508006060FEF76AFFE07007220D21B5F80300FEF763FF06462071F8220321B5F80500FEF744
S3250800608052FF06432671FF220521B5F80500FEF753FF607107220D21B5F80500FEF74CFF67
S325080060A0A071072070BD6FF015007047062A55D9F8B504460D46072200212878FEF74DFF6F
S325080060C02070F82203212878FEF74BFF0646A4F80100FF2205216878FEF738FF0643B7B217
S325080060E0A4F8016007220D21A878FEF72FFF0743A4F80170F8220321A878FEF732FF0646D4
S32508006100A4F80300FF220521E878FEF71FFF0643B7B2A4F8036007220D212879FEF716FF65
S325080061200743A4F80370F82203212879FEF719FF0646A4F80500FF2205216879FEF706FFFD
S325080061400643B7B2A4F8056007220D21A879FEF7FDFE0743A4F805700020F8BD6FF0150072
S32508006160704707288CBF0020012070479FED107AC0EE077A9FED0F7AF4EEC77AF1EE10FA82
S3250800618004DCF5EEC07AF1EE10FA0CD49FED097AF4EEC77AF1EE10FA07DCFCEEE77A17EEDD
S325080061A0903A98B27047002070474FF6FF707047A000A03800FF7F4707EE900AF8EE677A31
S325080061C09FED020A27EE800A704700BFA000A038012070479FED107AC0EE077A9FED0F7A5A
S325080061E0F4EEC77AF1EE10FA04DCF5EEC07AF1EE10FA0CD49FED097AF4EEC77AF1EE10FAA4
S3250800620007DCFCEEE77A17EE903A98B27047002070474FF6FF707047A000A03800FF7F47F3
S3250800622007EE900AF8EE677A9FED020A27EE800A704700BFA000A038012070479FED107AE7
S32508006240C0EE077A9FED0F7AF4EEC77AF1EE10FA04DCF5EEC07AF1EE10FA0CD49FED097A0B
S32508006260F4EEC77AF1EE10FA07DCFCEEE77A17EE903A98B27047002070474FF6FF707047C4
S32508006280A000A03800FF7F4707EE900AF8EE677A9FED020A27EE800A704700BFA000A03838
S325080062A00120704710B52DED028B0446F0EE608AB0EE418A0170BCEEC00A10EE103A98B29A
S325080062C0FFF77AFF10EE103AC4F80130FCEEE88A18EE903A98B2FFF7A3FF10EE103AC4F8FA
S325080062E00530BCEEC88A18EE103A98B2FFF7CCFF10EE103AC4F80930BDEC028B10BD10B5FF
S325080063002DED028B0446F0EE608AB0EE418A0170FFF72CFFA4F80100B0EE680AFFF75AFFBF
S32508006320A4F80300B0EE480AFFF788FFA4F80500BDEC028B10BD38B504460D460B7803701F
S32508006340B1F80100FFF738FF10EE103AC4F80130B5F80300FFF764FF10EE103AC4F80530E1
S32508006360B5F80500FFF790FF10EE103AC4F8093038BD38B504460D460B780370D1F801302C
S3250800638000EE103AFFF7F2FEA4F80100D5F8053000EE103AFFF71EFFA4F80300D5F8093042
S325080063A000EE103AFFF74AFFA4F8050038BD072A56D970B504460D46002101604160072254
S325080063C02878FEF7ADFD06462070F82203216878FEF7A6FD06432670072205216878FEF7DB
S325080063E0A8FD06466070F82203216888FEF79BFD06436670FF2205216888FEF79DFDA0701E
S3250800640007220D216888FEF797FD0646E070F8220321A888FEF787FD0643E670FF22052135
S32508006420A888FEF789FD207107220D21A888FEF783FD06466071F8220321E888FEF773FDE6
S3250800644006436671FF220521E888FEF775FDA07107220D21E888FEF76FFDE071082070BD11
S325080064606FF015007047072A5AD9F8B504460D46072200212878FEF770FD2070F82203211B
S325080064802878FEF76AFD06466070072205216878FEF758FD06436670F82203216878FEF72B
S325080064A060FD06466080FF220521A878FEF74EFD0643B7B2668007220D21E878FEF746FD17
S325080064C007436780F8220321E878FEF74AFD0646A080FF2205212879FEF738FD0643B7B273
S325080064E0A68007220D216879FEF730FD0743A780F82203216879FEF734FD0646E080FF228B
S325080065000521A879FEF722FD0643B7B2E68007220D21E879FEF71AFD0743E7800020F8BDB0
S325080065206FF01500704707288CBF002001207047012070479FED107AC0EE077A9FED0F7A7E
S32508006540F4EEC77AF1EE10FA04DCF5EEC07AF1EE10FA0CD49FED097AF4EEC77AF1EE10FA40
S3250800656007DCFCEEE77A17EE903A98B27047002070474FF6FF707047A000A03800FF7F4790
S3250800658007EE900AF8EE677A9FED020A27EE800A704700BFA000A038012070479FED107A84
S325080065A0C0EE077A9FED0F7AF4EEC77AF1EE10FA04DCF5EEC07AF1EE10FA0CD49FED097AA8
S325080065C0F4EEC77AF1EE10FA07DCFCEEE77A17EE903A98B27047002070474FF6FF70704761
S325080065E0A000A03800FF7F4707EE900AF8EE677A9FED020A27EE800A704700BFA000A038D5
S32508006600012070479FED107AC0EE077A9FED0F7AF4EEC77AF1EE10FA04DCF5EEC07AF1EE52
S3250800662010FA0CD49FED097AF4EEC77AF1EE10FA07DCFCEEE77A17EE903A98B27047002029
S3250800664070474FF6FF707047A000A03800FF7F4707EE900AF8EE677A9FED020A27EE800A40
S32508006660704700BFA000A0380120704710B52DED028B0446F0EE608AB0EE418A017042703C
S32508006680BCEEC00A10EE103A98B2FFF779FF10EE103AC4F80230FCEEE88A18EE903A98B2CC
S325080066A0FFF7A2FF10EE103AC4F80630BCEEC88A18EE103A98B2FFF7CBFF10EE103AC4F8A1
S325080066C00A30BDEC028B10BD10B52DED028B0446F0EE608AB0EE418A01704270FFF72AFF46
S325080066E06080B0EE680AFFF759FFA080B0EE480AFFF788FFE080BDEC028B10BD38B5044627
S325080067000D460B7803704B7843704888FFF738FF10EE103AC4F80230A888FFF765FF10EEF1
S32508006720103AC4F80630E888FFF792FF10EE103AC4F80A3038BD38B504460D460B78037065
S325080067404B784370D1F8023000EE103AFFF7F2FE6080D5F8063000EE103AFFF71FFFA0804D
S32508006760D5F80A3000EE103AFFF74CFFE08038BD042A25D970B504460D4600260660067145
S32508006780FF2231462888FEF7CEFB2070FF2208212888FEF7D1FB6070FF2231466888FEF74D
S325080067A0C2FBA070FF2208216888FEF7C5FBE070012231462879FEF7B3FB2071052070BDFE
S325080067C06FF015007047042A26D970B504460D46FF2200212878FEF7C4FB06462080FF22EE
S325080067E008216878FEF7B2FB06432680FF220021A878FEF7B6FB06466080FF220821E87813
S32508006800FEF7A4FB06436680012200212879FEF7A4FB2071002070BD6FF015007047012004
S3250800682070470120704701288CBF0020012070470180428003717047018042800371704773
S325080068400B8803804B8843800B79037170470B8803804B8843800B7903717047002070479D
S32508006860002070470020704700207047002070470020704700207047002070470020704752
S32508006880002070470020704700207047002070470020704700207047002070470020704732
S325080068A00020704700207047002070470020704700207047012A21D970B505460E4600218D
S325080068C0018001223078FEF72BFB044628700E2201217078FEF724FB0443E4B22C70F02288
S325080068E00421B078FEF71CFB04432C700F220421B078FEF71EFB6870022070BD6FF0150027
S325080069007047012A1ED970B504460D46012200212878FEF722FB20700E2201212878FEF761
S325080069201CFB6070F02204212878FEF716FB0646A0700F2204216878FEF704FB0643A670A0
S32508006940002070BD6FF01500704701288CBF00200120704707288CBF0020012070470120B2
S32508006960704710B4047861F300040470427083705DF8044B704701704270837070470A78F7
S32508006980037862F3000303704B7843708B78837070470B78C3F3000303704B7843708B7858
S325080069A083707047002070470020704700207047002070479AB170B505460E460021017022
S325080069C001223078FEF7ACFA044628700E2201217078FEF7A5FA04432C70012070BD6FF003
S325080069E01500704782B138B504460D46012200212878FEF7B2FA20700E2201212878FEF704
S32508006A00ACFA6070002038BD6FF01500704701288CBF00200120704707288CBF002001208B
S32508006A207047037861F300030370427070470170427070470A78037862F3000303704B787E
S32508006A40437070470B78C3F3000303704B78437070479AB170B505460E4600210170072218
S32508006A603078FEF75DFA04462870082203217078FEF756FA04432C70012070BD6FF0150012
S32508006A80704782B138B504460D46072200212878FEF763FA2070082203212878FEF75DFA6E
S32508006AA06070002038BD6FF01500704707288CBF00200120704701288CBF002001207047DA
S32508006AC00170437862F30003437070470170427070470B7803704A78437862F30003437062
S32508006AE070470B7803704B78C3F30003437070475AB110B504460B4600210170072218783F
S32508006B00FEF70EFA2070012010BD6FF01500704752B110B504460B46072200211878FEF78F
S32508006B201CFA2070002010BD6FF01500704707288CBF0020012070470170704701707047C7
S32508006B400B78037070470B7803707047072A4FD970B504460D4600210160416007222878C6
S32508006B60FEF7DEF906462070F8220321D5F80100FEF7DCF906432670FF220521D5F8010095
S32508006B80FEF7DDF96070FF220D21D5F80100FEF7D6F9A070FF221521D5F80100FEF7CFF979
S32508006BA0E07007221D21D5F80100FEF7C8F906462071F8220321D5F80500FEF7B7F90643B1
S32508006BC02671FF220521D5F80500FEF7B8F96071FF220D21D5F80500FEF7B1F9A071FF228E
S32508006BE01521D5F80500FEF7AAF9E071082070BD6FF015007047072A52D970B505460E46F6
S32508006C00072200213078FEF7A8F92870F82203213078FEF7AAF90446C5F80100FF22052179
S32508006C207078FEF797F90443C5F80140FF220D21B078FEF78FF90443C5F80140FF22152104
S32508006C40F078FEF787F90443C5F8014007221D213079FEF77FF90443C5F80140F822032104
S32508006C603079FEF782F90446C5F80500FF2205217079FEF76FF90443C5F80540FF220D21BC
S32508006C80B079FEF767F90443C5F80540FF221521F079FEF75FF90443C5F80540002070BD7C
S32508006CA06FF01500704707288CBF00200120704701207047B0F1005F2CBF0020012070476E
S32508006CC00170C0F80120C0F8053070470170C0F80120C0F8053070470B780370D1F80130DA
S32508006CE0C0F80130D1F80530C0F8053070470B780370D1F80130C0F80130D1F80530C0F86C
S32508006D00053070479AB170B505460E460021017007223078FEF704F90446287038220321B5
S32508006D207078FEF7FDF804432C70012070BD6FF01500704782B138B504460D460722002110
S32508006D402878FEF70AF92070382203212878FEF704F96070002038BD6FF0150070470728AE
S32508006D608CBF00200120704707288CBF0020012070470170427070470170427070470B7819
S32508006D8003704B78437070470B7803704B7843707047062A3AD9F8B504460D460026066009
S32508006DA0C0F80360072231462878FEF7B9F807462070F82203216878FEF7B2F80743277049
S32508006DC0FF2231466888FEF7AEF86070FF2208216888FEF7B1F8A070FF223146A888FEF70D
S32508006DE0A2F8E070FF220821A888FEF7A5F82071FF223146E888FEF796F86071FF22082158
S32508006E00E888FEF799F8A0710720F8BD6FF015007047062A3AD970B504460D460722002107
S32508006E202878FEF79AF82070F82203212878FEF794F86070FF2200216878FEF792F8064671
S32508006E406080FF220821A878FEF780F806436680FF220021E878FEF784F80646A080FF229E
S32508006E6008212879FEF772F80643A680FF2200216879FEF776F80646E080FF220821A879CF
S32508006E80FEF764F80643E680002070BD6FF01500704707288CBF00200120704715288CBF72
S32508006EA00020012070479FED117AC0EE077A9FED107AF4EEC77AF1EE10FA04DCF5EEC07A67
S32508006EC0F1EE10FA0CD49FED0A7AF4EEC77AF1EE10FA07DCFCEEE77A17EE903A98B27047C1
S32508006EE0002070474FF6FF70704700BFA000A03800FF7F4707EE900AF8EE677A9FED020A58
S32508006F0027EE800A704700BFA000A038012070479FED107AC0EE077A9FED0F7AF4EEC77A81
S32508006F20F1EE10FA04DCF5EEC07AF1EE10FA0CD49FED097AF4EEC77AF1EE10FA07DCFCEEAC
S32508006F40E77A17EE903A98B27047002070474FF6FF707047A000A03800FF7F4707EE900AE4
S32508006F60F8EE677A9FED020A27EE800A704700BFA000A038012070479FED107AC0EE077AFA
S32508006F809FED0F7AF4EEC77AF1EE10FA04DCF5EEC07AF1EE10FA0CD49FED097AF4EEC77ACA
S32508006FA0F1EE10FA07DCFCEEE77A17EE903A98B27047002070474FF6FF707047A000A03822
S32508006FC000FF7F4707EE900AF8EE677A9FED020A27EE800A704700BFA000A038012070478B
S32508006FE010B52DED028B0446F0EE608AB0EE418A01704270BCEEC00A10EE103A98B2FFF77D
S3250800700079FF10EE103AC4F80230FCEEE88A18EE903A98B2FFF7A2FF10EE103AC4F806306D
S32508007020BCEEC88A18EE103A98B2FFF7CBFF10EE103AC4F80A30BDEC028B10BD10B52DEDCC
S32508007040028B0446F0EE608AB0EE418A01704270FFF729FF6080B0EE680AFFF759FFA0807B
S32508007060B0EE480AFFF788FFE080BDEC028B10BD38B504460D460B7803704B78437048886C
S32508007080FFF738FF10EE103AC4F80230A888FFF765FF10EE103AC4F80630E888FFF792FFC4
S325080070A010EE103AC4F80A3038BD38B504460D460B7803704B784370D1F8023000EE103A66
S325080070C0FFF7F1FE6080D5F8063000EE103AFFF71FFFA080D5F80A3000EE103AFFF74CFFEE
S325080070E0E08038BD052A52D970B504460D4600210160818007222878FDF712FF06462070E4
S32508007100F82203216878FDF70BFF06432670012205216878FDF70DFF06466070FE220121DF
S32508007120A878FDF7FDFE0643667001220721A878FDF7FFFE0646A070FE220121E878FDF7C5
S32508007140EFFE0643A67001220721E878FDF7F1FE0646E070FE2201212879FDF7E1FE0643AC
S32508007160E670012207212879FDF7E3FE06462071FE2201216879FDF7D3FE06432671012222
S3250800718007216879FDF7D5FE6071062070BD6FF015007047052A50D970B504460D4607227F
S325080071A000212878FDF7D9FE2070F82203212878FDF7D3FE06466070012205216878FDF7C9
S325080071C0C1FE06436670FE2201216878FDF7C5FE0646A07001220721A878FDF7B3FE064335
S325080071E0A670FE220121A878FDF7B7FE0646E07001220721E878FDF7A5FE0643E670FE22C3
S325080072000121E878FDF7A9FE06462071012207212879FDF797FE06432671FE22012128792E
S32508007220FDF79BFE06466071012207216879FDF789FE06436671002070BD6FF01500704757
S3250800724007288CBF0020012070472C288CBF002001207047F3EE097A30EE270A9FED117A4D
S32508007260C0EE077A9FED107AF4EEC77AF1EE10FA04DCF5EEC07AF1EE10FA0FD49FED0A7AD6
S32508007280F4EEC77AF1EE10FA0ADC82B0FCEEE77ACDED017A9DF8040002B070470020704763
S325080072A0FF207047FBFAFA3E00007F4307EE900AF8EE677A9FED040A67EE807AB3EE090A08
S325080072C037EEC00A704700BFFBFAFA3E01207047F3EE097A30EE270A9FED117AC0EE077A3D
S325080072E09FED107AF4EEC77AF1EE10FA04DCF5EEC07AF1EE10FA0FD49FED0A7AF4EEC77A62
S32508007300F1EE10FA0ADC82B0FCEEE77ACDED017A9DF8040002B0704700207047FF2070472F
S32508007320FBFAFA3E00007F4307EE900AF8EE677A9FED040A67EE807AB3EE090A37EEC00A6E
S32508007340704700BFFBFAFA3E01207047F3EE097A30EE270A9FED117AC0EE077A9FED107A95
S32508007360F4EEC77AF1EE10FA04DCF5EEC07AF1EE10FA0FD49FED0A7AF4EEC77AF1EE10FA0E
S325080073800ADC82B0FCEEE77ACDED017A9DF8040002B0704700207047FF207047FBFAFA3E6B
S325080073A000007F4307EE900AF8EE677A9FED040A67EE807AB3EE090A37EEC00A704700BFA5
S325080073C0FBFAFA3E01207047F3EE097A30EE270A9FED117AC0EE077A9FED107AF4EEC77A68
S325080073E0F1EE10FA04DCF5EEC07AF1EE10FA0FD49FED0A7AF4EEC77AF1EE10FA0ADC82B099
S32508007400FCEEE77ACDED017A9DF8040002B0704700207047FF207047FBFAFA3E00007F4340
S3250800742007EE900AF8EE677A9FED040A67EE807AB3EE090A37EEC00A704700BFFBFAFA3EB9
S325080074400120704710B52DED048B82B00446B0EE609AF0EE418AB0EE618A01704270FCEE85
S32508007460C07ACDED017A9DF80400FFF71FFF10EE103AC4F80230FCEEC97ACDED017A9DF8B5
S325080074800400FFF751FF10EE103AC4F80630FCEEE87ACDED017A9DF80400FFF783FF10EECA
S325080074A0103AC4F80A30FCEEC87ACDED017A9DF80400FFF7B5FF10EE103AC4F80E3002B0E6
S325080074C0BDEC048B10BD10B52DED048B0446B0EE609AF0EE418AB0EE618A01704270FFF7FE
S325080074E0B9FEA070B0EE490AFFF7F2FEE070B0EE680AFFF72BFF2071B0EE480AFFF764FF86
S325080075006071BDEC048B10BD38B504460D460B7803704B7843708878FFF7C8FE10EE103A8D
S32508007520C4F80230E878FFF7FFFE10EE103AC4F806302879FFF736FF10EE103AC4F80A30B8
S325080075406879FFF76DFF10EE103AC4F80E3038BD38B504460D460B7803704B784370D1F8E4
S32508007560023000EE103AFFF775FEA070D5F8063000EE103AFFF7ACFEE070D5F80A3000EEFA
S32508007580103AFFF7E3FE2071D5F80E3000EE103AFFF71AFF607138BD052A52D970B504464A
S325080075A00D4600210160818007222878FDF7B8FC06462070F82203216878FDF7B1FC064392
S325080075C02670072205216878FDF7B3FC06466070F8220321A878FDF7A3FC064366700722E0
S325080075E00521A878FDF7A5FC0646A070F8220321E878FDF795FC0643A67007220521E87815
S32508007600FDF797FC0646E070F82203212879FDF787FC0643E670072205212879FDF789FCDB
S3250800762006462071F82203216879FDF779FC06432671072205216879FDF77BFC6071062065
S3250800764070BD6FF015007047052A50D970B504460D46072200212878FDF77FFC2070F822A7
S3250800766003212878FDF779FC06466070072205216878FDF767FC06436670F82203216878F0
S32508007680FDF76BFC0646A07007220521A878FDF759FC0643A670F8220321A878FDF75DFC63
S325080076A00646E07007220521E878FDF74BFC0643E670F8220321E878FDF74FFC06462071DD
S325080076C0072205212879FDF73DFC06432671F82203212879FDF741FC064660710722052123
S325080076E06879FDF72FFC06436671002070BD6FF01500704707288CBF002001207047F3EE91
S32508007700097A30EE270A9FED127AC0EE077A9FED117AF4EEC77AF1EE10FA04DCF5EEC07A22
S32508007720F1EE10FA0FD49FED0B7AF4EEC77AF1EE10FA0ADC82B0FCEEE77ACDED017A9DF825
S32508007740040002B0704700207047FF20704700BFFBFAFA3E00007F4307EE900AF8EE677AFD
S325080077609FED040A67EE807AB3EE090A37EEC00A704700BFFBFAFA3E01207047F3EE097A90
S3250800778030EE270A9FED117AC0EE077A9FED107AF4EEC77AF1EE10FA04DCF5EEC07AF1EE48
S325080077A010FA0FD49FED0A7AF4EEC77AF1EE10FA0ADC82B0FCEEE77ACDED017A9DF8040081
S325080077C002B0704700207047FF207047FBFAFA3E00007F4307EE900AF8EE677A9FED040AA6
S325080077E067EE807AB3EE090A37EEC00A704700BFFBFAFA3E01207047F3EE097A30EE270A5B
S325080078009FED117AC0EE077A9FED107AF4EEC77AF1EE10FA04DCF5EEC07AF1EE10FA0FD429
S325080078209FED0A7AF4EEC77AF1EE10FA0ADC82B0FCEEE77ACDED017A9DF8040002B0704784
S3250800784000207047FF207047FBFAFA3E00007F4307EE900AF8EE677A9FED040A67EE807A3F
S32508007860B3EE090A37EEC00A704700BFFBFAFA3E01207047F3EE097A30EE270A9FED117A12
S32508007880C0EE077A9FED107AF4EEC77AF1EE10FA04DCF5EEC07AF1EE10FA0FD49FED0A7AB0
S325080078A0F4EEC77AF1EE10FA0ADC82B0FCEEE77ACDED017A9DF8040002B07047002070473D
S325080078C0FF207047FBFAFA3E00007F4307EE900AF8EE677A9FED040A67EE807AB3EE090AE2
S325080078E037EEC00A704700BFFBFAFA3E01207047F3EE097A30EE270A9FED117AC0EE077A17
S325080079009FED107AF4EEC77AF1EE10FA04DCF5EEC07AF1EE10FA0FD49FED0A7AF4EEC77A3B
S32508007920F1EE10FA0ADC82B0FCEEE77ACDED017A9DF8040002B0704700207047FF20704709
S32508007940FBFAFA3E00007F4307EE900AF8EE677A9FED040A67EE807AB3EE090A37EEC00A48
S32508007960704700BFFBFAFA3E0120704710B52DED048B82B00446F0EE609AB0EE419AF0EE65
S32508007980618AB0EE428A0170FCEEC07ACDED017A9DF80400FFF7E0FE10EE103AC4F8013018
S325080079A0FCEEE97ACDED017A9DF80400FFF712FF10EE103AC4F80530FCEEC97ACDED017AFC
S325080079C09DF80400FFF744FF10EE103AC4F80930FCEEE87ACDED017A9DF80400FFF776FF05
S325080079E010EE103AC4F80D30FCEEC87ACDED017A9DF80400FFF7A8FF10EE103AC4F811305C
S32508007A0002B0BDEC048B10BD10B52DED048B0446F0EE609AB0EE419AF0EE618AB0EE428A65
S32508007A200170FFF76CFE6070B0EE690AFFF7A6FEA070B0EE490AFFF7DFFEE070B0EE680AB8
S32508007A40FFF718FF2071B0EE480AFFF751FF6071BDEC048B10BD38B504460D460B780370EE
S32508007A604878FFF779FE10EE103AC4F80130A878FFF7B0FE10EE103AC4F80530E878FFF743
S32508007A80E7FE10EE103AC4F809302879FFF71EFF10EE103AC4F80D306879FFF755FF10EE98
S32508007AA0103AC4F8113038BD38B504460D460B780370D1F8013000EE103AFFF720FE6070E6
S32508007AC0D5F8053000EE103AFFF758FEA070D5F8093000EE103AFFF78FFEE070D5F80D30E7
S32508007AE000EE103AFFF7C6FE2071D5F8113000EE103AFFF7FDFE607138BD042A3AD970B592
S32508007B0004460D4600210160017101222878FDF707FA06462070FE220121B5F80100FDF74E
S32508007B2002FA06432670FF220721B5F80100FDF703FA607001220F21B5F80100FDF7FCF9BA
S32508007B400646A070FE220121B5F80300FDF7EBF90643A670FF220721B5F80300FDF7ECF9C0
S32508007B60E07001220F21B5F80300FDF7E5F92071052070BD6FF015007047042A3CD9F8B5D4
S32508007B8004460D46012200212878FDF7E6F92070FE2201212878FDF7E4F90646A4F8010057
S32508007BA0FF2207216878FDF7D1F90643B7B2A4F8016001220F21A878FDF7C8F90743A4F813
S32508007BC00170FE220121A878FDF7CBF90646A4F80300FF220721E878FDF7B8F90643B7B221
S32508007BE0A4F8036001220F212879FDF7AFF90743A4F803700020F8BD6FF015007047012866
S32508007C008CBF002001207047DFED127A30EE670A9FED117AC0EE077A9FED107AF4EEC77AAD
S32508007C20F1EE10FA04DCF5EEC07AF1EE10FA0CD49FED0A7AF4EEC77AF1EE10FA07DCFCEE9E
S32508007C40E77A17EE903A98B27047002070474FF6FF70704733333340E633B33700FF7F4702
S32508007C6007EE900AF8EE677A9FED040A67EE807A9FED030A37EE800A704700BFE633B337F6
S32508007C803333334001207047DFED127A30EE670A9FED117AC0EE077A9FED107AF4EEC77ABF
S32508007CA0F1EE10FA04DCF5EEC07AF1EE10FA0CD49FED0A7AF4EEC77AF1EE10FA07DCFCEE1E
S32508007CC0E77A17EE903A98B27047002070474FF6FF7070470AD7A33BDCAE473600FF7F4798
S32508007CE007EE900AF8EE677A9FED040A67EE807A9FED030A37EE800A704700BFDCAE473672
S32508007D000AD7A33B4FF6FF73C01A18BF0120704710B52DED028B0446B0EE608A037861F349
S32508007D2000030370BCEEC00A10EE103A98B2FFF797FF10EE103AC4F80130BCEEC88A18EEF6
S32508007D40103A98B2FFF7CCFF10EE103AC4F80530BDEC028B10BD10B52DED028B0446B0EE30
S32508007D60608A0170FFF750FFA4F80100B0EE480AFFF78AFFA4F80300BDEC028B10BD38B5BA
S32508007D8004460D460A78037862F300030370B1F80100FFF765FF10EE103AC4F80130B5F88A
S32508007DA00300FFF79DFF10EE103AC4F8053038BD38B504460D460B78C3F300030370D1F8F0
S32508007DC0013000EE103AFFF71FFFA4F80100D5F8053000EE103AFFF757FFA4F8030038BD61
S32508007DE0032A40F2CF80F8B505460E4600270760032239463078FDF793F8044628701C2202
S32508007E0002217078FDF78CF80443E4B22C7020220521B078FDF784F80443E4B22C7040227D
S32508007E200621F078FDF77CF80443E4B22C70802207213079FDF774F804432C70012239466C
S32508007E407079FDF76DF80446687002220121B079FDF766F80443E4B26C7004220221F07984
S32508007E60FDF75EF80443E4B26C7008220321307AFDF756F80443E4B26C7010220421707ABD
S32508007E80FDF74EF80443E4B26C7020220521B07AFDF746F80443E4B26C7040220621F07A71
S32508007EA0FDF73EF80443E4B26C7080220721307BFDF736F804436C7001223946707BFDF796
S32508007EC02FF80446A87002220121B07BFDF728F80443E4B2AC7004220221F07BFDF720F8CD
S32508007EE00443E4B2AC7008220321307CFDF718F80443E4B2AC7010220421707CFDF710F845
S32508007F000443E4B2AC7020220521B07CFDF708F80443E4B2AC7040220621F07CFDF700F8F8
S32508007F200443E4B2AC7080220721307DFCF7F8FF0443AC7001223946707DFCF7F1FF0446BA
S32508007F40E87002220121B07DFCF7EAFF0443E4B2EC7004220221F07DFCF7E2FF0443E4B2CC
S32508007F60EC7008220321307EFCF7DAFF0443E4B2EC7010220421707EFCF7D2FF0443EC70EA
S32508007F800420F8BD6FF015007047032A40F2A18038B504460D46032200212878FCF7DDFF10
S32508007FA020701C2202212878FCF7D7FF6070202205212878FCF7D1FFA07040220621287885
S32508007FC0FCF7CBFFE070802207212878FCF7C5FF2071012200216878FCF7BFFF607102220A
S32508007FE001216878FCF7B9FFA071042202216878FCF7B3FFE071082203216878FCF7ADFFC9
S325080080002072102204216878FCF7A7FF6072202205216878FCF7A1FFA072402206216878C8
S32508008020FCF79BFFE072802207216878FCF795FF207301220021A878FCF78FFF60730222B3
S325080080400121A878FCF789FFA07304220221A878FCF783FFE07308220321A878FCF77DFF34
S32508008060207410220421A878FCF777FF607420220521A878FCF771FFA07440220621A87802
S32508008080FCF76BFFE07480220721A878FCF765FF207501220021E878FCF75FFF607502225D
S325080080A00121E878FCF759FFA07504220221E878FCF753FFE07508220321E878FCF74DFFA0
S325080080C0207610220421E878FCF747FF6076002038BD6FF01500704703288CBF002001203F
S325080080E0704707288CBF00200120704701288CBF00200120704701288CBF00200120704771
S3250800810001288CBF00200120704701288CBF00200120704701288CBF0020012070470128E4
S325080081208CBF00200120704701288CBF00200120704701288CBF00200120704701288CBFA2
S3250800814000200120704701288CBF00200120704701288CBF00200120704701288CBF0020AD
S325080081600120704701288CBF00200120704701288CBF00200120704701288CBF002001208C
S32508008180704701288CBF00200120704701288CBF00200120704701288CBF002001207047D6
S325080081A001288CBF00200120704701288CBF00200120704701288CBF002001207047012844
S325080081C08CBF00200120704701288CBF00200120704701288CBF0020012070470170427053
S325080081E0827863F3000213469DF8002062F341039DF8042062F382039DF8082062F3C3030D
S325080082009DF80C2062F304139DF8102062F345139DF8142062F386139DF8182062F3C713FE
S325080082208370C3789DF81C2062F300039DF8202062F341039DF8242062F382039DF82820DB
S3250800824062F3C3039DF82C2062F304139DF8302062F345139DF8342062F386139DF8382052
S3250800826062F3C713C37003799DF83C2062F300039DF8402062F341039DF8442062F3820368
S325080082809DF8482062F3C3039DF84C2062F304139DF8502062F345139DF8542062F38613A2
S325080082A09DF8582062F3C713037170470170427083709DF80030C3709DF8043003719DF869
S325080082C0083043719DF80C3083719DF81030C3719DF8143003729DF8183043729DF81C3015
S325080082E083729DF82030C3729DF8243003739DF8283043739DF82C3083739DF83030C3734D
S325080083009DF8343003749DF8383043749DF83C3083749DF84030C3749DF8443003759DF8E1
S32508008320483043759DF84C3083759DF85030C3759DF8543003769DF85830437670470B7807
S3250800834003704B7843708A78837862F300038370CA78DBB262F3410383700A79DBB262F31E
S32508008360820383704A79DBB262F3C30383708A79DBB262F304138370CA79DBB262F34513AD
S3250800838083700A7ADBB262F3861383704A7ADBB262F3C71383708A7AC37862F30003C370AD
S325080083A0CA7ADBB262F34103C3700A7BDBB262F38203C3704A7BDBB262F3C303C3708A7B4E
S325080083C0DBB262F30413C370CA7BDBB262F34513C3700A7CDBB262F38613C3704A7CDBB22A
S325080083E062F3C713C3708A7C037962F300030371CA7CDBB262F3410303710A7DDBB262F376
S32508008400820303714A7DDBB262F3C30303718A7DDBB262F304130371CA7DDBB262F345137D
S3250800842003710A7EDBB262F3861303714A7EDBB262F3C713037170470B7803704B78437028
S325080084408B78C3F3000383708B78C3F34003C3708B78C3F3800303718B78C3F3C003437150
S325080084608B78C3F3001383718B78C3F34013C3718B78C3F3801303728B78C3F3C0134372EC
S32508008480CB78C3F300038372CB78C3F34003C372CB78C3F380030373CB78C3F3C003437308
S325080084A0CB78C3F300138373CB78C3F34013C373CB78C3F380130374CB78C3F3C0134374A4
S325080084C00B79C3F3000383740B79C3F34003C3740B79C3F3800303750B79C3F3C0034375BC
S325080084E00B79C3F3001383750B79C3F34013C3750B79C3F3801303760B79C3F3C013437658
S325080085007047022A28D970B505460E4600210180817007223078FCF703FD044628707822D2
S3250800852003217078FCF7FCFC0443E4B22C70802207217088FCF7F7FC04432C70FF220121EF
S325080085407088FCF7F9FC68707F2209217088FCF7F3FCA870032070BD6FF015007047022AF1
S3250800856026D9F8B504460D46072200212878FCF7F4FC2070782203212878FCF7EEFC60703C
S32508008580802207212878FCF7ECFC06466080FF2201216878FCF7DAFC0643B7B266807F2237
S325080085A00921A878FCF7D2FC074367800020F8BD6FF01500704707288CBF002001207047FF
S325080085C00F288CBF00200120704701207047017042704380704701704270438070470B787E
S325080085E003704B7843704B88438070470B7803704B7843704B8843807047B0F5A56F33D8BA
S32508008600B0F5A46F00F2928040F20923984217D8B0F5007F06D8102840F28A80002070471C
S3250800862001207047A0F2012080B2012303FA00F040F20D13184214BF012000207CD070479B
S3250800864040F21143984279D005D940F21153984208D000207047A0F2014080B201286FD9F0
S32508008660002070470120704740F22963984269D8B0F5C06F58D9A0F2016028285AD801A346
S3250800868053F820F02186000835870008218600082186000835870008358700083587000854
S325080086A03587000821860008358700083587000835870008358700083587000835870008A1
S325080086C0358700082186000835870008358700083587000835870008358700083587000881
S325080086E0358700082186000835870008358700083587000835870008358700083587000861
S32508008700358700082186000835870008358700083587000835870008358700083587000840
S325080087203587000821860008002070470120704701207047002070470020704701207047AB
S32508008740012070470020704730B40C4640F2092398424AD8B0F5007F37D8102800F2898264
S32508008760102800F28E82DFE810F0F301FB01070213021E023A01460152015E016A017601A6
S3250800878082018E019A01DB01E7012E01A0F21150172800F27282DFE810F0AD0070027002BB
S325080087A07002700270027002700270027002700270027002700270027002DF00D500CB0062
S325080087C0C100B700A30099008E00A0F20120082800F25582DFE810F008025302D300E600BE
S325080087E053025302530253024502B0F5A56F28D8B0F5A26FCAD840F20243984200F0B68048
S3250800880040F21143984206D1AB4B07CB20606160A2600B2058E040F2014398420FD1A74D81
S325080088200FCD20606160A260E36007CD20616161A2612A88AB78A283A3771E2044E0002018
S3250800884042E040F22963984200F21D82B0F5C06F2FD9A0F20160282800F20D82DFE810F058
S32508008860B0010B029900AB000B020B020B020B02BA010B020B020B020B020B020B020B029E
S32508008880CE010B020B020B020B020B020B020B02D9010B020B020B020B020B020B020B026B
S325080088A0E5010B020B020B020B020B020B020B02F201002008E0824D0FCD20606160A26080
S325080088C0E3602B882382112030BC70477D4D0FCD20606160A260E3602B8823821120F3E78C
S325080088E0794D0FCD20606160A260E3602B7823741020E9E7754D0FCD20606160A260E360E4
S325080089002B7823741020DFE7714D0FCD20606160A260E3602B7823741020D5E76D4D0FCD3D
S3250800892020606160A260E3602B8823821120CBE7694D0FCD20606160A260E3602B882382F8
S325080089401120C1E7654D0FCD20606160A260E3602B8823821120B7E7614D0FCD206061602A
S32508008960A260E3602B7823741020ADE75D4B07CB20606160A2601B7823730C20A4E75A4D62
S325080089800FCD20606160A260E3602B88238211209AE7564B07CB20606160A2601B7823737E
S325080089A00C2091E7524B07CB20606160A2601B88A3810D2088E74F4B03CB206061601B78B4
S325080089C02372082080E74C4D0FCD20606160A260E360286820612B792375142074E7474DFA
S325080089E00FCD20606160A260E360286820612B792375142068E7424D0FCD20606160A26089
S32508008A00E360286820612B79237514205CE73D4D0FCD20606160A260E360286820612B79A0
S32508008A202375142050E7384D0FCD20606160A260E360286820612B792375142044E7334D12
S32508008A400FCD20606160A260E360286820612B792375142038E72E4D0FCD20606160A2606C
S32508008A60E360286820612B79237514202CE7294D0FCD20606160A260E360286820612B7984
S32508008A802375142020E7244D0FCD20606160A260E360286820612B792375142014E71F4D3A
S32508008AA00FCD20606160A260E360286820612B792375142008E700BFF8E9010860EC0108D8
S32508008AC044E9010858E901086CE9010880E9010894E90108A8E90108BCE90108D0E90108A8
S32508008AE0E4E90108FCEB010804EA010818EA010828EA010838EA010844EA01085CEA0108D4
S32508008B0074EA01088CEA0108A4EA0108BCEA0108D4EA0108ECEA010804EB01081CEB01086D
S32508008B205A4D0FCD20606160A260E360286820612B7923751420C7E6554D0FCD2060616031
S32508008B40A260E360286820612B7923751420BBE6504D0FCD20606160A260E3600F20B3E6D9
S32508008B604D4D0FCD20606160A260E3602A88AB782282A3741220A7E6484D0FCD20606160EA
S32508008B80A260E3602A88AB782282A37412209BE6434D0FCD20606160A260E36003CD2061FC
S32508008BA06161172090E63F4D0FCD20606160A260E36003CD206161612B782376182083E65A
S32508008BC0394D0FCD20606160A260E36028682061132079E6354D0FCD20606160A260E36018
S32508008BE02B88238211206FE6314D0FCD20606160A260E3602B782374102065E62D4D0FCD9E
S32508008C0020606160A260E36003CD2061616117205AE6294D0FCD20606160A260E36007CD8A
S32508008C2020616161A2611B204EE6244D0FCD20606160A260E3600FCD20616161A261E36138
S32508008C401F2041E61E4D0FCD20606160A260E36003CD206161612A88AB782283A3761A20F3
S32508008C6032E6184D0FCD20606160A260E3600F202AE6002028E6002026E6002024E6002024
S32508008C8022E6002020E600201EE600BF34EB01084CEB010864EB010874EB010888EB010811
S32508008CA09CEB0108B4EB0108D0EB0108E4EB0108F8EB01080CEC010824EC010840EC010897
S32508008CC080EC01089CEC010840F20923984257D8B0F5007F3FD8102800F20B8110284CD8CC
S32508008CE0DFE810F0ED00EF00F100F300F5001001D900DB00DD00DF00E100E300E500E700D9
S32508008D00E900EB0049000C2070474FF0FF307047A0F2115017281BD8DFE810F0B1001A0069
S32508008D201A001A001A001A001A001A001A001A001A001A001A001A001A001A00BB00B90045
S32508008D40B700B500B300AF00F0001800002070474FF0FF307047A0F20120082808D8DFE8A9
S32508008D6000F0BC0705CF07070707C6000B2070474FF0FF3070470F2070474FF0FF3070476A
S32508008D80B0F5A56F14D8B0F5A26FC1D840F20243984200F0B98040F21143984201D10920FC
S32508008DA0704740F20143984240F0B0802620704740F22963984200F2AC80B0F5C06F59D985
S32508008DC0A0F201602828A0D801A353F820F000BFD38E00080B8D0008078D0008F98E0008D8
S32508008DE00B8D00080B8D00080B8D00080B8D0008D78E00080B8D00080B8D00080B8D000898
S32508008E000B8D00080B8D00080B8D00080B8D0008DF8E00080B8D00080B8D00080B8D00086F
S32508008E200B8D00080B8D00080B8D00080B8D0008E38E00080B8D00080B8D00080B8D00084B
S32508008E400B8D00080B8D00080B8D00080B8D0008E78E00080B8D00080B8D00080B8D000827
S32508008E600B8D00080B8D00080B8D00080B8D0008EB8E00084FF0FF307047022070470320C2
S32508008E807047042070470520704706207047072070470820704711207047122070471320B8
S32508008EA070471420704715207047162070471720704718207047192070471A2070471B2030
S32508008EC070471C2070471D2070471E2070471F2070472020704721207047222070472320D0
S32508008EE07047242070472520704727207047282070474FF0FF3070470E20704701207047D7
S32508008F000D207047102070470A2070474FF0FF3070474FF0FF30704728287DD8DFE800F0F1
S32508008F20157F181B1E2124272A2D303336393C3F41434547494B4D4F51535557595B5D5F2E
S32508008F406164676A6D70737679004FF4A560704740F22650704740F21150704740F22550DF
S32508008F60704740F22450704740F22350704740F22250704740F22150704740F21140704784
S32508008F8040F20240704740F20320704740F2036070474FF40170704740F204607047102058
S32508008FA0704705207047062070470720704708207047092070470A2070470B2070470C20A7
S32508008FC070470D2070470E2070470F20704700207047012070470220704703207047042097
S32508008FE0704740F20160704740F20960704740F20120704740F21160704740F2196070474A
S3250800900040F22160704740F20140704740F22960704740F2092070474FF0FF30704740F2D3
S325080090202750704738B504461546102914D8102971D8DFE811F0D501EA01F90108021D020F
S3250800904030013F014E015D016C017B018A019901A801B701C6011B0140F2296399425AD8C7
S32508009060B1F5C06F2ED9A1F20161282953D8DFE811F0140252008500D50052005200520015
S325080090805200280252005200520052005200520052005202520052005200520052005200C8
S325080090A052007A025200520052005200520052005200A20252005200520052005200520006
S325080090C05200F20240F20923994211D8B1F5007F21D9A1F2012108291DD8DFE811F007024F
S325080090E01C00270077001C001C001C001C00D10240F20143994200F0868240F202439942CA
S3250800910009D1C3681C2B07D904222946A068FCF71CF8A368236038BD806813F06BFA1D2061
S3250800912013F060FAA0601D23E360EDE7E368062B10D907222946A068FCF76FFBA36823607D
S3250800914023690C2B10D9A1686068FCF7C4FC63682360E0E7A06813F04DFA072013F042FA04
S32508009160A0600723E360E4E7606813F043FA0D2013F038FA60600D232361E4E7E368052B85
S3250800918010D906222946A068FCF739FDA36823602369112B10D9A1686068FCF7E7FE63685D
S325080091A02360B8E7A06813F025FA062013F01AFAA0600623E360E4E7606813F01BFA1220CF
S325080091C013F010FA606012232361E4E7E368062B10D907222946A068FCF768FFA368236043
S325080091E023690C2B10D9A1686068FDF7A4F86368236090E7A06813F0FDF9072013F0F2F979
S32508009200A0600723E360E4E7606813F0F3F90D2013F0E8F960600D232361E4E7E368072B84
S3250800922010D908222946A068FDF71DF9A368236023690D2B10D9A1686068FDF75FFA636868
S32508009240236068E7A06813F0D5F9082013F0CAF9A0600823E360E4E7606813F0CBF90E2071
S3250800926013F0C0F960600E232361E4E7C368042B07D905222946A068FDF7A5FAA3682360EB
S3250800928049E7806813F0B6F9052013F0ABF9A0600523E360EDE7C36813B1A36823603AE74D
S325080092A0806813F0A7F9012013F09CF9A0600123E360F2E7C36813B1A36823602BE78068A5
S325080092C013F098F9012013F08DF9A0600123E360F2E7C36813B1A36823601CE7806813F097
S325080092E089F9012013F07EF9A0600123E360F2E7C36813B1A36823600DE7806813F07AF934
S32508009300012013F06FF9A0600123E360F2E7C36813B1A3682360FEE6806813F06BF90120A2
S3250800932013F060F9A0600123E360F2E7C36813B1A3682360EFE6806813F05CF9012013F0CD
S3250800934051F9A0600123E360F2E7C36813B1A3682360E0E6806813F04DF9012013F042F9A2
S32508009360A0600123E360F2E7C36813B1A3682360D1E6806813F03EF9012013F033F9A060F9
S325080093800123E360F2E7C36813B1A3682360C2E6806813F02FF9012013F024F9A0600123E2
S325080093A0E360F2E7C36813B1A3682360B3E6806813F020F9012013F015F9A0600123E360D0
S325080093C0F2E7C36813B1A3682360A4E6806813F011F9012013F006F9A0600123E360F2E747
S325080093E0C368022B07D902222946A068FDF789FAA36823608FE6806813F0FCF8032013F00D
S32508009400F1F8A0600323E360EDE7C36813B1A368236080E6806813F0EDF8012013F0E2F867
S32508009420A0600123E360F2E7C36813B1A368236071E6806813F0DEF8012013F0D3F8A0605A
S325080094400123E360F2E7C368012B07D901222946A068FDF7C7FAA36823605CE6806813F07D
S32508009460C9F8022013F0BEF8A0600223E360EDE7C368012B07D901222946A068FDF701FB45
S32508009480A368236047E6806813F0B4F8022013F0A9F8A0600223E360EDE7E3683BB1012210
S325080094A02946A068FDF734FBA368236033E6A06813F0A0F8012013F095F8A0600123E360A2
S325080094C0EDE7E368082B07D908222946A068FDF792FBA36823601EE6A06813F08BF80920E1
S325080094E013F080F8A0600923E360EDE7E368012B07D901222946A068FDF71CFCA368236015
S3250800950009E6A06813F076F8022013F06BF8A0600223E360EDE7E368072B10D90722294613
S32508009520A068FDF776FCA368236023690D2B10D9A1686068FDF79CFD63682360EBE5A068F0
S3250800954013F058F8082013F04DF8A0600823E360E4E7606813F04EF80E2013F043F86060C4
S325080095600E232361E4E7E368052B10D906222946A068FDF70FFEA36823602369112B10D91A
S32508009580A1686068FDF7C0FF63682360C3E5A06813F030F8062013F025F8A0600623E3605E
S325080095A0E4E7606813F026F8122013F01BF8606012232361E4E7E368052B10D90622294662
S325080095C0A068FEF741F8A36823602369142B10D9A1686068FEF73FFA636823609BE5A06830
S325080095E013F008F8062012F0FDFFA0600623E360E4E7606812F0FEFF152012F0F3FF60604F
S3250800960015232361E4E7C368042B10D905222946A068FEF7B2FAA36823602369082B10D9FD
S32508009620A1686068FEF7ABFB6368236073E5806812F0E0FF052012F0D5FFA0600523E360DB
S32508009640E4E7606812F0D6FF092012F0CBFF606009232361E4E7E368192B07D9042229465E
S32508009660A068FEF792FCA368236054E5A06812F0C1FF1A2012F0B6FFA0601A23E360EDE77B
S32508009680E368032B07D903222946A068FEF767FFA36823603FE5A06812F0ACFF042012F0DF
S325080096A0A1FFA0600423E360EDE710B588B01446102915D8102900F27881DFE811F0EC0069
S325080096C0F600FC0002010C01AA00B000B600BC00C200C800CE00D400DA00E000E600A00042
S325080096E040F22963994200F26381B1F5C06F2FD9A1F20161282900F25281DFE811F0F60047
S32508009700500162007600500150015001500100015001500150015001500150015001140181
S3250800972050015001500150015001500150011E015001500150015001500150015001280165
S3250800974050015001500150015001500150013C0140F20923994216D8B1F5007F0FD9A1F2C0
S325080097600121082900F21E81DFE811F0D3001C01210035001C011C011C011C010F014FF026
S32508009780FF3008B010BD40F20143994200F0E98040F20243994240F00E8101466846FBF765
S325080097A073FF042269462046FBF7E2FBE9E701466846FCF7AEF9072269462046FBF7D5FFBC
S325080097C0DFE701466846FCF7F5FB062269462046FCF7BDF9D5E701466846FCF7CAFD072263
S325080097E069462046FCF70AFCCBE701466846FCF7A2FF082269462046FCF7D9FDC1E701461B
S325080098006846FDF724F8052269462046FCF7B0FFB7E7002201462046FDF720F8B1E700226B
S3250800982001462046FDF71EF8ABE7002201462046FDF71CF8A5E7002201462046FDF71AF899
S325080098409FE7002201462046FDF718F899E7002201462046FDF716F893E700220146204607
S32508009860FDF714F88DE7002201462046FDF712F887E7002201462046FDF710F881E70022D6
S3250800988001462046FDF70EF87BE7002201462046FDF70CF875E701466846FDF77AF802220F
S325080098A069462046FDF706F86BE7002201462046FDF778F865E7002201462046FDF776F891
S325080098C05FE701466846FDF7BDF8012269462046FDF770F855E701466846FDF702F90122BF
S325080098E069462046FDF7B5F84BE701466846FDF72AF9012269462046FDF7FAF841E70146D9
S325080099006846FDF7F4F9082269462046FDF71EF937E701466846FDF737FA012269462046F0
S32508009920FDF7F0F92DE701466846FDF7BEFB072269462046FDF72DFA23E701466846FDF73A
S3250800994007FE062269462046FDF7CCFB19E701466846FEF7A9F8062269462046FDF71CFE26
S325080099600FE701466846FEF723FA052269462046FEF7C3F805E701466846FEF75DFD04229A
S3250800998069462046FEF72CFAFBE601466846FEF72DFE032269462046FEF7B3FDF1E64FF09E
S325080099A0FF30EEE64FF0FF30EBE64FF0FF30E8E64FF0FF30E5E64FF0FF30E2E608B50E4899
S325080099C00E4B03600523436000238360C3604FF4402202614FF480124261037601224276F5
S325080099E08376C2760377437701F00FFB00B908BD00F016FFFBE700BFD4030020006400403A
S32508009A0010B588B00023039304930593069307930268254B9A4201D008B010BD03F5D63313
S32508009A209A6D42F000729A659A6D02F000720192019ADA6C42F00102DA64DB6C03F00103DE
S32508009A400293029B4FF4C05303930223049300240594032306930923079303A94FF0904021
S32508009A6002F0F6FB22462146132001F0D7FF132002F008F822462146142001F0CFFF142011
S32508009A8002F000F822462146152001F0C7FF152001F0F8FF22462146162001F0BFFF16200C
S32508009AA001F0F0FFB8E700BF0064004008B502680D4B9A4200D008BD0C4A936D23F00073EA
S32508009AC093654FF4C0514FF0904002F085FC132001F0E6FF142001F0E3FF152001F0E0FF95
S32508009AE0162001F0DDFFE6E7006400400010024070B504460E4601F0C1F90546204601F082
S32508009B0007FD30B901F0BAF9401BB042F6D9032000E0002070BD70B504460E4615460321F8
S32508009B20FFF7E6FF90B9002332462946204601F053FC28B1064A138843F00103138006E0CF
S32508009B40034A138823F00103138000E0032070BDFC03002030B58BB06C46124D0FCD0FC436
S32508009B600FCD0FC495E8030084E803000E4C6946204601F0F1FA01230593002301930093E8
S32508009B804FF47873029303936946204601F0E4FA48F60301204601F0B0FD204601F05BFB87
S32508009BA00BB030BDD0E40108D403002010B52DED028B94B00E9000230F931093119312933C
S32508009BC08DF84C300C930D9340F20243984243D040F20363984200F02B8140F20323984293
S32508009BE000F0288140F20463984200F09981B0F5017F00F0A58140F20963984240F0D68008
S32508009C000023019302938DF80C3007228DF811207E228DF8122008228DF8132068228DF802
S32508009C201420C04A12788DF8102001228DF815208DF816308DF817308DF8183004A901A802
S32508009C40FDF755F8082201A90CA8FCF77FFF0028C0F2AC801290A4E01D22002104A812F082
S32508009C60D1FC00230193CDF80730AE4A12788DF804208DF80730FBF727F80238C0B2012889
S32508009C8040F2988000238DF80730A74B1A889DF8053062F30003C2F3400161F34103C2F394
S32508009CA000209DF8061060F300018DF80610C2F3800161F38203C2F3C00161F3C303C2F388
S32508009CC0001161F30413C2F3401161F34513C2F3801161F38613C2F3C01262F3C7138DF8DA
S32508009CE00530924B5A689DF8083062F30003C2F3400161F34103C2F3800161F38203C2F30B
S32508009D00C00161F3C303C2F3001161F30413C2F3401161F34513C2F3801161F38613C2F38F
S32508009D20C01161F3C7138DF80830C2F300219DF8093061F30003C2F3402161F34103C2F3FB
S32508009D40802161F38203C2F3C02161F3C303C2F3003161F30413C2F3403161F34513C2F3F3
S32508009D60803161F38613C2F3C03161F3C7138DF80930C2F300419DF80A3061F30003C2F3D4
S32508009D80404262F341038DF80A3001A904A8FBF77BFC042204A90CA8FBF7EAF8002805DBB9
S32508009DA012900EAA0CA96248FFF7B5FE14B0BDEC028B10BD01238DF8073066E70434232CB8
S32508009DC0F4D800230193ADF80830564B1B788DF810308DF81140574B03EB84021268CDF8F1
S32508009DE01220621C03EB82021268CDF81620A21C03EB82021268CDF81A20E21C03EB8203A4
S32508009E001B68CDF81E3004A901A8FCF7D3F8062201A90CA8FBF79BFE0028CFDB12900EAA4D
S32508009E200CA94348FFF777FE012001F04BF8C5E70024C4E700230193CDF8073004930593B7
S32508009E4006938DF81C30374B1B788DF8103011F00BFB10EE103ACDF8113011F0FFFA10EE63
S32508009E60103ACDF8153011F0F3FA10EE103ACDF8193004A901A8FBF74CFE072201A90CA823
S32508009E80FBF773FC002891DB12908AE70334112C8CD8002301930293224B1B788DF81030C3
S32508009EA08DF81140244B33F8142007EE102AB8EE477ADFED227A87EE277A17EE102ACDF8D8
S32508009EC01220621C33F8122007EE102AB8EE477A87EE277A17EE102ACDF81620A21C33F898
S32508009EE0123007EE103AB8EE477AC7EE277A17EE903ACDF81A3004A901A8FCF71CFC0822AD
S32508009F0001A90CA8FCF753FA0028BFDB12900EAA0CA90748FFF7FFFD012000F0D3FFB5E704
S32508009F200024B4E778020020FC03002000000020D4030020880200202003002000401C46F5
S32508009F4000230193CDF807300493059306938DF81C301A4B1B788DF8103011F037FD07EEC0
S32508009F60900AF8EE677A9FED168AC7EE887A17EE903ACDF8113011F039FD07EE900AF8EE0E
S32508009F80677AC7EE887A17EE903ACDF8153011F03DFDC0EE087A17EE903ACDF8193004A94D
S32508009FA001A8FCF7E6F9072201A90CA8FCF726F80028FFF6FBAE1290F3E600BF78020020E6
S32508009FC000401C4610B58EB0044600210791089109910A910B910C910D910591069105AB49
S32508009FE007AA01F0D7FA30B92268314B1B689A4207D00EB010BD2F4A138843F00103138052
S3250800A000F7E72C4A138823F001031380079B102B19D0002BEDD1FAF757FE0128E9D102229D
S3250800A02005A901A8FCF76DFC00283BDB01A903A8FCF7A5FC9DF80D201F4B1B789A42D8D1F4
S3250800A04001F040FDD5E7002301938DF8083003938DF81030052205A901A8FCF7B4FB0028F1
S3250800A06015DB01A903A8FCF7EBFBBDF80E20134B9A81BDF80C20DA819DF810306BB1012BFF
S3250800A080B7D10F4B01221A7002225A70B1E7094A138843F001031380ABE7094B01221A7052
S3250800A0A05A70A6E7034A138843F001031380A0E7D4030020FC030020780200200000002032
S3250800A0C010000020022908D004290AD0012900D07047064B00221A707047044B00225A7098
S3250800A0E07047024B00229A70F2E700BF7002002008B5436A13F4C05F03D01B4A1378013371
S3250800A1001370436A13F4C04F03D0174A537801335370436A13F4C03F03D0134A93780133D3
S3250800A1209370114B1B78DBB10F4B00221A7001210D4B5B7823B141F002010B4B00225A70F6
S3250800A140094B9B7823B141F00401074B00225A70436A13F0C00F05D109B101F0B3F908BDD1
S3250800A1600021E5E70721F8E77002002008B50121FFF7A8FF08BD08B50221FFF7A3FF08BDCD
S3250800A18008B50421FFF79EFF08BD00BFF0B589B00024039404940594069407942D4BDA6CFB
S3250800A1A042F00402DA64DA6C02F004020092009ADA6C42F00102DA64DA6C02F0010201922A
S3250800A1C0019ADA6C42F00202DA64DB6C03F002030293029B204F22464FF44041384602F0A0
S3250800A1E07AF91E4E22460321304602F074F922464FF400414FF0904002F06DF94FF44043F8
S3250800A2000393012504950594069403A9384602F01FF84FF4877303930494059403A94FF086
S3250800A220904002F015F80323039304950594069403A9304602F00CF84FF4004303930495EC
S3250800A2400594069403A94FF0904002F001F809B0F0BD00BF00100240000800480004004804
S3250800A26008B51248124B0360124B4360002383600122C260036143618361C361036202F047
S3250800A28011FC50B90021094805F0EEFA40B90021064805F017FB30B908BD00F0C1FAF1E7AB
S3250800A2A000F0BEFAF3E700F0BBFAF5E70004002000540040EC9C901010B59CB00446002131
S3250800A2C01791189119911A911B91542202A812F099F922681C4B9A4201D01CB010BD4023D0
S3250800A2E0029300230D9302A806F030FF48BB174CE36C43F00203E364E36C03F0020300931B
S3250800A300009BC0231793122318930123199303231A9304231B9317A90D4801F099FFA36D01
S3250800A32043F40013A365A36D03F400130193019B00221146202001F071FB202001F0A2FB8F
S3250800A340CBE700F06DFAD2E700540040001002400004004802680B4B9A4200D0704710B513
S3250800A360094A936D23F400139365084C4021204602F032F88021204602F02EF8202001F0D3
S3250800A3808FFB10BD00540040001002400004004808B500220121024802F09DF808BD00BFD0
S3250800A3A00004004808B501221146024802F093F808BD00BF0004004810B582B00446FF2312
S3250800A3C08DF80730FFF7E4FF01231A460DF10701204608F000F82046FFF7E4FF02B010BD3C
S3250800A3E030B400241022A0420BDD0B5D83EAD213DBB2064D35F9133083EA022292B2013436
S3250800A400F1E7500080B230BC704700BFF8E4010810B582B0044607238DF8043011238DF8B0
S3250800A420053001A90220FFF7DBFFC0F307238DF806308DF807002046FFF7AAFF6423042267
S3250800A4400DEB0201204607F0C6FF2046FFF7AAFF02B010BD10B582B0044603238DF804302D
S3250800A46060238DF8053001A90220FFF7B9FFC0F307238DF806308DF807002046FFF79CFFFC
S3250800A4802046FFF7C5FF2046FFF782FF642304220DEB0201204607F09EFF2046FFF782FF32
S3250800A4A002B010BD10B582B0044603238DF8043041F028018DF8051001A90220FFF790FFAA
S3250800A4C0C0F307238DF806308DF807002046FFF773FF2046FFF75CFF642304220DEB02011D
S3250800A4E0204607F078FF2046FFF75CFF02B010BD70B582B004460E4607238DF80430142335
S3250800A5008DF8053001A90220FFF76AFFC0F307238DF806308DF807002046FFF74DFF204616
S3250800A520FFF736FF642304220DEB0201204607F052FF00F0A3FC0546002301930A230422A8
S3250800A5400DEB0201204608F0B1F9019B23B900F095FC401BB042F1D32046FFF723FF019BC6
S3250800A56013B1002002B070BD0320FBE730B583B0044615460023019309BB01238DF80530EF
S3250800A58001A90220FFF72CFFC0F307238DF806308DF807002046FFF7FBFE642304220DEBA2
S3250800A5A00201204607F017FF642308222946204607F011FF2046FFF7F5FE03B030BD012971
S3250800A5C0DED124238DF80530DAE730B583B0044615460023019309BB01238DF8053001A93C
S3250800A5E00220FFF7FDFEC0F307238DF806308DF807002046FFF7CCFE642304220DEB020148
S3250800A600204607F0E8FE642308222946204607F0E2FE2046FFF7C6FE03B030BD0129DED1F3
S3250800A62024238DF80530DAE72DE9F04184B0054688460023019302938DF80C300A21FFF788
S3250800A64057FF032802D0002427462DE03A4A138843F00203138000206AE0374A138843F058
S3250800A66002031380002063E0344B00221A60324A138823F00203138001E00136F6B2022E04
S3250800A68010D804EB440313FA86F39BB201AA32F816204FF6FF718A42EFD028F813200137E5
S3250800A6A0FFB2EAE70134E4B2052C40D8244B1B5D8DF80D3003A90220FFF792FEC0F307231C
S3250800A6C08DF80E308DF80F002846FFF775FE2846FFF75EFE0A23042203A9284607F07BFEA1
S3250800A6E006460028B9D16423082201A9284608F0DDF82846FFF756FE01A90620FFF770FECC
S3250800A7009DF80A209DF80B3043EA02239842ABD00A4A136801331360042BC3D91346002239
S3250800A7201A60054A138843F002031380BAE7384604B0BDE8F08100BFFC030020740200207F
S3250800A740F8E6010870B50D461646002307E0224A02EB430212892C7914432C710133112BE4
S3250800A76029D801249C400442F8D0072BEFD9A3F10802032A0FD9A3F10C02032A13D9A3F1BF
S3250800A7801002012AEAD8144A02EB4302118972780A437270E2E7104A02EB430211896A7997
S3250800A7A00A436A71DAE70C4A02EB4302118932780A433270D2E729460620FFF711FEC0F3E1
S3250800A7C00723AB71E87131460620FFF709FEC0F30723B371F07170BDF8E6010830B585B0A2
S3250800A7E0044608460025029503950095019502238DF8083012018DF80D206A4602A9FFF73C
S3250800A800A1FF2046FFF7D8FD02AA29462046FFF7ADFE6A4601212046FFF7A8FE05B030BDC1
S3250800A82008B572B601F04EF9FEE700B597B04422002105A811F0E6FE002300930193029314
S3250800A840039304934FF4007005F0F6F930BB012205924FF4A023069302230F930321109156
S3250800A8601192282212920722139214930423159305A805F053FE98B90F2300930323019332
S3250800A88000230293039304930421684606F086F940B906F005FB17B05DF804FBFFF7C0FFBE
S3250800A8A0FFF7BEFFFFF7BCFF08B500F0CDFAFFF7BCFFFFF76BFCFFF781F8FFF7D1FC00F082
S3250800A8C099F900F0BDF910F089FF10F0D3FD10F039FE10F0A9FE02214FF0904001F0F4FDE8
S3250800A8E044B204214FF0904001F0EEFD44EA400464B208214FF0904001F0E6FD44EA8003FF
S3250800A900DBB2144A1370072B20D010F0EBFF10F06FFCDFED110AB7EE000A10F09DFCFFF71F
S3250800A92019F90E4800F01CF8FAF746FA00F0A6FAFAF778FA02464FF400414FF0904001F0AD
S3250800A940CAFD00F079F8FAF7B5F9EFE7134605221A70DAE7780200200000704268050020A8
S3250800A96010B52DED028B044610F020FF2268936A0133B0FBF3F307EE903AF8EE677AB0EE84
S3250800A980087A67EE877A9FED298A87EE887ABCEEC77A82ED0D7A204610F008FF2268936A46
S3250800A9A00133B0FBF3F307EE903AF8EE677AB2EE007A67EE877A87EE887ABCEEC77A82EDFD
S3250800A9C00E7A204610F0F2FE2268936A0133B0FBF3F307EE903AF8EE677A9FED157A67EE49
S3250800A9E0877A87EE887ABCEEC77A82ED0F7A23686FF002021A6123686FF004021A6123688F
S3250800AA006FF008021A61002120460AF0B5FF042120460AF0B1FF082120460AF0ADFF054B55
S3250800AA2000221A70BDEC028B10BD00BF00007A44000048434C04002008B52D4B1B7813F016
S3250800AA40010F09D02B4B1878B8B110F06FFF284A137823F001031370254B1B7813F0020F74
S3250800AA6028D0244B187858B110F06CFF214B1B78042B0FD110F076FF0CE010F045FFE6E7DD
S3250800AA8010F04AFF40F20460FFF790F84FF40170FFF78CF817490A780132174B83FB020323
S3250800AAA05B1003EB8303D31A0B70114A137823F0020313700E4B1B7813F0040F00D108BD28
S3250800AAC010F088FC40F20360FFF770F840F20320FFF76CF840F20240FFF768F840F20960DD
S3250800AAE0FFF764F8024A137823F004031370E6E74C040020840200206766666638B52DEDFF
S3250800AB00028B044603685D6A037F022B0CD0042B46D0012B02D0BDEC028B38BD324A13781E
S3250800AB2043F001031370F6E710F040FE2268936A0133B0FBF3F307EE903AF8EE677AB0EEC2
S3250800AB40087A67EE877A9FED298A87EE887AFCEEC77A17EE903A2B445363204610F026FEB0
S3250800AB602268936A0133B0FBF3F007EE900AB8EE677A1F4B1B78083307EE903AF8EEE77A2A
S3250800AB8067EE877A87EE887ABCEEC77A17EE103A2B449363144A137843F002031370BAE7F6
S3250800ABA010F004FE2268936A0133B0FBF3F007EE900AB8EE677A0E4B1B78C83307EE903A80
S3250800ABC0F8EEE77A67EE877ADFED086A87EEA67ABCEEC77A17EE103A2B44D363024A137841
S3250800ABE043F00403137096E74C04002000007A447802002008B51048104B03604FF482733A
S3250800AC004360002383604FF4E062C260036143614FF4007282613022C261036243628362D2
S3250800AC200722C26203630823436307F04EFB00B908BDFFF7F5FDFBE7B404002000300140B1
S3250800AC4008B51048104B03604FF482734360002383604FF4E062C260036143614FF480229E
S3250800AC6082613022C2610362436283620722C26203630823436307F028FB00B908BDFFF76D
S3250800AC80CFFDFBE750040020003C0040F0B58BB00023059306930793089309930368304A1E
S3250800ACA0934204D02F4A934224D00BB0F0BD2E4B1A6E42F480521A661A6E02F480520092C8
S3250800ACC0009ADA6C42F00102DA64DB6C03F001030193019BE023059302230693002307938F
S3250800ACE0032308930523099305A94FF0904001F0AFFADAE71C4B9A6D42F400429A659A6DBD
S3250800AD0002F400420292029ADA6C42F00102DA64DA6C02F001020392039ADA6C42F002021B
S3250800AD20DA64DB6C03F002030493049B102305930227069700260796032508950624099472
S3250800AD4005A94FF0904001F083FA38230593069707960895099405A9044801F079FAA4E76A
S3250800AD6000300140003C0040001002400004004808B50368114A934203D0114A93420CD003
S3250800AD8008BD02F56042136E23F480531366E0214FF0904001F020FBF2E702F5EA32936D5B
S3250800ADA023F40043936510214FF0904001F014FB3821044801F010FBE2E700BF0030014059
S3250800ADC0003C0040000400487047704710B50A4B4FF0FF329A63DA6300249C63DC631A648B
S3250800ADE01C649A629C62DA62DC621A631C63FFF7ECFF204610BD00BF00100240104B1B7842
S3250800AE000BB90120704710B504464FF47A70B0FBF3F30C4A1068B0FBF3F000F065FE68B9EB
S3250800AE200F2C01D901200AE0002221464FF0FF3000F0F4FD024B5C60002000E0012010BD15
S3250800AE40240000202C00002010B5032000F0D4FD0020FFF7D3FF10B10124204610BD044660
S3250800AE6004F0DCFDF9E7034B1B78034A11680B44136070472400002018050020014B1868AA
S3250800AE80704700BF18050020014B5868704700BF2400002010B5074B1C78844201D10020C8
S3250800AEA010BD18705868FFF7A9FF0028F8D0014B1C70F5E724000020014B1878704700BF97
S3250800AEC02400002038B50446FFF7D8FF0546B4F1FF3F02D0044B1B781C44FFF7CFFF401BBB
S3250800AEE0A042FAD338BD00BF24000020024A136823F002031360704710E000E0024A1368FD
S3250800AF0043F002031360704710E000E00048704700020D01014B1868000C7047002004E04F
S3250800AF20024B1868C0F30B00704700BF002004E0014B1868704700BF9075FF1F014B1868CD
S3250800AF40704700BF9475FF1F014B1868704700BF9875FF1F024A536843F001035360704731
S3250800AF60002004E0024A536823F0010353607047002004E0024A536843F00203536070478A
S3250800AF80002004E0024A536823F0020353607047002004E0024A536843F004035360704767
S3250800AFA0002004E0024A536823F0040353607047002004E0054BCA225A6253225A62A3F133
S3250800AFC0FD23A3F5600301221A60704700000140014B01221A60704720002042014B002223
S3250800AFE01A60704720002042024A536843F480735360704700000140024A536823F48073A3
S3250800B00053607047000001407047002800F0A18038B5044690F82030D3B12268136843F0BC
S3250800B02001031360FFF72AFF054623685A6812F0010F10D1FFF722FF401B0A28F5D9636AA2
S3250800B04043F400336362052384F82030012038BDFEF7D6FCE1E71A6822F002021A60FFF712
S3250800B0600DFF054623685A6812F0020F0DD0FFF705FF401B0A28F5D9636A43F400336362DD
S3250800B080052384F820300120E1E7227E012A3DD01A6822F080021A60637E012B3BD02268BB
S3250800B0A0136823F040031360A37E012B39D02268136823F020031360E37E012B37D022681C
S3250800B0C0136843F010031360237F012B35D02268136823F008031360637F012B33D022682A
S3250800B0E0136823F004031360A368E268134322691343626913436268013A21681343CB617D
S3250800B10000206062012384F82030A0E71A6842F080021A60C0E72268136843F04003136083
S3250800B120C2E72268136843F020031360C4E72268136823F010031360C6E72268136843F05C
S3250800B14008031360C8E72268136843F004031360CAE7012070477047026890F82030013B44
S3250800B160DBB2012B05D9436A43F4802343620120704770B4D2F8003243F00103C2F80032E3
S3250800B1804B6903F01F03012000FA03F3D2F81C02DC4320EA0300C2F81C02C869A8B9D2F87F
S3250800B1A00C022040C2F80C02CE688D88486945EA0645483042F830508E680D88486945EA38
S3250800B1C00645483002EBC0004560C869012819D0886970BBD2F804022040C2F8040208698C
S3250800B1E068BBD2F814020440C2F81442096A01292BD0D2F8003223F00103C2F80032002033
S3250800B20070BC7047D2F80C021843C2F80C020E688D88486945EA0645483042F830508E6864
S3250800B2208D89486945EA0645483002EBC0004560CEE7D2F804021843C2F80402CFE7D2F8D5
S3250800B24014021843C2F81402D0E7D2F81C120B43C2F81C32CDE770B5044690F82050EDB2E0
S3250800B260012D06D0436A43F4002343620125284670BD022380F820300268136823F0010366
S3250800B2801360FFF7FBFD064623685B6813F0010F0CD0FFF7F3FD831B0A2BF5D9636A43F42B
S3250800B2A000336362052384F82030E0E700256562DDE738B5044690F82030DBB2022B05D07F
S3250800B2C0436A43F480134362012038BD0268136843F001031360FFF7D1FD054623685A6843
S3250800B2E012F0010F0DD1FFF7C9FD431B0A2BF5D9636A43F400336362052384F82030012022
S3250800B300E3E71A6822F002021A60012384F820300020DAE780B110B50446FFF7CAFF20460D
S3250800B320FEF7C4FB2268136843F4004313600020606284F8200010BD0120704790F820305E
S3250800B340013BDBB2012B05D9436A43F480234362012070470268136843F002031360002058
S3250800B360704782B00023019390F82030013BDBB2012B18D80268136823F002031360019B56
S3250800B38001330193019A0B4B9A4206D803685B6813F0020FF3D100200AE0436A43F4003305
S3250800B3A04362012004E0436A43F480234362012002B0704740420F0090F82030013BDBB2ED
S3250800B3C0012B01D9002070470368586810F0020000D170470120704770B490F8204005687C
S3250800B3E0AD68013CE4B2012C65D815F0E05F5CD0C5F30164022C05D9436A43F400034362C8
S3250800B40001205DE00125A5401D608B68002B39D10E68CB68056843EA465604F118031B0105
S3250800B420EE5003680D6904F1180603EB06135D600B7D012B31D0D17993791B0443EA01634D
S3250800B440517943EA0123157901682B4301EB0411C1F88C31D17893781B0443EA016351781A
S3250800B46043EA0123117802680B4302EB0412C2F88831026818342401135943F001031351D4
S3250800B48000201DE04D6843EAC503CD6806682B4304F118052D017351C3E7036803EB0613A6
S3250800B4A0596841F480715960C5E7436A43F400134362012004E0436A43F480234362012044
S3250800B4C070BC704790F82030013BDBB2012B05D9436A43F4802343620120704711F0010FBB
S3250800B4E004D00268936843F08003936011F0020F04D00268936843F40043936011F0040F90
S3250800B50004D00268936843F4000393600020704790F82030013BDBB2012B01D90020704762
S3250800B5200368986810F0806000D001209A6812F0006F00D001309B6813F0805FEFD0013078
S3250800B540704790F82030013BDBB2012B01D90020704703689B6803EA8163B3EB816F01D00A
S3250800B560012070470020704790F82030013BDBB2012B01D90020704791FAA1F141B1B1FAD6
S3250800B58081F10368183103EB01114868000C70472021F6E730B490F82040013CE4B2012C1A
S3250800B5A000F2918051B90468E46814F0030F10D1436A43F400134362012089E004682469A2
S3250800B5C014F0030F05D1436A43F40013436201207EE0056801F11B0424012C5904F0040432
S3250800B5E09460002C61D1056801F11B0424012C59640D1460056801F11B0424012D5905F0C0
S3250800B6000205D560056825446D6805F00F051561056825446D68C5F30725956105682C4454
S3250800B6206468240C5461026802EB0112D2F8B8211A70026802EB0112D2F8B821C2F30722C9
S3250800B6405A70026802EB0112D2F8B821C2F307429A70026802EB0112D2F8B821120EDA7086
S3250800B660026802EB0112D2F8BC211A71026802EB0112D2F8BC21C2F307225A71026802EB0F
S3250800B6800112D2F8BC21C2F307429A71026802EB0112D2F8BC21120EDA7171B90268D3688E
S3250800B6A043F02003D360002012E0056801F11B0424012C59E40854609CE70268136943F07D
S3250800B6C020031361EFE7436A43F480234362012030BC704790F82030013BDBB2012B01D958
S3250800B6E00020704721B90368D86800F0030070470368186900F00300704790F82030013B8C
S3250800B700DBB2012B05D9436A43F4802343620120704702685369194351610020704790F8ED
S3250800B7202030013BDBB2012B05D9436A43F480234362012070470268536923EA01015161ED
S3250800B7400020704770477047704770477047704770477047704770477047704770472DE9A3
S3250800B760F84F054603685C69D3F804809F68D3F80CB0D3F810A0D3F8189014F001063BD018
S3250800B78017F0010616D001229A6017F0020F08D117F0040F0CD117F0080606D04FF480569E
S3250800B7A008E0FEF7E3FC002604E0FFF7CEFF01E04FF4006617F4807F0DD02B684FF48072B9
S3250800B7C09A6017F4007F40F0868017F4806F00F0868046F4005617F4803F0DD02B684FF4A4
S3250800B7E080329A6017F4003F40F0838017F4802F00F0838046F4004614F0080F07D01BF0E8
S3250800B800100F04D046F400762B681022DA6014F0040F02D01BF0080F79D114F0020F04D03A
S3250800B8202B68DB6813F0030F78D114F0400F07D01AF0100F04D046F480662B6810221A613F
S3250800B84014F0200F02D01AF0080F6BD114F0100F04D02B681B6913F0030F6AD114F4003FD3
S3250800B86002D018F0100F68D114F4803F02D018F0080F69D114F4004F7AD018F0040F74D096
S3250800B88014F4807F04D019F0010F01D046F0010614F4007F04D019F0020F01D046F0020614
S3250800B8A014F4806F04D019F0040F01D046F0040614F4006F59D019F0700956D0B9F1400F41
S3250800B8C065D058D8B9F1200F5ED0B9F1300F42D146F0200644E02846FEF74DFC7BE717F459
S3250800B8E0006F02D046F4804675E72846FFF72EFF71E72846FEF744FC7EE717F4002F02D0A0
S3250800B90046F4803678E72846FFF721FF74E72B680822DA602846FFF71CFF7EE72846FEF7AD
S3250800B92051FB82E72B6808221A612846FFF713FF8CE72846FFF70EFF90E72B6810225A60BC
S3250800B9402846FFF709FF8FE72B6808225A602846FFF703FF8EE7B9F1100F01D146F00806C6
S3250800B9602A68936923F0700393612B6804225A609EB9BDE8F88FB9F1500F0BD0B9F1600FBE
S3250800B980EED146F48076EBE746F01006E8E746F04006E5E746F08006E2E76B6A1E436E62EA
S3250800B9A02846FEF7A5FBE4E7024690F82030D8B2013BDBB2012B00D9704713685A6812F03D
S3250800B9C0020F05D11B6813F0020FF5D00320F3E704207047406A704790F82030013BDBB23C
S3250800B9E0012B05D9436A43F480234362012070470023436218467047074AD36823F4E06368
S3250800BA001B041B0C000200F4E060034343F0BF6343F40033D360704700ED00E030B4174B9A
S3250800BA20DB68C3F30223C3F10704042C28BF04241D1D062D18D9033B4FF0FF3505FA04F4D6
S3250800BA4021EA0401994005FA03F322EA0303194300280BDB0901C9B200F1604000F56140D2
S3250800BA6080F8001330BC70470023E5E700F00F000901C9B2024B1954F4E700BF00ED00E0F6
S3250800BA8014ED00E0002807DB00F01F02400901239340024A42F82030704700BF00E100E04F
S3250800BAA000280CDB00F01F024009012393402030034A42F82030BFF34F8FBFF36F8F7047FA
S3250800BAC000E100E0BFF34F8F0549CA6802F4E062044B1343CB60BFF34F8F00BFFDE700BF8D
S3250800BAE000ED00E00400FA050138B0F1807F0AD2064B5860064AF02182F823100020986084
S3250800BB0007221A6070470120704700BF10E000E000ED00E0024BD868C0F30220704700BFB1
S3250800BB2000ED00E070B4002821DB00F1604000F5614090F80003000901F00701C1F1070471
S3250800BB40042C28BF04240D1D062D16D9033920FA01F64FF0FF3505FA04F426EA0404146009
S3250800BB6005FA01F120EA0100186070BC704700F00F00034C205C0009DEE70021E7E700BF1A
S3250800BB8014ED00E0002808DB00F01F024009012393404030014A42F82030704700E100E09D
S3250800BBA000280BDB43094033054A52F8233000F01F0023FA00F000F0010070470020704723
S3250800BBC000E100E0002808DB00F01F024009012393406030014A42F82030704700E100E05D
S3250800BBE000280BDB43098033054A52F8233000F01F0023FA00F000F00100704700207047A3
S3250800BC0000E100E0042805D0054A136823F0040313607047024A136843F00403136070471B
S3250800BC2010E000E0704708B5FFF7FCFF08BD40F00100034B5860BFF34F8FBFF36F8F7047CE
S3250800BC4090ED00E0BFF35F8F014B00225A60704790ED00E04278134B9A600378EBB14368C9
S3250800BC60104AD360017BC37A1B0643EA0173817A43EAC143417B43EA8143817B43EA414328
S3250800BC80C17B43EA0143417A43EA0123017A43EA410301780B4313617047024B0022DA6056
S3250800BCA01A61704790ED00E070B4446C04F01C05066C0124AC407460046863608368102B52
S3250800BCC005D0036899600368DA6070BC704703689A600368D960F8E7002868D010B4034640
S3250800BCE00068344A904244D8334A02443349A1FB0212120992005A64314A1A64022283F870
S3250800BD002520016821F4FF4121F070019A68DC6822431C6922435C6922439C692243DC6922
S3250800BD2022431C6A22430A4302609A68B2F5804F15D0196C224A914226D0224A1168586C36
S3250800BD4000F01C040F20A04021EA00011160116858685C6C04F01C04A0400143116000206F
S3250800BD60D863012283F8252083F824005DF8044B7047154A02441149A1FB02121209920041
S3250800BD805A64124A1A64B9E7A8321168586C00F01C040F20A04021EA000111601168586871
S3250800BDA05C6C04F01C04A04001431160D7E70120704700BF07040240F8FFFDBFCDCCCCCC7E
S3250800BDC000000240A8040240F8FBFDBF0004024000284ED010B4034601680A6822F00102ED
S3250800BDE00A600168244A91422DD8244A0A442448A0FB0202120992005A64224A1A640022DE
S3250800BE000A605A6C02F01C01186C01228A404260196C1C4A914221D01B4C2268596C01F06C
S3250800BE201C000F21814022EA010222600020D862186358639863D86383F8250083F8240051
S3250800BE405DF8044B7047114A0A440D48A0FB0202120992005A640E4A1A64D0E70D4C226801
S3250800BE60596C01F01C000F21814022EA01022260DCE70120704700BF07040240F8FFFDBF06
S3250800BE80CDCCCCCC00000240A8040240F8FBFDBF00040240A800024070B5044690F8240039
S3250800BEA0012820D0012084F8240094F82500C0B2012804D0002384F82430022070BD022016
S3250800BEC084F825000025E5632668306820F0010030602046FFF7E8FE2268136843F0010301
S3250800BEE013602846EAE70220E8E738B5044690F82400012832D0012084F8240094F8250011
S3250800BF00C0B2012804D0002384F82430022038BD022084F825000020E0632568286820F047
S3250800BF20010028602046FFF7BFFE236B5BB12268136843F00E0313602268136843F00103BF
S3250800BF4013600020E3E72268136823F0040313602268136843F00A031360EDE70220D6E779
S3250800BF6090F82530DBB2022B06D00423C363002380F82430012070470268136823F00E0329
S3250800BF8013600268136823F001031360436C03F01C03016C012202FA03F34B6080F8252006
S3250800BFA0002380F824301846704708B590F82530DBB2022B03D00423C363012008BD0268AB
S3250800BFC0136823F00E0313600268136823F001031360436C03F01C03016C012202FA03F38F
S3250800BFE04B6080F82520002380F82430836B13B198470020E2E70020E0E72DE9F8430546DF
S3250800C00090F82530DBB2022B07D00423C363002380F824300120BDE8F8830F46164603680B
S3250800C0201B6813F0200F2BD179BB436C03F01C034FF0020808FA03F8FEF720FF81462A6C95
S3250800C040136813EA080F33D111686B6C03F01C0308249C40214220D1B6F1FF3FEFD0FEF7E8
S3250800C0600DFFA0EB0900B04201D8002EE7D12023EB63012085F82500002385F82430CAE768
S3250800C0804FF48073C3630120C5E7436C03F01C034FF0040808FA03F8CEE7012000FA03F39A
S3250800C0A05360E86385F82500002385F82430B2E76FB96B6C03F01C0102238B405360002370
S3250800C0C085F82430012385F825303846A3E7696C01F01C0104238B40536000209BE738B56C
S3250800C0E0036C196804682568436C03F01C0304229A400A4215D015F0040F12D0236813F0CF
S3250800C100200F03D1236823F004032360436C03F01C02016C042393404B60036B03B1984713
S3250800C12038BD02229A400A421CD015F0020F19D0236813F0200F06D1236823F00A03236005
S3250800C140012380F82530436C03F01C02016C022393404B60002380F82430C36A002BDFD01A
S3250800C1609847DDE7082202FA03F30B42D8D015F0080FD5D0236823F00E032360436C03F068
S3250800C1801C03016C012202FA03F34B60C26380F82520002380F82430436B002BC0D098472C
S3250800C1A0BEE7034690F8240001281BD093F82500C0B2012804D00120002283F824207047EB
S3250800C1C00329F9D8DFE801F00205080BDA620846F2E71A630020EFE75A630020ECE79A63FF
S3250800C1E00020E9E702207047034690F82420012A26D0012280F8242090F82500C0B2904262
S3250800C20004D00120002283F8242070470429F9D8DFE801F003070A0D10000022DA620846F0
S3250800C220F0E700201863EDE700205863EAE700209863E7E70020D862186358639863E1E7C2
S3250800C2400220704790F825007047C06B704700BFF0B482B000235BE086685F000325BD404C
S3250800C26026EA0506CD68BD4035438560466826EA04064D68C5F300149C403443446055E091
S3250800C280DD08083550F8257003F00704A6000F24B44027EA04070C69B4403C4340F8254025
S3250800C2A058E0022400E00024B4403C430235464E46F82540454CA568D44325EA02064F68AA
S3250800C2C017F4801F01D042EA0506404DAE60ED6804EA05064F6817F4001F01D042EA0506CC
S3250800C2E03A4DEE606D6804EA05064F6817F4003F01D042EA0506354D6E602D682C404E687D
S3250800C30016F4803F01D042EA0504304A146001330A6832FA03F453D001249C402240F6D03D
S3250800C3204D6805F00305013D012D95D94C6804F00304032C09D0C5685E000324B44025EAF7
S3250800C34004058C68B4402C43C4604C6804F00304022C95D005685E000324B44025EA04050B
S3250800C3604C6804F00304B4402C4304604C6814F4403FCCD0164C256E45F001052566246E15
S3250800C38004F001040194019C9D08AE1C0E4C54F8267003F00304A6000F24B44027EA0407D6
S3250800C3A0B0F1904F3FF47FAF0A4CA04206D004F58064A0423FF475AF072475E7012473E764
S3250800C3C002B0F0BC704700BF00000140000401400010024000040048002331FA03F26BD0D9
S3250800C3E0F0B52DE0022700E0002707FA04F4B44246D005685C00032606FA04F42543056091
S3250800C40023FA06F5083550F8256003F007074FEA870C0F2707FA0CF726EA070640F825600B
S3250800C420856825EA04058560456825EA02024260C26822EA0404C460013331FA03F23AD0E2
S3250800C44001229A4012EA010EF6D04FEA930C0CF102051A4C54F8256003F00304A4000F251B
S3250800C460A5402E40B0F1904FBED0154FB84205D007F58067B842B5D00727B6E70127B4E72A
S3250800C480104C266826EA0E062660666826EA0E066660E66826EA0E06E660A66826EA0E0658
S3250800C4A0A660064E0CF1020C56F82C4024EA050546F82C509DE7F0BD704700BF0000014095
S3250800C4C000040048000401400369194201D001207047002070470AB1816170478162704788
S3250800C4E0436901EA030221EA030141EA02418161704782B04FF480330193019B0B43019342
S3250800C500019BC361C161019BC361C3690193C36913F4803F02D0002002B070470120FBE75B
S3250800C520704708B5044B5B69034200D108BD024B5861FFF7F5FFF9E70004014003689A6908
S3250800C54012F0020F01D000229A6203689A6912F0010F03D19A6942F001029A61704710B4C9
S3250800C560019CC1F3090141EA02411943214321F0004102685368640D04F4806444F07F7439
S3250800C58044F4583444F47F7444F0030423EA0404214351605DF8044B7047436B1A4A9342F7
S3250800C5A015D01A4A934212D011F4004F29D1002311F0010F01D043F0F20311F0020F01D00F
S3250800C5C043F0F40320290CD143F0200309E011F4004F0BD1002310290AD020290BD04029CB
S3250800C5E00CD001680A6813430B607047B823F2E743F09003F1E743F06003F0E743F04003C9
S3250800C600EFE7B823D4E700BFC9F50008A5F4000811F0010F09D090F8413003F02803282B26
S3250800C62001D0F22302E0422300E0002311F0020F29D010B443F0440490F8412002F028026D
S3250800C640282A12D043F0F40311F4004F0FD1102910D0202911D0402912D001680A6822EAC5
S3250800C66003030B605DF8044B70472346ECE743F0B803ECE743F09003EBE743F02003EAE724
S3250800C68043F04003E9E711F4004F0BD110290CD020290DD040290ED001680A6822EA0303A7
S3250800C6A00B60704743F0B803F0E743F09003EFE743F02003EEE743F04003EDE7C36AAA2B72
S3250800C6C004D0C36AB3F52A4F03D070470023C36270474FF00073C362F7E72DE9F04104465B
S3250800C6E003689F6917F010074CD00E4690461022DA6100252368986910F0200F3BD1002DCF
S3250800C70039D1B6F1FF3FF5D0FEF7B8FBA0EB0800B04201D8002EEDD121684B6803F480436F
S3250800C72094F84220D2B2886910F4004F02D00BB9202A18D123689B6913F0200FDAD1FEF70B
S3250800C7409DFBA0EB08001928F4D9636C43F020036364202384F84130002384F8423084F8E9
S3250800C76040300125E6E74B6843F480434B60FEF785FB8046DEE7002D40D12022DA6104270A
S3250800C780012500E000252268936913F4807F05D047F001074FF48071D161012513F4806F3E
S3250800C7A006D047F0080722684FF48061D161012513F4007F24D047F0020723684FF400724F
S3250800C7C0DA6101252046FFF7B9FE2268536823F0FF7323F48B3323F4FF7323F001035360E5
S3250800C7E0636C1F436764202384F84130002384F8423084F840302846BDE8F0810427C2E7AA
S3250800C800002DF8D0DEE770B504460D46164623689B6913F0020F1DD1324629462046FFF75E
S3250800C8205CFFC8B9B5F1FF3FF1D0FEF727FB801BA84201D8002DEAD1636C43F02003636420
S3250800C840202384F84130002384F8423084F84030012000E0002070BD0120FCE72DE9F04104
S3250800C8600646884617461D463468A46938EA04030CBF01240024BC4218D1B5F1FF3FF3D05C
S3250800C880FEF7FCFA069BC01AA84201D8002DEBD1736C43F020037364202386F84130002317
S3250800C8A086F8423086F84030012000E00020BDE8F0812DE9F04182B0044690461D46089EB3
S3250800C8C0099F194B00934FF08073EAB2FFF747FE3A4631462046FFF796FFF8B9012D0ED1FC
S3250800C8E023685FFA88F29A6200973346002280212046FFF7B3FFA8B902B0BDE8F08123683B
S3250800C9004FEA18229A623A4631462046FFF77BFF30B923685FFA88F29A62E5E70120EBE7CB
S3250800C9200120E9E70120E7E7002000802DE9F04182B0044690461D46089E099F184B009329
S3250800C9400023EAB2FFF70BFE3A4631462046FFF75AFFF8B9012D0ED123685FFA88F29A6247
S3250800C96000973346002240212046FFF777FFA8B902B0BDE8F08123684FEA18229A623A46A1
S3250800C98031462046FFF73FFF30B923685FFA88F29A62E5E70120EBE70120E9E70120E7E796
S3250800C9A00020008070B505460C4616462B689B6913F0200F1AD1324621462846FFF78DFE29
S3250800C9C0B0B9FEF75BFA801BA04201D8002CEDD16B6C43F020036B64202385F84130002306
S3250800C9E085F8423085F84030012070BD0020FCE70120FAE770B504460D46164623689B694D
S3250800CA0013F0040F49D1324629462046FFF765FE0146002843D123689A6912F0200F13D10C
S3250800CA20FEF72CFA801BA84201D8002DE6D1636C43F020036364202384F84130002384F8D0
S3250800CA4040300121084670BD9A6912F0040F02D0228D002AF6D19A6912F0100F1AD01022F1
S3250800CA60DA610423636423682022DA6121684B6823F0FF7323F48B3323F4FF7323F0010341
S3250800CA804B6084F84120002384F8423084F840300121D7E700236364E5E70021D2E7012171
S3250800CAA0D0E77047002859D010B5044690F84130002B43D0242384F841302268136823F017
S3250800CAC0010313606368226823F0706313612268936823F400439360E368012B33D0A368CB
S3250800CAE0226843F404439360E368022B31D02268536843F0007343F4004353602268D368D7
S3250800CB0023F40043D360236962691343A169226843EA0123D360E369216A22680B43136093
S3250800CB202268136843F00103136000206064202384F84130206384F8420010BD80F840302E
S3250800CB40FDF7BAFBB6E7A368226843F400439360CAE723684FF400625A60C8E7012070475D
S3250800CB607047A8B110B50446242380F841300268136823F001031360FDF7ECFB002060642A
S3250800CB8084F84100206384F8420084F8400010BD012070472DE9F04782B00F460A9E90F824
S3250800CBA04110C9B2202940F0A38004469046994690F84030012B00F09F804FF0010A80F80B
S3250800CBC040A0FEF75BF905460090192352464FF400412046FFF742FE002840F08F802123A4
S3250800CBE084F84130102384F8423000236364C4F82480A4F82A906363638D9BB2FF2B0AD969
S3250800CC00FF222285414B00934FF0807339462046FFF7A5FC18E0628D92B222853B4B009386
S3250800CC204FF00073D2B239462046FFF798FC0BE0628D92B22285002300934FF00073D2B290
S3250800CC4039462046FFF78BFC638D9BB2002B33D02A4631462046FFF7D6FD002850D1626ACE
S3250800CC60236812789A62636A01336362638D9BB2013B9BB26385238D013B9BB22385628D51
S3250800CC8092B2002AE0D0002BDED100953346002280212046FFF7E2FDA0BB638D9BB2FF2BC0
S3250800CCA0C6D9FF222285002300934FF0807339462046FFF754FCC7E72A4631462046FFF7FB
S3250800CCC071FE08BB23682022DA6121684B6823F0FF7323F48B3323F4FF7323F001034B602B
S3250800CCE084F84120002384F8423084F8403000E0022002B0BDE8F0870220FAE70120F8E779
S3250800CD000120F6E70120F4E70120F2E7002000802DE9F04782B00F460A9E90F84110C9B2A1
S3250800CD20202940F0A28004469046994690F84030012B00F09E804FF0010A80F840A0FEF782
S3250800CD409DF805460090192352464FF400412046FFF784FD002840F08E80222384F8413088
S3250800CD60102384F8423000236364C4F82480A4F82A906363638D9BB2FF2B0AD9FF2222850C
S3250800CD80414B00934FF0807339462046FFF7E7FB18E0628D92B222853B4B00934FF00073DA
S3250800CDA0D2B239462046FFF7DAFB0BE0628D92B22285002300934FF00073D2B2394620469B
S3250800CDC0FFF7CDFB638D9BB2002B32D02A4631462046FFF70FFE00284FD123685A6A636A69
S3250800CDE01A70636A01336362228D013A92B22285638D9BB2013B9BB26385638D9BB2002BEA
S3250800CE00E0D0002ADED10095334680212046FFF725FDA0BB638D9BB2FF2BC7D9FF22228524
S3250800CE20002300934FF0807339462046FFF797FBC8E72A4631462046FFF7B4FD08BB23689E
S3250800CE402022DA6121684B6823F0FF7323F48B3323F4FF7323F001034B6084F84120002366
S3250800CE6084F8423084F8403000E0022002B0BDE8F0870220FAE70120F8E70120F6E70120D8
S3250800CE80F4E70120F2E700BF002400802DE9F04182B01D4690F84130DBB2202B40F0C3802C
S3250800CEA004460F46904600294DD0002A4BD090F84030012B00F0BB80012380F84030FDF715
S3250800CEC0DDFF0646212384F84130202384F84230002262646762A4F82A80626321684B68C2
S3250800CEE023F400434B6000902B4608212046FFF7B5FC00282CD123680822DA61E368022B5B
S3250800CF002DD000962B4600224FF480312046FFF7A5FC002836D1638D9BB2002B40D03246CD
S3250800CF2029462046FFF76FFC002832D1626A236812789A62636A01336362628D92B2013A71
S3250800CF4092B26285E7E74FF40073636401206BE02268536843F400435360012064E0009674
S3250800CF602B46002208212046FFF778FC18B923680822DA61C5E72268536843F40043536038
S3250800CF80012051E02268536843F40043536001204AE02268536843F400435360012043E0BE
S3250800CFA000962B46002210212046FFF757FC30B12268536843F400435360012034E020466C
S3250800CFC0FFF7BCFA23681022DA61324629462046FFF7E8FC30B12268536843F40043536025
S3250800CFE0012021E023682022DA6100962B4601224FF400412046FFF731FC30B1226853689C
S3250800D00043F40043536001200EE02268536843F400435360202384F84130002384F8423013
S3250800D02084F8403000E0022002B0BDE8F0810220FAE72DE9F04182B01D4690F84130DBB2C7
S3250800D040202B40F0AB8004460E46904661B35AB390F84030012B00F0A580012380F8403042
S3250800D060FDF70CFF0746222384F84130202384F84230002262646662A4F82A80638D238565
S3250800D080626321684B6823F400434B6000902B4608212046FFF7E2FB58B12268536843F494
S3250800D0A00043536001207AE04FF400736364012075E023680822DA6100972B4601224FF4A0
S3250800D0C080312046FFF7CAFBC8B9638D9BB2002B36D03A4629462046FFF78CFCB0B92368BA
S3250800D0E05A6A636A1A70636A01336362628D92B2013A92B26285238D013B2385E5E72268BE
S3250800D100536843F400435360012048E02268536843F40043536023689A6912F0040F0DD0DE
S3250800D1205A6A636A1A70636A01336362638D9BB2013B9BB26385238D013B238501202EE08F
S3250800D1403A4629462046FFF72DFC30B12268536843F400435360012021E023682022DA61D0
S3250800D16000972B4601224FF400412046FFF776FB30B12268536843F40043536001200EE0C3
S3250800D1802268536843F400435360202384F84130002384F8423084F8403000E0022002B02E
S3250800D1A0BDE8F0810220FAE730B583B0044690F84100C0B2202837D12068806910F4004F97
S3250800D1C034D194F84000012832D0012084F84000212084F84100102084F842000020606498
S3250800D1E062626385134BE362134B6363638D9BB2FF2B14D9FF2323854FF080730F4A009273
S3250800D20094F828202046FFF7AAF9002584F8405001212046FFF7C1F9284603B030BD638DC6
S3250800D22023854FF00073E9E70220F6E70220F4E70220F2E70000FFFF25F300080020008001
S3250800D24030B583B0044690F84100C0B2202837D12068806910F4004F34D194F84000012815
S3250800D26032D0012084F84000222084F84100102084F842000020606462626385134BE362A1
S3250800D280134B6363638D9BB2FF2B14D9FF2323854FF080730F4A009294F828202046FFF7F1
S3250800D2A05EF9002584F8405002212046FFF775F9284603B030BD638D23854FF00073E9E7C3
S3250800D2C00220F6E70220F4E70220F2E70000FFFF25F300080024008038B590F84130DBB214
S3250800D2E0202B23D190F84030012B21D0012380F84030212380F84130202380F84230002442
S3250800D300446405686B6823F400436B6041624285438D0385074BC362074B436380F84040C9
S3250800D32048F20101FFF739F9204638BD0220FCE70220FAE70000FFFFA9F0000838B590F804
S3250800D3404130DBB2202B23D190F84030012B21D0012380F84030222380F84130202380F878
S3250800D36042300024446405686B6823F400436B6041624285438D0385074BC362074B4363CB
S3250800D38080F8404048F20201FFF707F9204638BD0220FCE70220FAE70000FFFFA9F0000852
S3250800D3A070B582B0044690F84100C0B2202840F08D800D4611462268926912F4004F40F04A
S3250800D3C0888094F84020012A00F08580012284F84020212284F84120102284F842200022DA
S3250800D3E06264616263853D4BE3623D4B6363638D9BB2FF2B27D9FF2323854FF08076228D7E
S3250800D400002A4FD0A36B1BB3364ADA62A36B364A5A63A26B00231363A26B93632268238DEF
S3250800D4202832A06BFEF761FD00B3202384F84130002284F84220636C43F01003636484F8EB
S3250800D4404020012043E0638D23854FF00076D6E7202384F84130002284F84220636C43F0DE
S3250800D4608003636484F84020012030E01F4B0093334694F8282029462046FFF770F8638DDA
S3250800D4809BB2228D9B1A9BB26385002384F8403010212046FFF781F82268136843F4804384
S3250800D4A0136011E0124B6363104B00934FF00073D2B229462046FFF752F8002384F840308F
S3250800D4C001212046FFF769F8002000E0022002B070BD0220FBE70220F9E700BF0000FFFF9B
S3250800D4E0C9F5000821F700080BF700080020008025F3000870B582B0044690F84100C0B292
S3250800D500202840F08C800D462168896911F4004F40F0888094F84010012900F08580012102
S3250800D52084F84010222184F84110102184F8421000216164626263853C4BE3623C4B636357
S3250800D540638D9BB2FF2B27D9FF2323854FF08076218D00294FD0E36B1BB33649D962E36B3D
S3250800D56035495963E16B00230B63E16B8B632168238D2431E06BFEF7B8FC00B3202384F858
S3250800D5804130002284F84220636C43F01003636484F84020012043E0638D23854FF00076C3
S3250800D5A0D6E7202384F84130002284F84220636C43F08003636484F84020012030E01F4BAD
S3250800D5C00093334694F8282029462046FEF7C7FF638D9BB2228D9B1A9BB26385002384F858
S3250800D5E0403010212046FEF7D8FF2268136843F40043136011E0124B6363104B00934FF017
S3250800D6000073CAB229462046FEF7A9FF002384F8403001212046FEF7C0FF002000E002202E
S3250800D62002B070BD0220FBE70220F9E70000FFFFC9F500087BF700080BF70008002400800B
S3250800D64025F3000838B590F84130DBB2202B63D1044600293AD0002A38D090F84030012BD7
S3250800D6605DD0012380F84030212380F84130202380F842300023436441624285438D03857D
S3250800D680284BC362284B4363836B23B3274ADA62836B274A5A63826B00231363826B9363D5
S3250800D6A00268038D2832806BFEF71FFC054600B3282384F84130002284F84220636C43F0D5
S3250800D6C01003636484F84020012526E04FF400736364012521E0282380F84130002280F8E8
S3250800D6E04220436C43F08003436480F84020012513E02268536823F400435360002384F8CC
S3250800D70040304FF400412046FEF747FF2268136843F48043136000E00225284638BD022563
S3250800D720FBE700BF0000FFFFA5F40008B3EC00080BF7000838B590F84130DBB2202B65D1F6
S3250800D740044600293CD0002A3AD090F84030012B5FD0012380F84030222380F84130202338
S3250800D76080F842300023436441624285438D0385294BC362294B4363C36B33B3284ADA62B0
S3250800D780C36B284A5A63C26B00231363C26B93630068238D0A4600F12401E06BFEF7A5FBD7
S3250800D7A0054600B3282384F84130002284F84220636C43F01003636484F84020012526E041
S3250800D7C04FF400736364012521E0282380F84130002280F84220436C43F08003436480F8E3
S3250800D7E04020012513E02268536823F400435360002384F840304FF400412046FEF7CDFE97
S3250800D8002268136843F40043136000E00225284638BD0225FBE700BF0000FFFFA5F4000837
S3250800D820D1EC00080BF700082DE9F04F83B00E46BDF834A00E9D90F84110C9B2202940F02E
S3250800D840BB800446904699460C9BCBB1BAF1000F16D090F84030012B00F0B2804FF0010B2C
S3250800D86080F840B0FDF70AFB0746009019235A464FF400412046FEF7F1FF30B101209CE033
S3250800D8804FF400736364012097E0212384F84130402384F84230002363640C9A6262A4F8F3
S3250800D8A02AA06363019700954B46424631462046FEF7FFFF70B9638D9BB2FF2B0FD9FF221B
S3250800D8C02285002300934FF0807331462046FEF746FE21E0002384F8403058466DE0628DAB
S3250800D8E092B22285002300934FF00073D2B231462046FEF734FE0FE0628D92B22285002353
S3250800D90000934FF00073D2B231462046FEF727FE638D9BB2002B33D03A4629462046FEF784
S3250800D92072FF00284ED1626A236812789A62636A01336362638D9BB2013B9BB26385238D20
S3250800D940013B9BB22385628D92B2002AE0D0002BDED100972B46002280212046FEF77EFFFE
S3250800D96090BB638D9BB2FF2BC6D9FF222285002300934FF0807331462046FEF7F0FDC7E72B
S3250800D9803A4629462046FFF70DF8F8B923682022DA6121684B6823F0FF7323F48B3323F4C3
S3250800D9A0FF7323F001034B6084F84120002384F8423084F8403000E0022003B0BDE8F08F72
S3250800D9C00220FAE70120F8E70120F6E70120F4E72DE9F04F83B00E46BDF834A00E9D90F8A4
S3250800D9E04110C9B2202940F0BC800446904699460C9BCBB1BAF1000F16D090F84030012BB2
S3250800DA0000F0B3804FF0010B80F840B0FDF736FA0746009019235A464FF400412046FEF766
S3250800DA201DFF30B101209DE04FF400736364012098E0222384F84130402384F84230002381
S3250800DA4063640C9A6262A4F82AA06363019700954B46424631462046FEF768FF70B9638DC3
S3250800DA609BB2FF2B0FD9FF222285444B00934FF0807331462046FEF772FD21E0002384F83C
S3250800DA80403058466EE0628D92B222853B4B00934FF00073D2B231462046FEF760FD0FE0D5
S3250800DAA0628D92B22285002300934FF00073D2B231462046FEF753FD638D9BB2002B34D004
S3250800DAC000972B46002204212046FEF7C7FE00284DD123685A6A636A1A70636A0133636217
S3250800DAE0228D013A92B22285638D9BB2013B9BB26385638D9BB2002BDED0002ADCD1009711
S3250800DB002B4680212046FEF7A9FE90BB638D9BB2FF2BC5D9FF222285002300934FF08073E3
S3250800DB2031462046FEF71BFDC6E73A4629462046FEF738FFF8B923682022DA6121684B68CA
S3250800DB4023F0FF7323F48B3323F4FF7323F001034B6084F84120002384F8423084F8403038
S3250800DB6000E0022003B0BDE8F08F0220FAE70120F8E70120F6E70120F4E700BF002400805E
S3250800DB802DE9F04182B00446BDF8248090F84100C0B2202858D10D4617461E46089B002BCD
S3250800DBA038D0B8F1000F35D023689B6913F4004F4FD194F84030012B4DD0012384F8403038
S3250800DBC0FDF75CF9212384F84130402384F8423000236364089B6362A4F82A801F4BE36225
S3250800DBE01F4B6363638D9BB2FF2B18D9FF2323854FF0807801901923009333463A462946C6
S3250800DC002046FEF756FE064670B1002384F8403001261AE04FF400736364012615E0638D21
S3250800DC2023854FF00078E5E700270097434694F8282029462046FEF792FC84F840700121EA
S3250800DC402046FEF7AAFC00E00226304602B0BDE8F0810226F9E70226F7E700BF0000FFFFA4
S3250800DC6025F300082DE9F04182B00446BDF8248090F84100C0B2202859D10D4617461E4699
S3250800DC80089B002B38D0B8F1000F35D023689B6913F4004F50D194F84030012B4ED0012373
S3250800DCA084F84030FDF7EAF8222384F84130402384F8423000236364089B6362A4F82A8079
S3250800DCC01F4BE3621F4B6363638D9BB2FF2B18D9FF2323854FF08078019019230093334625
S3250800DCE03A4629462046FEF721FE064670B1002384F8403001261BE04FF40073636401266B
S3250800DD0016E0638D23854FF00078E5E70E4B0093434694F8282029462046FEF720FC002392
S3250800DD2084F8403002212046FEF737FC00E00226304602B0BDE8F0810226F9E70226F7E7E4
S3250800DD400000FFFF25F30008002400802DE9F04182B00446BDF8248090F84100C0B2202854
S3250800DD6040F098800D4617461E46089B002B59D0B8F1000F56D023689B6913F4004F40F04F
S3250800DD808E8094F84030012B00F08B80012384F84030FDF773F8212384F84130402384F8C5
S3250800DDA0423000236364089B6362A4F82A803E4BE3623E4B6363638D9BB2FF2B37D9FF2395
S3250800DDC023854FF0807801901923009333463A4629462046FEF76DFD00282DD1A36B002B6A
S3250800DDE02FD0334ADA62A36B324A5A63A26B00231363A26B93632268238D28320899A06B2D
S3250800DE00FEF773F8064650B3202384F84130002284F84220636C43F01003636484F840205D
S3250800DE20012638E04FF400736364012633E0638D23854FF00078C6E7002384F840300126AC
S3250800DE4029E0202384F84130002284F84220636C43F08003636484F8402001261BE000270A
S3250800DE600097434694F8282029462046FEF777FB638D9BB2228D9B1A9BB2638584F8407062
S3250800DE8010212046FEF789FB2268136843F48043136000E00226304602B0BDE8F081022684
S3250800DEA0F9E70226F7E700BF0000FFFFC9F5000821F700080BF700082DE9F04182B00446FE
S3250800DEC0BDF8248090F84100C0B2202840F099800D4617461E46089B002B59D0B8F1000F4C
S3250800DEE056D023689B6913F4004F40F08F8094F84030012B00F08C80012384F84030FCF7A3
S3250800DF00BDFF222384F84130402384F8423000236364089B6362A4F82A803E4BE3623E4BC5
S3250800DF206363638D9BB2FF2B37D9FF2323854FF0807801901923009333463A462946204667
S3250800DF40FEF7F4FC00282DD1E36B002B2FD0334ADA62E36B324A5A63E26B00231363E26BBD
S3250800DF6093632168238D089A2431E06BFDF7BDFF064650B3202384F84130002284F84220F3
S3250800DF80636C43F01003636484F84020012639E04FF400736364012634E0638D23854FF0EC
S3250800DFA00078C6E7002384F8403001262AE0202384F84130002284F84220636C43F0800339
S3250800DFC0636484F8402001261CE0164B0093434694F8282029462046FEF7C1FA638D9BB25A
S3250800DFE0228D9B1A9BB26385002384F8403010212046FEF7D2FA2268136843F40043136021
S3250800E00000E00226304602B0BDE8F0810226F9E70226F7E70000FFFFC9F500087BF7000860
S3250800E0200BF70008002400802DE9F04385B01D460023039390F84130DBB2202B40F09E806B
S3250800E04006468946904603689B6913F4004F40F0978090F84030012B00F09480012380F8F1
S3250800E0604030242380F841300023436444E0C9F3090343F0007343F4005344E033689C6948
S3250800E080C4F340149B69C3F30013C4B9BBB9B5F1FF3FF3D0FCF7F2FEC01BA84201D8002D54
S3250800E0A0ECD1202386F84130736C43F020037364002386F84030012005B0BDE8F0833368BD
S3250800E0C09B6913F0100F2BD000972B46002220213046FEF7C3FB002858D133681022DA6124
S3250800E0E033682022DA61039B43452AD0039B01330393039B434535D2F368012BB7D0C9F37B
S3250800E100090343F4205332685360FCF7B7FE074633689C69C4F340149B69C3F30013B4E7E6
S3250800E12000972B46002220213046FEF797FB58BB32682023D36186F84130002386F8403045
S3250800E140BAE73268536843F48043536000972B46002220213046FEF781FBC8B9336820225E
S3250800E160DA61C3E7202386F84130736C43F020037364002386F8403001209DE702209BE714
S3250800E180022099E7022097E7012095E7012093E7012091E770B582B0044690F84100C0B282
S3250800E1A0202849D10D4694F84010012946D0012184F84010212184F84110102184F8421084
S3250800E1C00021616462626385069BE3621C4B6363638D9BB2FF2B0ED9FF2323854FF080763F
S3250800E1E0236B112B0BD1069BAA2B08D0B3F52A4F05D000230EE0638D2385E66AF0E72046F1
S3250800E200FEF75CFA638D9BB2FF2B02D8E66A0D4B00E00C4B0093334694F8282029462046D0
S3250800E220FEF79DF9002584F8405001212046FEF7B4F9284602B070BD0220FBE70220F9E797
S3250800E24025F30008002000802DE9F04182B004461546089A90F84100C0B2202840F09D8060
S3250800E2600E4694F84010012900F09B80012184F84010212184F84110102184F8421000210E
S3250800E280616465626385E262474B6363638D9BB2FF2B0ED9FF2323854FF08077236B112B48
S3250800E2A00BD1AA2A09D0B2F52A4F06D04FF0000810E0638D2385E76AF0E72046FEF7FEF988
S3250800E2C0638D9BB2FF2B03D8E76ADFF8EC8001E0DFF8E480228D002A4BD0A36BFBB1334A13
S3250800E2E0DA62A36B324A5A63A26B00231363A26B93632268238D28322946A06BFDF7F5FDF0
S3250800E300D8B1202384F84130002284F84220636C43F01003636484F8402001203EE02023FC
S3250800E32084F84130002284F84220636C43F08003636484F84020012030E0CDF800803B46C3
S3250800E34094F8282031462046FEF709F9638D9BB2228D9B1A9BB26385002384F840301021F1
S3250800E3602046FEF71AF92268136843F48043136011E0104B6363104B00934FF00073D2B279
S3250800E38031462046FEF7EBF8002384F8403001212046FEF702F9002000E0022002B0BDE8BA
S3250800E3A0F0810220FAE700BFC9F5000821F700080BF7000825F300080020008070B582B015
S3250800E3C0044690F84100C0B2202849D10D4694F84010012946D0012184F84010222184F82C
S3250800E3E04110102184F842100021616462626385069BE3621C4B6363638D9BB2FF2B0ED9CC
S3250800E400FF2323854FF08076236B122B0BD1069BAA2B08D0B3F52A4F05D000230EE0638D03
S3250800E4202385E66AF0E72046FEF748F9638D9BB2FF2B02D8E66A0D4B00E00C4B0093334637
S3250800E44094F8282029462046FEF789F8002584F8405002212046FEF7A0F8284602B070BDFB
S3250800E4600220FBE70220F9E725F30008002400802DE9F04182B004461546089A90F841003B
S3250800E480C0B2202840F09D800E4694F84010012900F09B80012184F84010222184F8411004
S3250800E4A0102184F842100021616465626385E262474B6363638D9BB2FF2B0ED9FF23238506
S3250800E4C04FF08077236B122B0BD1AA2A09D0B2F52A4F06D04FF0000810E0638D2385E76A8E
S3250800E4E0F0E72046FEF7EAF8638D9BB2FF2B03D8E76ADFF8EC8001E0DFF8E480228D002A2F
S3250800E5004BD0E36BFBB1334ADA62E36B324A5A63E26B00231363E26B93632168238D2A46C6
S3250800E5202431E06BFDF7E1FCD8B1202384F84130002284F84220636C43F01003636484F84B
S3250800E540402001203EE0202384F84130002284F84220636C43F08003636484F84020012095
S3250800E56030E0CDF800803B4694F8282031462046FDF7F5FF638D9BB2228D9B1A9BB2638548
S3250800E580002384F8403010212046FEF706F82268136843F40043136011E0104B6363104B75
S3250800E5A000934FF00073D2B231462046FDF7D7FF002384F8403001212046FDF7EEFF002045
S3250800E5C000E0022002B0BDE8F0810220FAE700BFC9F500087BF700080BF7000825F3000837
S3250800E5E000240080F8B5044690F8410000F0280028285AD10F4616461D4601B122B94FF432
S3250800E60000736364012051E048F201012046FDF7FFFF94F84030012B49D0012384F840307B
S3250800E62094F84130DBB22A2B24D0292384F84130202384F84230002363642268536823F449
S3250800E6400043536067626685638D2385E562194B636323689A6912F4803F01D00822DA6170
S3250800E660002584F8405048F201012046FDF795FF28461BE002212046FDF7CAFF23681A6875
S3250800E68012F4004FD1D01A6822F400421A60E36B002BCAD0084A9A63E06BFDF786FC0028D7
S3250800E6A0C3D0E06B836B9847BFE70120F8BD0220FCE700BFA9F000083FF80008F8B504468A
S3250800E6C090F8410000F02800282840F0BB800F4616461D46002951D0002A4FD094F84030ED
S3250800E6E0012B00F0B280012384F8403048F201012046FDF78DFF94F84130DBB22A2B42D09B
S3250800E70094F84130DBB2292B59D0292384F84130202384F84230002363642268536823F434
S3250800E7200043536067626685638D2385E562484B6363A36B002B59D0464ADA62A36B464A1D
S3250800E7405A63A26B00231363A26B93632268238D28323946A06BFDF7C8FB0546002853D0DA
S3250800E760282384F84130002284F84220636C43F01003636484F84020012564E04FF400737B
S3250800E780636401255FE002212046FDF741FF23681A6812F4004FB8D0E26B002AB5D01A681A
S3250800E7A022F400421A60E36B2C4A9A63E06BFDF7FCFB0028A9D0E06B836B9847A5E72368B2
S3250800E7C01A6812F4804FA0D01A6822F480421A60A36B002B99D0214A9A63A06BFDF7E5FBA7
S3250800E7E0002892D0A06B836B98478EE7282384F84130002284F84220636C43F080036364B0
S3250800E80084F8402001251EE0638D9BB2228D9B1A9BB263850023238523689A6912F4803FF6
S3250800E8200DD1002384F840302268136843F4804313604FF400412046FDF7AFFE03E00822D3
S3250800E840DA61EEE701252846F8BD0225FBE700BFA5F40008B3EC00080BF700083FF80008F8
S3250800E860F8B5044690F8410000F0280028285AD10F4616461D4601B122B94FF40073636419
S3250800E880012051E048F202012046FDF7C1FE94F84030012B49D0012384F8403094F8413074
S3250800E8A0DBB2292B24D02A2384F84130202384F84230002363642268536823F400435360CE
S3250800E8C067626685638D2385E562194B636323689A6912F4803F01D10822DA61002584F842
S3250800E8E0405048F202012046FDF757FE28461BE001212046FDF78CFE23681A6812F4804F3D
S3250800E900D1D01A6822F480421A60A36B002BCAD0084A9A63A06BFDF748FB0028C3D0A06B4A
S3250800E920836B9847BFE70120F8BD0220FCE700BFA9F000083FF80008F8B5044690F841001C
S3250800E94000F02800282840F0B9800F4616461D4601B122B94FF4007363640125AFE048F2CB
S3250800E96002012046FDF754FE94F84030012B00F0A880012384F8403094F84130DBB2292BAC
S3250800E9803DD094F84130DBB22A2B54D02A2384F84130202384F842300023636422685368BF
S3250800E9A023F40043536067626685638D2385E562454B6363E36B002B54D0444ADA62E36B9E
S3250800E9C0434A5A63E26B00231363E26B93632168238D3A462431E06BFDF787FA0546002875
S3250800E9E04ED0282384F84130002284F84220636C43F01003636484F8402001255FE0012174
S3250800EA002046FDF705FE23681A6812F4804FBDD0A26B002ABAD01A6822F480421A60A36B79
S3250800EA202C4A9A63A06BFDF7C0FA0028AED0A06B836B9847AAE723681A6812F4004FA5D0B6
S3250800EA401A6822F400421A60E36B002B9ED0214A9A63E06BFDF7A9FA002897D0E06B836B5B
S3250800EA60984793E7282384F84130002284F84220636C43F08003636484F8402001251EE0AB
S3250800EA80638D9BB2228D9B1A9BB263850023238523689A6912F4803F0DD0002384F8403088
S3250800EAA02268136843F40043136048F202012046FDF773FD03E00822DA61EEE7012528469E
S3250800EAC0F8BD0225FBE700BFA5F40008D1EC00080BF700083FF8000808B590F84130DBB2B9
S3250800EAE0202B01D0022008BD282380F84130044B43634FF40041FDF750FD0020F3E700BF5E
S3250800EB00A9F0000890F84130DBB2282B01D00220704710B590F8412090F8423002F0030224
S3250800EB2013430363202380F84130002480F8424044634FF40041FDF76BFD204610BD90F87F
S3250800EB404230DBB2102B36D130B583B004460D4690F84030012B30D0012380F8403090F8F9
S3250800EB604130DBB2212B1AD090F84130DBB2222B1BD0602384F84130114B00934FF0007384
S3250800EB80012229462046FDF7EAFC002584F8405020212046FDF701FD284603B030BD01219B
S3250800EBA0FDF736FD11232363E3E70221FDF730FD12232363DDE7012070470220EDE700BF4C
S3250800EBC00040008008B5036899691A68436B03B1984708BD7047704738B50446002380F875
S3250800EBE0423090F84130DBB2212B0FD0202380F8413012230363002545630221FDF708FD34
S3250800EC0084F840502046FFF7E6FF38BD202380F8413011230363002545630121FDF7F8FC07
S3250800EC2084F840502046FFF7D5FFEEE77047704710B5044603681A68002180F8421012F45A
S3250800EC40804F0ED01A6822F480421A6094F84130DBB2292B0DD094F84130DBB22A2B18D0A3
S3250800EC6010BD12F4004FF1D01A6822F400421A60ECE7282384F841302123236301212046F2
S3250800EC80FDF7C6FC002384F840302046FFF7CEFFE6E7282384F8413022232363022120461F
S3250800ECA0FDF7B6FC002384F840302046FFF7BFFFD6E708B5806AC36AB3F1807F00D033B987
S3250800ECC00268136823F480431360FFF7B1FF08BD08B5806AC26AC36B1B685B6813B912F56F
S3250800ECE0803F00D108BD0268136823F400431360FFF79EFFF6E77047F8B5044690F84130E8
S3250800ED0003F02803282B06D003680822DA61002380F84030F8BD03689E69C6F300469A699A
S3250800ED20120C02F0FE059A68C2F30902DF6807F0FE07C168022922D185EAD21515F0060FF6
S3250800ED4010D1816C01318164816C0229E2D1002181640820D86184F8401031462046FFF7EF
S3250800ED60CAFFD7E74FF40041FDF752FC002384F840303A4631462046FFF7BDFFCAE74FF426
S3250800ED800041FDF745FC002384F840302A4631462046FFF7B0FFBDE7704710B50446184B21
S3250800EDA0C36200230363202280F8412080F84230436311F0040F13D003685A6A436A1A708F
S3250800EDC0436A01334362038D53B1013B0385438D9BB2013B9BB24385436C43F00403436449
S3250800EDE048F203012046FDF713FC23681022DA61002384F840302046FFF7CEFF10BD00BFA2
S3250800EE000000FFFF704770477047704708B590F84130DBB2602B06D00023036380F84030F5
S3250800EE20FFF7F2FF08BD202380F841300023036380F84030FFF7E9FFF4E710B5044690F82B
S3250800EE404130002084F842003A4AE2626085626C0A436264283BDBB2022B19D8032120462F
S3250800EE60FDF7D6FB282384F84130334B6363236BA26B1AB1112B1BD0212B19D0E26B1AB169
S3250800EE80122B36D0222B34D02046FFF7BFFF10BD48F203012046FDF7BBFB94F84130DBB211
S3250800EEA0602B02D0202384F8413000236363DEE723681A6812F4804F03D01A6822F48042FA
S3250800EEC01A60A06BFDF7BEF901280ED0A36B1B4A9A63002384F84030A06BFDF766F80028E9
S3250800EEE0D5D0A06B836B9847D1E72046FFF78EFFCDE723681A6812F4004F03D01A6822F465
S3250800EF0000421A60E06BFDF79DF901280ED0E36B0A4A9A63002384F84030E06BFDF745F821
S3250800EF200028B4D0E06B836B9847B0E72046FFF76DFFACE70000FFFFA9F000083FF800082F
S3250800EF4070B504460D460268166890F84130DBB22021D161212B0DD0292B0BD0222B01D08A
S3250800EF602A2B0ED148F202012046FDF751FB2223236306E048F201012046FDF749FB21239D
S3250800EF8023632268536843F4004353602268536823F0FF7323F48B3323F4FF7323F001032C
S3250800EFA053602046FDF7CAFA16F4804F40D02268136823F480431360A36B1BB11B685B6817
S3250800EFC09BB2638515F0040F11D025F0040523685A6A636A1A70636A01336362238D33B1D7
S3250800EFE0013B2385638D9BB2013B9BB26385638D9BB21BB1636C43F004036364002384F8F9
S3250800F00042306363636C1BBBE36A13F5803F2DD194F84130DBB2222B38D0202384F84130E4
S3250800F0200023236384F840302046FFF7FFFD2CE016F4004FC6D02268136823F40043136008
S3250800F040E36B002BBED01B685B689BB26385B9E7616C2046FFF7F1FE94F84130DBB2282B8B
S3250800F06013D129462046FFF798FE0EE02046FFF7DFFD0C4BE362202384F8413000232363A2
S3250800F08084F840302046FFF787FE70BD202384F841300023236384F840302046FFF7C7FD83
S3250800F0A0F3E700BF0000FFFFF8B5C76A90F84030012B00F09E8004460D461646012380F806
S3250800F0C0403011F0200F02D012F0200F19D115F0100F3ED016F0100F3BD0638D9BB243BBF8
S3250800F0E094F84130DBB2282B0ED094F84130DBB2292B11D023681022DA61002084F84000B4
S3250800F100F8BDFFF71DFFE2E7B7F1007FEDD129462046FFF742FEF0E717F5803FEAD023687A
S3250800F1201022DA612046FDF709FA2046FFF780FDE3E723681022DA61636C43F0040363648C
S3250800F14017B1B7F1807FD8D1616C2046FFF775FED3E715F0040F1FD016F0040F1CD0638D37
S3250800F1609BB273B123685A6A636A1A70636A01336362238D013B2385638D9BB2013B9BB24A
S3250800F1806385638D9BB2002BB7D117F5803FB4D02046FFF74DFDB0E715F0080F02D016F009
S3250800F1A0080F18D115F0020FA7D016F0020FA4D0638D9BB2A3B1626A236812789A62636AEE
S3250800F1C001336362638D9BB2013B9BB26385238D013B238591E729462046FFF78DFD8CE7A6
S3250800F1E0B7F1807F01D0002F87D12046FFF720FD83E7022084E730B583B004460D46036872
S3250800F2002022DA6190F84130DBB2212B33D090F84130DBB2222B34D02268536823F0FF73ED
S3250800F22023F48B3323F4FF7323F00103536000236363A3F58033E36215F0100F06D023689A
S3250800F2401022DA61636C43F00403636494F84130DBB2602B1BD02046FDF770F9626C94F846
S3250800F2604130DBB2602B00D0D2B1616C2046FFF7E4FD03B030BD0121FDF7CAF91123236367
S3250800F280CAE70221FDF7C4F912232363C4E715F0040FE0D023685B6ADBB20193019BDAE7DF
S3250800F2A094F84130DBB2212B17D094F84130DBB2222BDED1202384F841300023236394F898
S3250800F2C04230DBB2402B24D0002384F8423084F840302046FFF77FFCCBE7202384F841300C
S3250800F2E00023236394F84230DBB2402B08D0002384F8423084F840302046FFF76BFCB8E72A
S3250800F300002384F8423084F840302046FFF77AFDAFE7002384F8423084F840302046FFF720
S3250800F32072FDA6E790F84030012B00F0B98070B582B004460D461646012380F8403011F019
S3250800F340100F02D012F0100F22D115F0040F29D016F0040F26D025F0040523685A6A636A40
S3250800F3601A70636A01336362238D013B2385638D9BB2013B9BB2638515F0200F03D016F0E0
S3250800F380200F40F08880002084F8400002B070BD03681022DA61436C43F004034364FDF7E1
S3250800F3A0CDF8E9E715F0020F12D016F0020F0FD0626A236812789A62636A01336362238D69
S3250800F3C0013B2385638D9BB2013B9BB26385D3E715F0800F3FD016F0400F3CD0638D9BB292
S3250800F3E05BB3238D4BBB23685968C1F30901638D9BB2FF2B0ED8628D92B22285E36A13F5B5
S3250800F400803F11D0E36A00200090D2B22046FDF7A6F8B1E7FF222285002300934FF080737D
S3250800F4202046FDF79CF8A7E7002300934FF00073D2B22046FDF793F89EE723685B6813F09B
S3250800F440007F03D12046FFF7C7FB95E740212046FFF7F3FC90E715F0400F8DD016F0400F88
S3250800F4608AD0638D9BB28BB923685A6812F0007F82D1E26A12F5803F04D15A6842F48042E1
S3250800F4805A6079E72046FFF7A7FB75E740212046FFF7D3FC70E729462046FFF7ACFE72E739
S3250800F4A002207047F8B5C76A90F84030012B00F0898004460D461646012380F8403011F064
S3250800F4C0200F02D012F0200F17D115F0100F6AD016F0100F67D0C6F3803216F4804F02D133
S3250800F4E016F4004F5BD0E36B53B116F4004F09D01B685B683BB3002105E0FFF721FDE4E7DD
S3250800F500002100E00021A36B1BB112B11B685B68DBB1D1B923681022DA61636C43F00403C1
S3250800F520636494F84130DBB217B1B7F1807F40D1212B2DD0292B2BD0222B01D02A2B29D1E7
S3250800F5402223236326E00121DDE794F84130DBB2282B08D094F84130DBB2292B0BD02368ED
S3250800F5601022DA6125E0B7F1007FF3D129462046FFF713FC1DE017F5803FF0D02368102201
S3250800F580DA612046FCF7DAFF2046FFF751FB10E021232363616C2046FFF74FFC09E02368A6
S3250800F5A01022DA6105E015F0080F02D016F0080F03D1002084F84000F8BD29462046FFF7B0
S3250800F5C09BFBF6E70220F7E790F84030012B00F09A8010B582B00446012380F8403011F02E
S3250800F5E0100F02D012F0100F32D111F0800F60D012F0400F5DD02268136823F040031360DC
S3250800F600638D9BB2002B46D023685968C1F30901638D9BB2FF2B2DD9FF2323854FF08073EB
S3250800F6200022009294F828202046FCF798FF638D9BB2228D9B1A9BB2638594F84130DBB2E4
S3250800F640222B22D02268136843F4804313600CE003681022DA61436C43F004034364202156
S3250800F660FCF79BFF2046FCF769FF002084F8400002B010BD638D2385E36A13F5803F01D056
S3250800F680E36ACDE74FF00073CAE72268136843F400431360E9E723685B6813F0007F03D192
S3250800F6A02046FFF799FAE0E740212046FFF7C5FBDBE711F0400F1CD012F0400F19D0638DE1
S3250800F6C09BB28BB923685A6812F0007FCDD1E26A12F5803F04D15A6842F480425A60C4E719
S3250800F6E02046FFF779FAC0E740212046FFF7A5FBBBE711F0200FB8D012F0200FB5D02046B3
S3250800F700FFF779FDB1E70220704708B5806A0268536843F4004353601021FFF78EFB08BD90
S3250800F72010B5846A2268136823F480431360638D9BB2ABB1238D616A19446162638D9BB245
S3250800F740FF2B12D9FF2323852268238D2832A06BFCF7CBFB60B110212046FFF76EFB10BD90
S3250800F76020212046FCF719FFF9E7638D2385EBE740212046FCF711FFF1E710B5846A2268A0
S3250800F780136823F400431360638D9BB2ABB1238D626A1A446262638D9BB2FF2B12D9FF2368
S3250800F7A023852168238D2431E06BFCF79EFB60B110212046FFF741FB10BD20212046FCF7ED
S3250800F7C0ECFEF9E7638D2385EBE740212046FCF7E4FEF1E710B502689369116813F4807FC9
S3250800F7E009D011F0800F06D0446C44F0010444644FF48074D46113F4806F0AD011F0800F5F
S3250800F80007D0426C42F00802426402684FF48064D46113F4007F0AD011F0800F07D0436C37
S3250800F82043F00203436403684FF40072DA61416C11F00B0F00D110BDFFF7FFFAFBE708B58C
S3250800F840806A836B0BB100229A63C36B0BB100229A63FFF7DBFA08BD90F84100704790F846
S3250800F86042007047406C704790F84130DBB2202B24D190F84030012B22D0012380F8403036
S3250800F880242380F841300268136823F0010313600268136823F48053136002681368194338
S3250800F8A011600268136843F001031360202380F84130002380F84030184670470220704715
S3250800F8C00220704790F84130DBB2202B22D190F84030012B20D0012380F84030242380F89E
S3250800F8E041300268136823F0010313600268136823F4706343EA012111600268136843F073
S3250800F90001031360202380F84130002380F8403018467047022070470220704790F841306B
S3250800F920DBB2202B20D190F84030012B1ED0012380F84030242380F841300268136823F0AA
S3250800F940010313600268136843F4802313600268136843F001031360202380F84130002312
S3250800F96080F8403018467047022070470220704790F84130DBB2202B20D190F84030012BE4
S3250800F9801ED0012380F84030242380F841300268136823F0010313600268136823F4802321
S3250800F9A013600268136843F001031360202380F84130002380F84030184670470220704712
S3250800F9C00220704782B0084A116E41F001011166126E02F001020192019B044A53680343A0
S3250800F9E0536002B0704700BF001002400000014082B0084A116E41F001011166126E02F06C
S3250800FA0001020192019B044A536823EA0003536002B07047001002400000014082B00A4B57
S3250800FA201A6E42F001021A661A6E02F001020092009A9A6D42F080529A659B6D03F08053FA
S3250800FA400193019B02B0704700100240044B9A6B42F080529A639A6B22F080529A637047BB
S3250800FA6000100240024A136843F480731360704700700040024A136823F480731360704760
S3250800FA80007000401E4A536823F00E0301680B4353601C4B5A6822F480325A601A6822F4B4
S3250800FAA080321A60DA6822F48032DA609A6822F480329A60436813F4803F04D0114A1368E9
S3250800FAC043F480331360436813F4003F04D00D4A536843F480335360436813F0010F04D0B5
S3250800FAE0084A936843F480339360436813F0020F04D0044AD36843F48033D36000207047BE
S3250800FB000070004000040140024A536843F001035360704700700040024A536823F001036C
S3250800FB205360704700700040064AD36800F01F0123EA010343EA5010D060936819439160EC
S3250800FB40704700BF00700040034A936800F01F0023EA0003936070470070004010B50C4699
S3250800FB60A0B90F4B5B6913F4007F0AD10D4A136923F004031361012C10D040BF20BF20BF74
S3250800FB8010BD00F0C9FA0028F0D0F9E7044B5B6913F4007FEAD100F0B7FAE7E730BFEFE787
S3250800FBA00070004000ED00E008B5B0F5804F03D0084600F0D7FA08BD084600F0EFFAFAE7DA
S3250800FBC0064A136823F0070343F003031360044A136943F00403136130BF704700700040B5
S3250800FBE000ED00E0024A136943F002031361704700ED00E0024A136923F002031361704727
S3250800FC0000ED00E0024A136943F010031361704700ED00E0024A136923F0100313617047EA
S3250800FC2000ED00E0704700BF024B186800F4C060704700BF00700040B0F5007F0FD01F4BFF
S3250800FC401B6803F4C063B3F5806F34D01B4A136823F4C06343F48063136000207047174B7E
S3250800FC601B6803F4C063B3F5007F20D0134A136823F4C06343F400731360114B1A68322360
S3250800FC8003FB02F30F4AA2FB03239B0C013300E0013B0A4A526912F4806F01D0002BF7D188
S3250800FCA0064B5B6913F4806F03D10020704700207047032070470020704700BF0070004089
S3250800FCC02C00002083DE1B43054AD36823F400730343D360D36843F48073D360704700BF70
S3250800FCE000700040024AD36823F48073D360704700700040024A536843F480635360704790
S3250800FD0000700040024A536823F480635360704700700040024A936843F40043936070479F
S3250800FD2000700040024A936823F400439360704700700040072835D8DFE800F004121E34AF
S3250800FD4034343428184B1A6A21F4804002431A625A6A21F4204122EA01015962002070477A
S3250800FD60114B9A6A0A439A62DA6A21F0100122EA0101D962002070470B4B1A6B0A431A63A1
S3250800FD805A6B22EA0101596300207047064B9A6D01F00B010A439A65DA6D22EA0101D965BB
S3250800FDA0002070470120704700700040072825D8DFE800F0040D14242424241B104A136A4C
S3250800FDC021F4804123EA01011162002070470C4A936A23EA0101916200207047084A136BEA
S3250800FDE023EA0101116300207047054A936D01F00B0123EA0101916500207047012070479B
S3250800FE0000700040072835D8DFE800F004121E3434343428184B5A6A21F4204002435A6268
S3250800FE201A6A21F4804122EA0101196200207047114BDA6A21F010000243DA629A6A22EAA8
S3250800FE4001019962002070470B4B5A6B0A435A631A6B22EA0101196300207047064BDA6D1D
S3250800FE6001F00B010A43DA659A6D22EA01019965002070470120704700700040072827D84B
S3250800FE80DFE800F0040D16262626261D114A536A21F4204123EA01015162002070470D4A43
S3250800FEA0D36A21F0100123EA0101D16200207047084A536B23EA0101516300207047054AC3
S3250800FEC0D36D01F00B0123EA0101D165002070470120704700700040024A936843F48063D2
S3250800FEE09360704700700040024A936823F48063936070470070004028B9094A936823F4B9
S3250800FF00807393607047B0F5807F06D1044A936843F480739360002070470120704700BFE7
S3250800FF200070004008B54FF48070FFF7E5FF08BD08B50020FFF7E0FF08BD034A536843F0C2
S3250800FF4010035360704700BF00700040024A536823F010035360704700700040024A536859
S3250800FF6043F040035360704700700040024A536823F040035360704700700040024A536865
S3250800FF8043F080035360704700700040024A536823F0800353607047007000400368402BF6
S3250800FFA03CD0802B71D0102B01D001207047554B5A6A22F008025A621A6A22F008021A62FF
S3250800FFC0DA6A22F00802DA629A6A22F008029A62436813F4803F04D04A4A136A43F00803C7
S3250800FFE01362436813F4003F04D0464A536A43F008035362436813F0010F04D0414A936A5F
S3250801000043F008039362436813F0020F74D03D4AD36A43F00803D36200207047394B5A6A45
S3250801002022F020025A621A6A22F020021A62DA6A22F02002DA629A6A22F020029A624368FA
S3250801004013F4803F04D02F4A136A43F020031362436813F4003F04D02A4A536A43F02003EA
S325080100605362436813F0010F04D0264A936A43F020039362436813F0020F3FD0214AD36AFC
S3250801008043F02003D362002070471E4B5A6A22F040025A621A6A22F040021A62DA6A22F008
S325080100A04002DA629A6A22F040029A62436813F4803F04D0134A136A43F0400313624368AA
S325080100C013F4003F04D00F4A536A43F040035362436813F0010F04D00A4A936A43F040035D
S325080100E09362436813F0020F0AD0064AD36A43F04003D362002070470020704700207047A6
S325080101000020704700040140024A136843F4804313607047007000400F4A136823F480436B
S3250801012013600E4B1A68322303FB02F30C4AA2FB03239B0C0133084A526912F4007F02D0C2
S325080101400BB1013BF7E7044B5B6913F4007F01D10020704703207047007000402C000020A2
S3250801016083DE1B430B4A136823F0070313600A4A136943F004031361012808D040BF20BFF4
S3250801018020BF054A136923F004031361704730BFF7E700BF0070004000ED00E00C4A136887
S325080101A023F0070343F0010313600A4A136943F004031361012808D040BF20BF20BF054ADE
S325080101C0136923F004031361704730BFF7E700BF0070004000ED00E00C4A136823F0070358
S325080101E043F0020313600A4A136943F004031361012808D040BF20BF20BF054A136923F02B
S3250801020004031361704730BFF7E700BF0070004000ED00E0064A136823F0070343F0040372
S325080102201360044A136943F00403136130BF70470070004000ED00E070477047704708B5BF
S32508010240164B5B6913F4803F0FD1144B5B6B13F0080F11D1114B5B6B13F0200F12D10F4B12
S325080102605B6B13F0400F13D108BDFFF7DBFC0B4B4FF480325A61E8E7FFF7DEFF074B0822BD
S325080102805A63E7E7FFF7D9FF044B20225A63E6E7FFF7D4FF014B40225A63E5E70004014096
S325080102A030B583B00446204B9B6D13F0805F0BD0FFF7BAFCB0F5007F17D0802C1FD82DD046
S325080102C0702C2DD000211BE0174DAB6D43F08053AB65AB6D03F080530193019BFFF7A4FC24
S325080102E0AB6D23F08053AB65E4E7802C03D9A02C03D9022104E0002102E0012100E00321B6
S325080103000A4A136823F007030B431360136803F007038B4206D1002003B030BD0221EFE74C
S325080103200121EDE70120F7E7001002400020024038B5344A136843F001031360FAF79EFDE9
S325080103400446304B1B6813F0020F07D1FAF796FD001B0228F5D90324204638BD294A136853
S3250801036023F0F00343F06003136000239360264B264A1A60264B1868FAF740FD044608B1CC
S325080103800124E9E7FAF77AFD05461E4B9B6813F00C0F08D0FAF772FD401B41F288339842C1
S325080103A0F3D90324D8E7174A11681A4B0B401360FAF764FD0546134B1B6813F0206F06D099
S325080103C0FAF75CFD401B0228F5D90324C4E70D4B0022DA60D96841F48051D9601A6119696E
S325080103E041F480511961196821F4802119609A614FF0FF321A62D3F8942042F40002C3F865
S325080104009420A9E7001002402C00002000093D0028000020FFF4FEFA70B586B00D46164668
S32508010420104CE36C43F00103E364E36C03F001030093009B4FF480730193022302930493F5
S3250801044000230393059301A94FF09040FBF700FFA36823F0FE4345EA06021A43A26006B0E7
S3250801046070BD00BF00100240284A9368D26802F0030213F00C030AD00C2B06D0042B1FD07A
S32508010480082B20D00020024610E0012AF6D11F4A126812F0080F0CD11C4AD2F89420C2F36E
S325080104A003221B4951F8222043B100200C2B0DD07047164A1268C2F30312F2E71046F5E78B
S325080104C014480022F2E714480022EFE70F4BDB6803F00303022B16D0032B00D10E4A0B4B0C
S325080104E0D868C0F302100130D968C1F3062102FB01F2B2FBF0F2D868C0F341600130400017
S32508010500B2FBF0F0D4E7034AE9E700BF0010024024E701080024F40000127A00002800F086
S325080105202783F0B583B00446AE4B9D6805F00C05DE6806F00306036813F0100F5AD0E5B14A
S325080105400C2D18D0A369002B00F0BB80A54A136843F001031360FAF791FC0746A14B1B68BB
S3250801056013F0020F40F09A80FAF788FCC01B0228F4D9032007E3012EE4D19A4B1B6813F06B
S32508010580020F03D0A369002B00F0F482206A954B1B6813F0080F5BD0924B1B6803F0F00353
S325080105A098425CD88F4B1A6842F008021A601A6822F0F002216A0A431A605A6822F47F429B
S325080105C0E16942EA01225A60002D60D0FFF74CFF844B9B68C3F30313834AD35C03F01F036C
S325080105E0D840824B1860824B1868FAF707FC002840F0C982236813F0010F00F08180082DE7
S3250801060075D00C2D71D06368B3F5803F00F09780B3F5A02F00F09980724B1A6822F480324C
S325080106201A601A6822F480221A606368002B00F09980FAF723FC07466A4B1B6813F4003FA3
S325080106405ED1FAF71BFCC01B6428F5D903209AE2644BD3F894301B0903F0F003A0E7FFF7BB
S325080106601FFE002840F088825E4B1A6842F008021A601A6822F0F002216A0A431A605A6871
S3250801068022F47F42E16942EA01225A609EE7206AFFF706FE002899D0012074E2514B1A68F2
S325080106A042F008021A601A6822F0F002216A0A431A605A6822F47F42E16942EA01225A60B1
S325080106C098E7484A136823F001031360FAF7D6FB0746444B1B6813F0020F8BD0FAF7CEFBAB
S325080106E0C01B0228F5D903204DE2032E8BD13D4B1B6813F4003F03D06368002B00F03E826F
S32508010700236813F0020F4FD0042D3CD00C2D38D0E368002B77D0334A136843F4807313603C
S32508010720FAF7ACFB06462F4B1B6813F4806F61D1FAF7A4FB801B0228F5D9032023E2294AE3
S32508010740136843F4803313606FE703F18043A3F53C331A6842F480221A601A6842F4803260
S325080107601A6062E7FAF78AFB07461E4B1B6813F4003FC5D0FAF782FBC01B6428F5D9032057
S3250801078001E2022EC4D1174B1B6813F4806F03D0E368002B00F0F481124A536823F0F853A4
S325080107A0216943EA01635360236813F0080F55D06369002B3BD00B4AD2F8943043F0010376
S325080107C0C2F89430FAF75AFB0646064BD3F8943013F0020F42D1FAF751FB801B0228F4D924
S325080107E00320D0E10010024054E701082C00002028000020B44A536823F0F853216943EA1E
S3250801080001635360D0E7B04A136823F480731360FAF734FB0646AC4B1B6813F4806FC3D09A
S32508010820FAF72CFB801B0228F5D90320ABE1A64AD2F8943023F00103C2F89430FAF71EFB32
S325080108400646A14BD3F8943013F0020F06D0FAF715FB801B0228F4D9032094E1236813F01F
S32508010860040F7AD0984B9B6D13F0805F36D1964B9A6D42F080529A659B6D03F080530193EB
S32508010880019B0126914B1B6813F4807F28D0A368012B39D0052B3FD08B4BD3F8902022F047
S325080108A00102C3F89020D3F8902022F00402C3F89020A368002B3DD0FAF7E0FA0746824B95
S325080108C0D3F8903013F0020F46D1FAF7D7FAC01B41F288339842F2D9032054E10026D1E7ED
S325080108E07A4A136843F480731360FAF7C7FA0746764B1B6813F4807FC9D1FAF7BFFAC01BA5
S325080109000228F5D903203EE16F4AD2F8903043F00103C2F89030CCE76B4BD3F8902042F084
S325080109200402C3F89020D3F8902042F00102C3F89020BEE7FAF7A2FA0746634BD3F8903064
S3250801094013F0020F08D0FAF799FAC01B41F288339842F2D9032016E1E6B9236813F0200F34
S3250801096035D0636AE3B1584AD2F8983043F00103C2F89830FAF782FA0646534BD3F898302B
S3250801098013F0020F23D1FAF779FA801B0228F4D90320F8E04C4A936D23F080539365DCE718
S325080109A0494AD2F8983023F00103C2F89830FAF765FA0646444BD3F8983013F0020F06D0C2
S325080109C0FAF75CFA801B0228F4D90320DBE0A36A002B00F0D780022B27D00C2D00F0D7802E
S325080109E0394B1A6822F080721A601B6813F0006F04D1354AD36823F00303D360324AD368DD
S32508010A0023F0887323F48033D360FAF737FA04462D4B1B6813F0007F00F0A880FAF72EFAA2
S32508010A20001B0228F4D90320ADE0274BDB6803F00301E26A914209D00C2D00F0A680224B85
S32508010A401B6813F0806F2BD001209CE003F07002216B0139B2EB011FEED103F4FE42616BD0
S32508010A60B2EB012FE8D103F07842A16BB2EBC16FE2D103F4C001E26B5208013AB1EB425FD1
S32508010A80DAD103F0C063226C5208013AB3EB426FD2D10D4B1B6813F0007F4DD0002072E085
S32508010AA0094A136823F080731360FAF7E7F90546054B1B6813F0007F0AD0FAF7DFF9401B71
S32508010AC00228F5D903205EE00010024000700040304AD36830491940E36A206B013843EAE7
S32508010AE00013606B43EA0023E06B4008013843EA4053206C4008013843EA4063A06B43EA18
S32508010B00C0630B43D360136843F080731360D36843F08073D360FAF7B1F904461D4B1B68AA
S32508010B2013F0007F06D1FAF7A9F9001B0228F5D9032028E0002026E0164B1A6842F080724F
S32508010B401A60DA6842F08072DA60FAF797F90446104B1B6813F0007F06D1FAF78FF9031BD3
S32508010B60022BF5D903200EE000200CE000200AE001207047012006E0012004E0012002E05D
S32508010B80012000E0002003B0F0BD0120FBE70120F9E700BF001002408C809D01002800F0EE
S32508010BA0988070B50C4605464E4B1B6803F007038B420BD24B4A136823F007030B4313609B
S32508010BC0136803F007038B4240F085802B6813F0010F39D06B68032B09D0022B26D063BBC2
S32508010BE0414A126812F0020F06D1012070E03E4A126812F0007F70D03B498A6822F0030236
S32508010C0013438B60FAF73AF90646374B9B6803F00C036A68B3EB820F16D0FAF72FF9801BF2
S32508010C2041F288339842F0D9032051E02E4A126812F4003FE0D101204AE02B4A126812F498
S32508010C40806FD9D1012043E02B6813F0020F06D0254A936823F0F003A9680B439360214BFD
S32508010C601B6803F00703A3420AD91E4A136823F0070323431360136803F00703A3422ED1E8
S32508010C802B6813F0040F06D0174A936823F4E063E9680B4393602B6813F0080F07D0124A9E
S32508010CA0936823F46053296943EAC1039360FFF7DBFB0D4B9B68C3F303130C4AD35C03F07F
S32508010CC01F03D8400A4B18600A4B1868FAF796F870BD012070470120FAE70120F8E7012082
S32508010CE0F6E700BF002002400010024054E701082C00002028000020014B1868704700BF7B
S32508010D002C00002008B5FFF7F7FF054B9B68C3F30223044AD35C03F01F03D84008BD00BF73
S32508010D200010024064E7010808B5FFF7E5FF054B9B68C3F3C223044AD35C03F01F03D840CF
S32508010D4008BD00BF0010024064E701083F230360434B1B6813F4802F5AD04FF4A0234360FB
S32508010D603F4B1B6813F0010F5ED0012383613C4B5A68C2F30722C2611A6802F0F0020262FA
S32508010D801B6813F4807F52D04FF48073C360344A5368C3F304630361D2F8903013F0040FE6
S32508010DA048D0052383602E4BD3F8943013F0010F4CD0012343612A4BD3F8983013F0010FE7
S32508010DC047D001234362264B1B6813F0807F43D002238362224AD36803F00303C362D36811
S32508010DE0C3F3021301330363D368C3F306234363D368C3F3415301335B00C363D368C3F394
S32508010E00416301335B000364D368DB0E83637047134B1B6813F4803F03D04FF48033436055
S32508010E209EE7002343609BE7002383619FE70023C360ACE70A4BD3F8903013F0010F02D0AB
S32508010E4001238360AFE700238360ACE700234361B1E700234362B6E701238362BAE700BF20
S32508010E60001002400F2303600B4B9A6802F0030242609A6802F0F00282609A6802F4E06289
S32508010E80C2609B68DB0803F4E0630361034B1B6803F007030B6070470010024000200240F9
S32508010EA0024A136843F400231360704700100240704708B5064BDB6913F4807F00D108BDE1
S32508010EC0FFF7F6FF024B4FF480721A62F7E700BF00100240054BD3F89400D3F8942042F4C7
S32508010EE00002C3F8942000F07E40704700100240B0F5006F2AD00023B3F5000F30D0002BA8
S32508010F0066D103F1804303F504331B6813F0006F55D0304B1B6913F4803F50D02D4BD868EE
S32508010F20C0F302100130B1FBF0F11869C0F306201B69DB0E05D1274B1B6913F4003F3CD03A
S32508010F40112300FB01F0B0FBF3F07047214BD3F8883003F44003B3F5400FCDD11E48704742
S32508010F6003F17E5303F504331B6813F0007F1ED0184BDB6813F4803F19D0164BD868C0F3D2
S32508010F8002100130B1FBF0F1D868C0F30620DB68DB0E05D10F4BDB6813F4003F05D011236B
S32508010FA000FB01F0B0FBF3F070470723F8E7094B186810F4806009D170470723C1E7054B7D
S32508010FC0186810F48060F7D00448F5E703487047002070470010024068FF1F000024F400E6
S32508010FE0F8B504460F46584BDB6813F0030F18D0554BDB6803F003030268934202D00125A0
S325080110002846F8BD002A00F09D804F4BDB68C3F3021301334268934201D00125F0E7002519
S3250801102009E00368022B56D0032B5BD0012B41D00125002DE4D1444A136823F080631360EA
S32508011040F9F71CFF0646404B1B6813F0006F05D0F9F714FF831B022BF5D90325002DCFD144
S32508011060002F4DD138490B6923F0784323F4FE43A068E268D20642EA002213430B61324A43
S32508011080136843F080631360F9F7F8FE06462E4B1B6813F0006F05D1F9F7F0FE831B022B1E
S325080110A0F5D90325002DABD1274A1369A1690B431361A5E7244A126812F0020F1ED02248EA
S325080110C0C26822F073026168013943EA01131343C3600025ADE71C4A126812F4806FEED146
S325080110E00125A6E7184A126812F4003FE7D1164A126812F4802FE2D101259AE7012598E7C7
S32508011100012F0FD01048026922F0C06222F4FE42A16863695B08013B5B0643EA01231343E8
S325080111200361ACE70848026922F4C00222F4FE42A16823695B08013B5B0543EA0123134385
S3250801114003619CE701255BE7001002402DE9F04182B00446036813F4006F25D0C36BB3F570
S32508011160000F06D0B3F5400F12D04BB1012637461CE0AE4AD36843F48033D360002708E0A7
S3250801118000210430FFF72CFF074610B106460DE00027A64AD2F8883023F44003E16B0B43F6
S325080111A0C2F88830002601E000263746236813F4003F6BD09D4B9B6D13F0805F4CD19B4B23
S325080111C09A6D42F080529A659B6D03F080530193019B4FF00108964A136843F480731360B8
S325080111E0F9F74CFE0546924B1B6813F4807F05D1F9F744FE401B0228F5D90327002F40D130
S325080112008A4BD3F8903013F4407315D0226D9A4212D0864AD2F8903023F44073D2F89010E5
S3250801122041F48031C2F89010D2F8901021F48031C2F89010C2F8903013F0010F0FD1002F39
S3250801124040F0C980794AD2F8903023F44073216D0B43C2F8903015E04FF00008BBE7F9F7CB
S325080112600DFE0546714BD3F8903013F0020FE6D1F9F704FE401B41F288339842F2D90327ED
S32508011280DDE73E46B8F1000F40F0A780236813F0010F08D0654AD2F8883023F00303216A9D
S325080112A00B43C2F88830236813F0020F08D05F4AD2F8883023F00C03616A0B43C2F8883010
S325080112C0236813F0200F08D0584AD2F8883023F44063A16A0B43C2F88830236813F4007FB0
S325080112E008D0524AD2F8883023F44023616B0B43C2F88830236813F4806F08D04B4AD2F82B
S32508011300883023F44013A16B0B43C2F88830236813F0400F08D0454AD2F8883023F4405360
S32508011320E16A0B43C2F88830236813F4807F08D03E4AD2F8883023F44033216B0B43C2F802
S325080113408830236813F4005F0FD0384AD2F8883023F04063216C0B43C2F88830236CB3F1BC
S32508011360006F40D0B3F1806F42D0236813F4802F0FD02E4AD2F8883023F04063616C0B434F
S32508011380C2F88830636CB3F1006F39D0B3F1806F3BD0236813F4804F0CD0244AD2F8883016
S325080113A023F04053A16C0B43C2F88830A36CB3F1805F32D0236813F4004F08D01B4AD2F82F
S325080113C0883023F08043E16C0B43C2F88830304602B0BDE8F0813E4654E7144A936D23F0F5
S325080113E08053936552E7D36843F48013D360BCE70121201DFFF7F4FD0028B6D00646B4E724
S32508011400D36843F48013D360C3E70121201DFFF7E7FD0028BDD00646BBE70221201DFFF7A9
S32508011420DFFD0028C6D00646C4E700BF0010024000700040324B0360324BDA6802F00302B5
S325080114404260DA68C2F30212013282601A69C2F30622C2601A69520C120102F01002073208
S3250801146002611A69C2F341520132520042611A69C2F34162013252008261D3F8882002F05F
S3250801148003020262D3F8882002F00C024262D3F8882002F440628262D3F8882002F44052D3
S325080114A0C262D3F8882002F440320263D3F8882002F440224263D3F8882002F440128263A9
S325080114C0D3F8882002F44002C263D3F8902002F440720265D3F8882002F040620264D3F86B
S325080114E0882002F040624264D3F8882002F040528264D3F8883003F08043C364704700BF48
S3250801150063EF06000010024008B5B0F5003F25D0B84BDB6803F00303022B5FD0032B64D07F
S32508011520012B44D00021B0F5007F00F0158263D9B0F5804F00F0B88140F29A80B0F5004F77
S3250801154040F0EB80AB4BD3F8883013F0804300F05282002B40F0528200200EE0A54BD3F8E6
S32508011560903003F44073B3F5007F10D0B3F5407F16D0B3F5807F01D0002008BD9D4BD3F88E
S32508011580900010F00200F8D04FF40040F5E7994BD3F8940010F00200EFD04FF4FA40ECE72F
S325080115A0944B186810F40030E7D09348E5E7914B196811F00201B6D01B6813F0080F07D0D0
S325080115C08C4B1B68C3F303138C4A52F82310AAE7884BD3F89430C3F30323F5E7854B196887
S325080115E011F480619FD086499DE7824B196811F4003198D0834996E7202800F0298117D92D
S32508011600402800F07F81B0F5807F2FD1794BD3F8883003F44033B3F5803F00F09281B3F5FC
S32508011620003F00F09181002B00F088810020A4E7012800F0C580022816D16E4BD3F88830E0
S3250801164003F00C030C2B00F2E581DFE813F0E900E301E301E301EC00E301E301E301EF0004
S32508011660E301E301E301F700002086E7002084E7B0F5006F56D0B0F5005F2DD15D4BD3F8F1
S32508011680883003F04063B3F1006F71D051D8002B00F08D80B3F1806F49D1564B186810F07A
S325080116A000603FF46AAF186910F480103FF465AF1A461B69C3F3062303FB01F0D368C3F370
S325080116C002130133B0FBF3F01369C3F3415301335B00B0FBF3F050E7B0F5806F1BD1454BFA
S325080116E0D3F8883003F44013B3F5001F00F07B8100F26781002B00F07381B3F5801F40F0FB
S325080117005E813C4BD3F8940010F002003FF435AF4FF4FA4031E700202FE7B0F5802FADD040
S3250801172000202AE74FF40060FFF7E2FB25E7002023E7B3F1406F40F0698103F1505303F5C1
S325080117400433186810F002003FF417AF1B6813F0080F07D0274B1B68C3F30313274A52F8D8
S3250801176023000AE7234BD3F89430C3F30323F5E7204B186810F000703FF4FFAED86810F412
S3250801178080103FF4FAAE1A46DB68C3F3062303FB01F0D368C3F302130133B0FBF3F0D3685B
S325080117A0C3F3415301335B00B0FBF3F0E5E6114BD3F8980010F002003FF4DFAE1248DCE64B
S325080117C00C4BD3F8883003F00303032B00F22081DFE803F00205081CFFF7A6FACDE6FEF743
S325080117E043FECAE6034B186810F480603FF4C5AE0348C2E60010024090D0030024E70108D5
S325080118000024F40000127A00006CDC02834BD3F8900010F002003FF4B0AE4FF40040ACE6FA
S32508011820FFF770FAA9E6FEF71FFEA6E67B4B186810F480603FF4A1AE79489EE6774BD3F88E
S32508011840900010F002003FF498AE4FF4004094E6724BD3F8883003F44063B3F5006F1BD095
S3250801186008D8B3B1B3F5806F02D1FEF7FDFD84E6002082E6B3F5406F09D1684BD3F890008B
S3250801188010F002003FF479AE4FF4004075E6002073E6FFF737FA70E6604B186810F48060FA
S325080118A03FF46BAE5E4868E65C4BD3F8883003F04053B3F1805F06D0B3F1405F40F0AC8031
S325080118C0FEF7D2FD59E6554B186810F000603FF454AE186910F080703FF44FAE1A461B69BC
S325080118E0C3F3062303FB01F0D368C3F302130133B0FBF3F01369C3F3416301335B00B0FB33
S32508011900F3F03AE6454BD3F8883003F44053B3F5805F08D0B3F5005F08D00BB100202CE6EC
S32508011920FFF7F0F929E6FEF79FFD26E63B4B186810F480603FF421AE39481EE6FFF7E2F9CB
S325080119401BE6FEF791FD18E6344B186810F480603FF413AE324810E6304BD3F8883003F4BA
S325080119604023B3F5002F22D00FD8EBB1B3F5802F09D12A4BD3F8940010F002003FF4FDADC5
S325080119804FF4FA40F9E50020F7E5B3F5402F09D1224BD3F8900010F002003FF4EEAD4FF415
S325080119A00040EAE50020E8E5FFF7ACF9E5E51B4B186810F480603FF4E0AD1948DDE50020EA
S325080119C0DBE5B3F5401F09D1144BD3F8900010F002003FF4D2AD4FF40040CEE50020CCE5E2
S325080119E0FFF790F9C9E50D4B186810F480603FF4C4AD0B48C1E5FFF785F9BEE5074B186869
S32508011A0010F480603FF4B9AD0548B6E50020B4E50020B2E50020B0E50020AEE50010024028
S32508011A200024F40038B50546214A136823F080631360F9F723FA04461D4B1B6813F0006F44
S32508011A4006D0F9F71BFA001B0228F5D9032400E000240CB1204638BD154A136915481840B6
S32508011A60A9682B695B08013B5B0543EA012369694908013943EA4163E96843EAC16303434C
S32508011A8013611369A9690B431361136843F080631360F9F7F3F90546054B1B6813F0006F03
S32508011AA0D8D1F9F7EBF9401B0228F5D90324D1E700100240FF809D0110B5124A136823F04A
S32508011AC080631360F9F7DAF904460E4B1B6813F0006F06D0F9F7D2F9001B0228F5D903207F
S32508011AE000E00020074A136923F0887323F480331361136813F0007F03D1D36823F0030399
S32508011B00D36010BD00100240034A936823F4004303439360704700BF00100240044AD2F8A9
S32508011B20943023F4706343EA0013C2F89430704700100240034AD2F8903043F02003C2F83A
S32508011B409030704700100240054BD3F8902022F02002C3F890209A6922F400729A61704706
S32508011B60001002400A4BD3F8902042F02002C3F890209A6942F400729A61A3F586331A68FC
S32508011B8042F400221A609A6842F400229A60704700100240704708B5064BDB6913F4007F78
S32508011BA000D108BDFFF7F6FF024B4FF400721A62F7E700BF0010024030B589B00546244C4F
S32508011BC0E36C43F00103E364E36C03F001030193019B042303930323049302230693002358
S32508011BE0059303A94FF09040FAF732FBA36D13F0805F1ED1A26D42F08052A265A36D03F067
S32508011C0080530293029B0124124B1B6813F4807F11D000210E4AD2F8903023F0407343EACE
S32508011C20050040F08070C2F8900041B954B909B030BD0024E8E7FDF715FF0121EAE7FDF797
S32508011C4019FFF3E7024A936D23F080539365EEE7001002400070004010B582B0174B9B6D21
S32508011C6013F0805F1BD1154B9A6D42F080529A659B6D03F080530193019B0124104B1B681C
S32508011C8013F4807F0DD000210C4AD2F8903023F08073C2F8903041B954B902B010BD002427
S32508011CA0ECE7FDF7DFFE0121EEE7FDF7E3FEF3E7024A936D23F080539365EEE7001002407A
S32508011CC000700040024A136843F004031360704700100240024A136823F0040313607047BD
S32508011CE000100240104B9A6B42F080729A639A6B22F080729A6303684268134382681A434A
S32508011D00C3681343026943EA0242084B5A601A6822F47C52416942EA01221A601A6842F0BD
S32508011D2060021A60704700BF0010024000600040024A136843F08003136070470060004009
S32508011D40074B5A6892B202601A68C2F3052242609A68120C82609B6803F40043C3607047A1
S32508011D600060004070B50546F9F788F8064600240EE0F9F783F8801BA84202D85DB9012471
S32508011D8009E0012407E0214B0822DA60002C3AD1B5F1FF3FEDD11D4B9B6813F0010F04D044
S32508011DA044F00204194B0122DA60184B9B6813F0020F04D044F00404144B0222DA60134B74
S32508011DC09B6813F4806F04D044F020040F4B0422DA600E4B9B6813F4807F04D044F008049F
S32508011DE00A4B0422DA60094B9B6813F4007F04D044F01004054B0422DA60044B9B6813F021
S32508011E00080FC3D0BFE7204670BD00BF00600040704770477047704708B5204A93681268F9
S32508011E2013F0010F02D012F0010F25D113F0020F02D012F0020F25D113F0080F02D012F0C9
S32508011E40080F25D113F0040F1BD012F0040F18D013F4807000D0082013F4007F01D040F0F2
S32508011E60100013F4806F01D040F020000B4B0422DA60FFF7D0FF04E0084B0122DA60FFF727
S32508011E80C7FF08BD054B0222DA60FFF7C2FFF8E7024B0822DA60FFF7BDFFF2E70060004088
S32508011EA02DE9F04782B00546884617461E46F8F7E5FF0A9B1B1A03EB0609F8F7DFFF82467B
S32508011EC02A4B1B68C3F3CB3309FB03F301932B689C6838EA04030CBF01240024BC4240D0D7
S32508011EE0B6F1FF3FF3D0F8F7C9FFA0EB0A0048450AD2B9F1000F07D0019A02B14A46019B6C
S32508011F00013B01939146E2E72A68536823F0E00353606B68B3F5827F0BD0AB6AB3F5005FD9
S32508011F2014D0012385F85D30002385F85C30032018E0AB68B3F5004F02D0B3F5806FECD109
S32508011F402A68136823F040031360E6E72A68136823F4005313602A68136843F400531360DB
S32508011F60DFE7002002B0BDE8F08700BF2C0000202DE9F04F83B007460D461646984600230E
S32508011F808DF80330F8F77AFF0C9B1B1A03EB0809F8F774FF8246D7F800B0314B1B6803EBA1
S32508011FA08303C3EBC3031B0D09FB03F3019302E0B8F1FF3F11D13B689C682C40B4424AD094
S32508011FC0B5F5C06FF4D1002EF2D19BF80C30DBB28DF803309DF80330EAE7F8F74FFFA0EBEE
S32508011FE00A0048450AD2B9F1000F07D0019A02B14A46019B013B01939146DCE73A6853688E
S3250801200023F0E00353607B68B3F5827F0BD0BB6AB3F5005F14D0012387F85D30002387F8BF
S325080120205C30032018E0BB68B3F5004F02D0B3F5806FECD13A68136823F040031360E6E7F7
S325080120403A68136823F4005313603A68136843F400531360DFE7002003B0BDE8F08F00BFE1
S325080120602C00002070B582B004460D46164600920B4600224FF4C051FFF77AFFB0B90096EE
S325080120802B46002280212046FFF70AFFA8B900962B4600224FF4C0612046FFF769FF50B1E5
S325080120A0236E43F020032366032004E0236E43F020032366032002B070BD236E43F0200341
S325080120C023660320F7E770B582B004460D4616464368B3F5827F0DD000962B46002280211C
S325080120E02046FFF7DDFE90B96368B3F5827F14D002B070BD8368B3F5004F02D0B3F5806FCF
S32508012100EAD12268136823F040031360E4E7236E43F0200323660320EAE7A368B3F5004FF6
S3250801212002D0B3F5806FE3D100962B4600224FF4C0612046FFF71CFF0028D9D0236E43F0DA
S32508012140200323660320D3E710B584B004460268136823F0400313601D4B1B681D4AA2FB07
S3250801216003235B0A642202FB03F303930268536823F040035360039B43B1039B013B039386
S3250801218023685B6813F0400FF5D103E0236E43F040032366F8F772FE00906423002280211E
S325080121A02046FFF77DFE08B140232366F8F766FE0090642300224FF4C0612046FFF7D8FE72
S325080121C008B140232366072384F85D3004B010BD2C000020F119760510B584B00446384B00
S325080121E01B68384AA2FB03235B0A642202FB03F303930268536823F080035360039B43B194
S32508012200039B013B039323685B6813F0800FF5D103E0236E43F040032366F8F72FFE0246C2
S3250801222064212046FFF71EFF08B1402323662268136823F040031360F8F720FE00906423FA
S3250801224000224FF4C0612046FFF792FE08B14023236623685A6812F0400F2BD05A6822F0EB
S3250801226040025A60039B43B1039B013B039323685B6813F0400FF5D103E0236E43F0400301
S325080122802366F8F7FBFD00906423002280212046FFF706FE08B140232366F8F7EFFD009075
S325080122A0642300224FF4C0612046FFF761FE08B140232366072384F85D3004B010BD00BF2F
S325080122C02C000020F1197605704700286AD010B50446436A33B94368B3F5827F05D0002311
S325080122E0C36102E00023036143610023A36294F85D30002B4DD0022384F85D3022681368E2
S3250801230023F040031360E368B3F5E06F47D90022B3F5706F04D0B3F5E06F01D00023A36216
S32508012320636803F48273A16801F404410B43216901F002010B43616901F001010B43A16965
S3250801234001F400710B43E16901F038010B43216A01F080010B43A16A01F4005120680B4386
S325080123600360638B03F00403616A01F010010B43616B01F008010B43E16801F470610B4377
S32508012380216813434B6000202066012384F85D3010BD84F85C302046F8F778FCABE74FF45E
S325080123A08052B5E701207047704790B110B50446022380F85D300268136823F040031360E9
S325080123C0F8F7D6FC0020206684F85D0084F85C0010BD012070472DE9F04383B01D4690F8CA
S325080123E05C30012B00F0F180044688469146012380F85C30F8F742FD074694F85D60F6B232
S32508012400012E40F0CF80B8F1000F00F0CC80B9F1000F00F0C880032384F85D30002323663F
S32508012420C4F83880A4F83C90A4F83E902364A4F84430A4F846302365E364A368B3F5004FCD
S325080124401ED023681A6812F0400F03D11A6842F040021A60E368B3F5E06F3DD9636813B1F6
S32508012460B9F1010F23D1A26B23681288DA60A36B0233A363E38F9BB2013B9BB2E38716E042
S325080124802268136823F0400313602268136843F480431360D5E7F8F7F1FCC01BA84203D3BA
S325080124A0B5F1FF3F40F08980002D00F08880E38F9BB2002B61D023689A6812F0020FEAD056
S325080124C0A26B1288DA60A36B0233A363E28F92B2013A92B2E287EAE7636813B1B9F1010F0C
S325080124E033D1E38F9BB2012B0CD9A26B23681288DA60A36B0233A363E38F9BB2023B9BB2FB
S32508012500E38722E0A26B236812781A73A36B0133A363E38F9BB2013B9BB2E38715E0A36B94
S325080125201B781373A36B0133A363E38F9BB2013B9BB2E38709E0F8F7A1FCC01BA84202D36A
S32508012540B5F1FF3F3DD1002D3DD0E38F9BB2A3B12268936813F0020FEDD0E38F9BB2012BEC
S32508012560DDD9A36B1B88D360A36B0233A363E38F9BB2023B9BB2E387E7E73A462946204693
S32508012580FFF770FD08B120232366A36833B901932368DA6801929B680193019B236E13B9C9
S325080125A0002600E00226012384F85D30002384F85C30304603B0BDE8F0830326F3E7032619
S325080125C0F1E70326EFE70326EDE70226F1E72DE9F8431F46089D90F85C30012B00F06481A8
S325080125E0044688469146012380F85C30F8F746FC064694F85D30DBB26268012B0AD0B2F51B
S32508012600827F40F03881A268002A40F03D81042B40F03C81B8F1000F00F03A81B9F1000F67
S3250801262000F03881002F00F0378194F85D30DBB2042B02D0052384F85D3000232366C4F8CB
S325080126404090A4F84670A4F84470C4F83880E787A787E3642365E368B3F5E06F01D8012FCF
S3250801266023D92268536823F48053536023681A6812F0400F03D11A6842F040021A60E36880
S32508012680B3F5E06F58D963680BB1012F0BD1A26B23681288DA60A36B0233A363E38F9BB2FC
S325080126A0013B9BB2E387012725E02268536843F480535360DAE723689A6812F0010F11D0A8
S325080126C0B4F8462092B26AB1DA68236C1A80236C02332364B4F846309BB2013B9BB2A4F830
S325080126E046300127F8F7CAFB831BAB4203D3B5F1FF3F40F0D380E38F9BB22BB9B4F84630EC
S325080127009BB2002B00F0AD8023689A6812F0020FD1D0E28F92B2002ACDD0002FCBD0A26B81
S325080127201288DA60A36B0233A363E38F9BB2013B9BB2E3870027BEE763680BB1012F0FD158
S32508012740E38F9BB2012B0DD9A26B23681288DA60A36B0233A363E38F9BB2023B9BB2E38731
S32508012760012749E0A26B236812781A73A36B0133A363E38F9BB2013B9BB2E387F0E7E28F08
S3250801278092B2012A0CD9A26B1288DA60A36B0233A363E38F9BB2023B9BB2E38700273DE0B5
S325080127A0A26B12781A73A36B0133A363E38F9BB2013B9BB2E387002730E02268536843F439
S325080127C08053536001270DE0226C1B7B1370236C01332364B4F846309BB2013B9BB2A4F8CA
S325080127E046300127F8F74AFB801BA84202D3B5F1FF3F55D1002D55D0E38F9BB223B9B4F8FB
S3250801280046309BB2002B2CD023689A6812F0020F04D0E28F92B20AB1002FB0D123689A689E
S3250801282012F0010FDED0B4F8462092B2002AD9D0B4F8462092B2012AC6D9DA68236C1A8015
S32508012840236C02332364B4F846309BB2023B9BB2A4F84630B4F846309BB2012BADD90127CA
S32508012860C0E7324629462046FFF7FCFB20B120232366012000E00220012384F85D30002358
S3250801288084F85C30BDE8F8830220F5E70220F3E70120F1E70120EFE70120EDE70320EBE72D
S325080128A00320E9E70320E7E70220EBE72DE9F04383B00446884691461D464368B3F5827F0F
S325080128C043D094F85C30012B00F0BF80012384F85C30F8F7D3FA074694F85D60F6B2012E0E
S325080128E040F0A080B8F1000F00F09D80B9F1000F00F09980042384F85D3000232366C4F85A
S325080129004080A4F84490A4F84690A363A387E387E3642365E368B3F5E06F23D9226853681A
S3250801292023F480535360A368B3F5004F20D023681A6812F0400F03D11A6842F040021A6057
S32508012940E368B3F5E06F28D949E08368002BB8D1042380F85D30009513460A46FFF737FEC8
S32508012960064666E02268536843F480535360DAE72268136823F0400313602268136823F409
S3250801298080431360D3E7F8F779FAC01BA84202D3B5F1FF3F51D1002D51D0B4F846309BB279
S325080129A0002B33D023689A6812F0010FEBD0226C1B7B1370236C01332364B4F846309BB220
S325080129C0013B9BB2A4F84630E7E7F8F757FAC01BA84202D3B5F1FF3F33D1002D33D0B4F8E1
S325080129E046309BB293B123689A6812F0010FECD0DA68236C1A80236C02332364B4F846209E
S32508012A0092B2013A92B2A4F84620E8E73A4629462046FFF758FB08B120232366236E13B993
S32508012A20002600E00226012384F85D30002384F85C30304603B0BDE8F0830326F3E7032694
S32508012A40F1E70326EFE70326EDE70226F1E7034690F85C0001284CD0012083F85C00002900
S32508012A603CD0002A3CD093F85D00C0B201283CD1032083F85D000020186699639A87DA875E
S32508012A801864A3F84400A3F84600D864DA68B2F5E06F15D9184A1A659A68B2F5004F12D0CE
S32508012AA019684A6842F0A0024A601A68116811F0400F1CD1116841F040011160002010E0B2
S32508012AC00E4A1A65E8E719680A6822F040020A6019680A6842F480420A60E1E7012000E072
S32508012AE00120002283F85C2070470220F9E70020F7E70220704700BF61340108393401082A
S32508012B0030B4044690F85C00012867D0012084F85C0094F85D00C0B26568012807D0B5F569
S32508012B20827F49D1A568002D4CD104284CD100294CD0002A4CD0002B4CD094F85D00C0B29E
S32508012B40042802D0052084F85D0000202066A163A387E3872264A4F84430A4F84630E2683A
S32508012B60B2F5E06F1DD91E49E1641E492165B2F5E06F01D8012B19D92268536823F48053A5
S32508012B8053602268536843F0E003536023681A6812F0400F20D11A6842F040021A60002086
S32508012BA00BE01149E16411492165E0E72268536843F480535360E4E70220002384F85C30BB
S32508012BC030BC70470220F8E70220F6E70120F4E70120F2E70120F0E70020EEE70220EFE768
S32508012BE09336010859360108DF3501088335010810B5044683681BB94368B3F5827F3CD050
S32508012C0094F85C30012B5AD0012384F85C3094F85D00C0B298424BD100294AD0002A48D035
S32508012C20042384F85D30002323662164A4F84420A4F84620A363A387E3872365E368B3F50D
S32508012C40E06F22D92268536823F4805353601D4BE364A368B3F5004F1FD02268536843F021
S32508012C606003536023681A6812F0400F25D11A6842F040021A6000201BE0042380F85D3024
S32508012C8013460A46FFF73CFF16E02268536843F4805353600C4BE364DBE72268136823F0DB
S32508012CA0400313602268136823F480431360D4E70220002384F85C3010BD0020F9E7022006
S32508012CC0FAE700BFF7340108C934010838B590F85C30012B00F08C800446012380F85C3070
S32508012CE090F85D50EDB29D427CD100297BD0002A79D0032380F85D3000230366816382873A
S32508012D00C28703640365C364A0F84430A0F846308368B3F5004F39D0636D364A1A63636DC3
S32508012D20354ADA62636D354A5A63636D00229A632268536823F480435360E368B3F5E06FBA
S32508012D4004D8636D9B69B3F5806F2AD02268E38F9BB20C32A16B606DF9F7C7F801460028A5
S32508012D6038D123681A6812F0400F03D11A6842F040021A602268536843F0200353602268C1
S32508012D80536843F0020353600D462CE00268136823F0400313600268136843F4804313601F
S32508012DA0BAE7E38F13F0010F09D12268536823F480435360E38FC3F34E03E387C6E7226818
S32508012DC0536843F480435360E38FC3F34E030133E387BBE7236E43F010032366012384F8C3
S32508012DE05D3000E00225002384F85C30284638BD0225FBE7BF330108F3360108D13601085C
S32508012E0038B5044690F85C00012800F0F780012084F85C0094F85D00C0B2656801280AD0D4
S32508012E20B5F5827F40F0DB80A568002D40F0DC80042840F0DB80002900F0DA80002A00F043
S32508012E40D980002B00F0D88094F85D00C0B2042802D0052084F85D0000202066A163A3876C
S32508012E60E3872264A4F84430A4F84630E06420652268536823F4C0435360E368B3F5E06F14
S32508012E8028D92268536823F48053536094F85D30DBB2042B69D0A36D594A1A63A36D594A4F
S32508012EA0DA62A36D584A5A63A36D00229A632168B4F846309BB2226C0C31A06DF9F715F85C
S32508012EC0002859D0236E43F010032366012084F85D0085E02268536843F480535360636D01
S32508012EE09B69B3F5806F1AD0A36D9B69B3F5806FCCD12268536823F480535360B4F84630F2
S32508012F0013F0010F24D12268536823F400535360B4F84630C3F34E03A4F84630B6E7A38F2E
S32508012F2013F0010F09D12268536823F480435360E38FC3F34E03E387D6E72268536843F4A7
S32508012F4080435360E38FC3F34E030133E387CBE72268536843F400535360B4F84630C3F3C9
S32508012F604E030133A4F8463090E7A36D274A1A63A36D274ADA6294E72268536843F0010382
S32508012F805360626D00231363626DD362626D5363626D93632268E38F9BB20C32A16B606D59
S32508012FA0F8F7A3FF98B923681A6812F0400F03D11A6842F040021A602268536843F02003E3
S32508012FC053602268536843F00203536008E0236E43F010032366012084F85D0000E00220BB
S32508012FE0002384F85C3038BD0220F9E70220F7E70120F5E70120F3E70120F1E70220F2E7B4
S32508013000D7330108D3370108D1360108CB3301086337010838B5044683681BB94068B0F57E
S32508013020827F5FD094F85C00012800F0AB80012084F85C0094F85D50EDB2854240F09C8041
S32508013040002900F09A80002A00F09780042084F85D00002020662164A4F84420A4F84620D3
S32508013060E0642065A087E087B3F5004F44D02268536823F400535360E368B3F5E06F46D91C
S325080130802268536823F480535360A36D3E4A1A63A36D3E4ADA62A36D3D4A5A63A36D0022D0
S325080130A09A632168B4F846309BB2226C0C31A06DF8F71BFF0146002856D123681A6812F086
S325080130C0400F03D11A6842F040021A602268536843F0200353602268536843F001035360D1
S325080130E00D464AE0042384F85D3013460A462046FFF786FE054643E02268136823F04003C2
S3250801310013602268136823F480431360AFE72268536843F480535360A36D9B69B3F5806F98
S32508013120B3D12268536823F480535360B4F8463013F0010F0BD12268536823F400535360A7
S32508013140B4F84630C3F34E03A4F846309DE72268536843F400535360B4F84630C3F34E03F6
S325080131600133A4F8463090E7236E43F010032366012384F85D3000E00225002384F85C30C4
S32508013180284638BD0225FBE7CB33010863370108D136010810B586B004465E4B1B685E4AE1
S325080131A0A2FB03235B0A642202FB03F30493049B05930268536823F020035360026853685E
S325080131C013F0800F12D0554B0365059B43B1059B013B059394F85D30DBB2072BF5D103E0DB
S325080131E0236E43F040032366049B0593536813F0400F12D04A4BE364059B43B1059B013BBE
S32508013200059394F85D30DBB2072BF5D103E0236E43F040032366049B0593536813F0020FF0
S325080132202AD0636D43B300229A63606DF8F798FE08B1402323662268536823F00203536099
S32508013240F7F71CFE024664212046FEF70BFF08B1402323662268136823F040031360F7F7C4
S325080132600DFE0090642300224FF4C0612046FEF77FFE08B14023236623685B6813F0010FB9
S325080132802CD0A36D53B300229A63A06DF8F768FE08B1402323662268136823F04003136019
S325080132A0F7F7ECFD00906423002280212046FEF7F7FD08B140232366F7F7E0FD0090642378
S325080132C000224FF4C0612046FEF752FE08B1402323662268536823F0010353600023A4F83B
S325080132E04630E387236E402B12D000202066002202922368D9680291996802910299039282
S325080133009B680393039B012384F85D3006B010BD0120ECE72C000020F1197605D9210108EF
S325080133204921010890F85C30012B0CD0012380F85C300268536823F003035360002380F83B
S325080133405C30184670470220704790F85C30012B0CD0012380F85C300268536843F0030342
S325080133605360002380F85C30184670470220704738B50446406D48B1F8F7F2FD054630B18F
S32508013380236E43F010032366012500E00025A06D38B1F8F7E5FD20B1236E43F0100323669B
S325080133A001252268536823F003035360012384F85D30284638BD704770477047704708B59E
S325080133C0806AFFF7FBFF08BD704708B5806AFFF7FBFF08BD704708B5806AFFF7FBFF08BD19
S325080133E0704710B582B00446F7F748FD024621684B6823F0A0034B6064212046FEF732FE9E
S3250801340018B1236E43F020032366A36833B901932368DA6801929B680193019B012384F8A6
S325080134205D30236E23B12046FFF7DAFF02B010BD2046FFF7C0FFF9E708B5826B036812783D
S325080134401A73836B01338363C38F9BB2013B9BB2C387C38F9BB203B108BDFFF7C2FFFBE7A5
S3250801346008B5826B03681288DA60836B02338363C38F9BB2013B9BB2C387C38F9BB203B186
S3250801348008BDFFF7AEFFFBE710B504460268536823F060035360F7F7F1FC02466421204668
S325080134A0FEF711FE18B1236E43F020032366012384F85D30236E1BB92046FFF77DFF10BD89
S325080134C02046FFF78DFFFAE708B50268036C127B1A70036C01330364B0F846309BB2013BB6
S325080134E09BB2A0F84630B0F846309BB203B108BDFFF7CAFFFBE708B50368DA68036C1A806A
S32508013500036C02330364B0F846309BB2013B9BB2A0F84630B0F846309BB203B108BDFFF7B5
S32508013520B3FFFBE710B50446F7F7A8FC024621684B6823F020034B6064212046FEF792FD73
S3250801354018B1236E43F020032366236E93B994F85D30DBB2042B06D0012384F85D30204608
S32508013560FFF72BFF10BD012384F85D302046FFF723FFF7E7012384F85D302046FFF730FF0E
S32508013580F0E708B5C38F9BB2012B18D9826B03681288DA60836B02338363C38F9BB2023BBB
S325080135A09BB2C387C38F9BB243B90268536823F080035360B0F846309BB26BB108BD826B23
S325080135C0036812781A73836B01338363C38F9BB2013B9BB2C387E5E7FFF7A4FFEEE708B5E9
S325080135E0B0F846309BB2012B18D90368DA68036C1A80036C02330364B0F846309BB2023BCB
S325080136009BB2A0F84630B0F846309BB2012B13D10268536843F4805353600DE00268036C1D
S32508013620127B1A70036C01330364B0F846309BB2013B9BB2A0F84630B0F846309BB23BB9F9
S325080136400268536823F060035360C38F9BB203B108BDFFF767FFFBE708B5826B0368128808
S32508013660DA60836B02338363C38F9BB2013B9BB2C387C38F9BB243B90268536823F0800330
S325080136805360B0F846309BB203B108BDFFF74AFFFBE708B50368DA68036C1A80036C02334C
S325080136A00364B0F846309BB2013B9BB2A0F84630B0F846309BB23BB90268536823F04003B8
S325080136C05360C38F9BB203B108BDFFF72BFFFBE708B5806A0268536823F003035360036E05
S325080136E043F010030366012380F85D30FFF778FE08BD30B583B00546846AF7F7BFFB2B6826
S325080137001B6813F0200F23D1024621684B6823F020034B6021684B6823F002034B60642108
S325080137202046FEF79FFC18B1236E43F020032366A36833B901932368DA6801929B680193C9
S32508013740019B0023E387012384F85D30236E23B92046FFF730FE03B030BD2046FFF740FED3
S32508013760F9E738B50546846AF7F788FB2B681B6813F0200F1FD1024621684B6823F02003D1
S325080137804B60A3681BB96368B3F5827F17D021684B6823F001034B6064212046FEF793FCC8
S325080137A008B1202323660023A4F84630012384F85D30236E4BB92046FFF7FEFD38BD2168A9
S325080137C04B6823F003034B60E6E72046FFF708FEF4E738B50546846AF7F750FB2B681B68E4
S325080137E013F0200F1CD1024621684B6823F020034B6064212046FEF735FC18B1236E43F098
S32508013800200323662268536823F0030353600023E387A4F84630012384F85D30236E1BB9AB
S325080138202046FFF7CAFD38BD2046FFF7D9FDFAE730B585B00446026851689368C3F3801086
S3250801384013F0400F05D113F0010F02D011F0400F69D113F0020F02D011F0800F67D1C3F35E
S32508013860401513F0200F03D110B913F4807F61D011F0200F5ED078B194F85D00C0B20328D1
S325080138805AD0206E40F00400206600200090D068009090680090009865B1206E40F001003A
S325080138A020660020029090680290106820F040001060029A13F4807F09D0236E43F00803B5
S325080138C023660023039323689B680393039B236E002B2FD02268536823F0E0035360012308
S325080138E084F85D3011F0030F2ED02268536823F003035360A36D4BB1154A9A63A06DF8F72A
S3250801390054FB18B1236E43F040032366636D8BB10F4A9A63606DF8F748FB58B1236E43F0C2
S325080139204003236606E0E36C2046984702E0236D2046984705B030BD00230193D368019353
S3250801394093680193019BF5E72046FFF749FDF1E75539010808B5806A0023A0F84630C3871E
S32508013960FFF73EFD08BD704770B584B00446504B1B68504AA2FB03235B0A642202FB03F38F
S325080139800293029B03930268536823F0200353600268536813F0800F12D0474B0365039B11
S325080139A043B1039B013B039394F85D30DBB2072BF5D103E0236E43F040032366029B039350
S325080139C0536813F0400F12D03C4BE364039B43B1039B013B039394F85D30DBB2072BF5D17B
S325080139E003E0236E43F040032366029B0393636D2BB1526812F0020F1BD0314A9A63A36D26
S32508013A0033B12268526812F0010F15D02D4A9A6323685B6813F0020F11D0606D28B3F8F72A
S32508013A20C4FA20B3636D00229A6340232366012606E000229A63E2E700229A63E8E7012601
S32508013A4023685B6813F0010F0AD0A06D40B1F8F7ACFA054630B1A36D00229A634023236642
S32508013A603EB90025284604B070BD0126E8E70026E6E70023A4F84630E387236E402B14D064
S32508013A8000252566002200922368D968009199680091009901929B680193019B012384F8C5
S32508013AA05D302046FFF75FFFDCE70125EAE700BF2C000020F1197605D921010849210108F0
S32508013AC05D3B0108C93A010830B585B0846A2268136823F040031360A36D00259D63226895
S32508013AE0536823F001035360F7F7C8F9009064232A4680212046FEF7D3F908B1402323668F
S32508013B00F7F7BCF90090642300224FF4C0612046FEF72EFA08B140232366636D0BB19B6B9C
S32508013B20D3B90023A4F84630E387236E402B01D000232366002202922368D96802919968BC
S32508013B400291029903929B680393039B012384F85D302046FFF707FF05B030BD10B584B032
S32508013B60846A636D00229A632268536823F002035360F7F783F9024664212046FEF772FA4B
S32508013B8008B1402323662268136823F040031360F7F774F90090642300224FF4C061204645
S32508013BA0FEF7E6F908B140232366A36D0BB19B6BD3B90023A4F84630E387236E402B01D0B3
S32508013BC000232366002202922368D968029199680291029903929B680393039B012384F87A
S32508013BE05D302046FFF7BFFE04B010BD90F85D007047006E704700BF30B4036A23F00103A7
S32508013C000362036A4468826922F4803222F073020D682A4323F002038D682B43144DA84235
S32508013C2007D005F5A055A84203D005F58065A84205D123F00803CD682B4323F004030C4D1F
S32508013C40A84207D005F5A055A84203D005F58065A84205D124F440754C692C438D692C43F3
S32508013C60446082614A684263036230BC704700BF002C014030B4036A23F480730362036AF6
S32508013C804468C26922F4803222F073020D682A4323F400738D6843EA0523124DA84219D007
S32508013CA0104DA84207D005F5A055A84203D005F58065A84207D124F440544D6944EA0514E1
S32508013CC08D6944EA05144460C2614A68C263036230BC704723F40063CD6843EA052323F4D7
S32508013CE08063DDE7002C014030B4036A23F480530362026A4468C36923F0807323F4E64377
S32508013D000D6843EA052322F400528D6842EA05320B4DA84207D005F5A055A84203D005F54B
S32508013D208065A84204D124F480444D6944EA85144460C3614B680364026230BC704700BFCF
S32508013D40002C014030B4036A23F480330362036A4468426D22F4803222F070020D682A4371
S32508013D6023F400338D6843EA05430B4DA84207D005F5A055A84203D005F58065A84204D11D
S32508013D8024F480344D6944EA0524446042654A688265036230BC7047002C014030B4036A91
S32508013DA023F480130362026A4468436D23F0807323F4E0430D6843EA052322F400128D68F6
S32508013DC042EA05520B4DA84207D005F5A055A84203D005F58065A84204D124F480244D697C
S32508013DE044EA8524446043654B68C365026230BC704700BF002C014030B4036A056A25F0AE
S32508013E0001050562846924F0F00444EA021423F00A030B438461036230BC704730B4056A3F
S32508013E2025F0100505628469056A24F4407444EA022424F470441B039BB2234325F0A0050F
S32508013E40090101F0A00129438361016230BC704730B4056A25F0100505628469036A24F40B
S32508013E60704444EA023423F0A00343EA01138461036230BC704730B4056A25F4807505626F
S32508013E80C469056A24F00304144324F0F0041B01DBB2234325F42065090201F42061294363
S32508013EA0C361016230BC704730B4056A25F480550562C469056A24F4407444EA022424F44D
S32508013EC070441B039BB2234325F42045090301F420412943C361016230BC7047836823F0DA
S32508013EE070030B4343F00703836070477047704710B50446022380F83D300368196A41F273
S32508013F001112114208D1196A40F24442114203D11A6822F001021A60204607F0EFFB002069
S32508013F2084F8480084F83E0084F83F0084F8400084F8410084F8420084F8430084F8440083
S32508013F4084F8450084F8460084F8470084F83D0084F83C0010BD90F83D30DBB2012B21D12E
S32508013F60022380F83D300368114A93420CD0B3F1804F09D002F5A052934205D01A6842F01E
S32508013F8001021A600020704799680A4A0A40062A0AD0B2F5803F09D01A6842F001021A60A5
S32508013FA000207047012070470020704700207047002C0140070001000368196A41F21112DC
S32508013FC0114208D1196A40F24442114203D11A6822F001021A60012380F83D300020704753
S32508013FE090F83D30DBB2012B26D1022380F83D300268D36843F00103D3600368114A934259
S325080140000CD0B3F1804F09D002F5A052934205D01A6842F001021A600020704799680A4A79
S325080140200A40062A0AD0B2F5803F09D01A6842F001021A6000207047012070470020704727
S3250801404000207047002C0140070001000268D36823F00103D3600368196A41F2111211427F
S3250801406008D1196A40F24442114203D11A6822F001021A60012380F83D300020704738B518
S3250801408090F83D40E4B2022C43D0054690F83D40E4B2012C3CD151B3022385F83D302B6A6D
S325080140A01F48D8622B6A1F4818632B6A1E4858632868134600F12C02286AF7F716FF01463F
S325080140C038BB2A68D36843F48073D3602B68174A93420FD0B3F1804F0CD002F5A0529342FF
S325080140E008D01A6842F001021A60044611E0002AD2D00EE098680E4A0240062A0BD0B2F567
S32508014100803F0AD01A6842F001021A600C4600E00124204638BD0C46FBE70C46F9E700BFEF
S325080141203D48010855480108954B0108002C01400700010010B504460268D36823F4807320
S32508014140D360006AF7F731FF2368196A41F21112114208D1196A40F24442114203D11A6821
S3250801416022F001021A60012384F83D30002010BD7047704710B50446022380F83D300368B5
S32508014180196A41F21112114208D1196A40F24442114203D11A6822F001021A602046FFF73C
S325080141A0E8FF002084F8480084F83E0084F83F0084F8400084F8410084F8420084F84300BA
S325080141C084F8440084F8450084F8460084F8470084F83D0084F83C0010BD7047704710B559
S325080141E00446022380F83D300368196A41F21112114208D1196A40F24442114203D11A6808
S3250801420022F001021A602046FFF7E8FF002084F8480084F83E0084F83F0084F8400084F82C
S32508014220410084F8420084F8430084F8440084F8450084F8460084F8470084F83D0084F876
S325080142403C0010BD7047704710B50446022380F83D300368196A41F21112114208D1196ACC
S3250801426040F24442114203D11A6822F001021A602046FFF7E8FF002084F8480084F83E005E
S3250801428084F83F0084F8400084F8410084F8420084F8430084F8440084F8450084F846001B
S325080142A084F8470084F83D0084F83C0010BD7047704710B50446022380F83D300368196A79
S325080142C041F21112114208D1196A40F24442114203D11A6822F001021A602046FFF7E8FF97
S325080142E0002084F8480084F83E0084F83F0084F8440084F8450084F83D0084F83C0010BD97
S325080143007047704710B50446022380F83D300368196A41F21112114208D1196A40F244425C
S32508014320114203D11A6822F001021A602046FFF7E8FF002084F8480084F83E0084F83F009A
S3250801434084F8440084F8450084F83D0084F83C0010BD70B5054690F84800C0B202284AD099
S325080143600E461446194695F84800C0B201281CD0B4F5006F00F0868040D8B4F5007F6ED039
S32508014380B4F5806F1AD1AB6A524ADA62AB6A524A1A63AB6A514A5A632A68059B4C32A86A41
S325080143A0F7F7A3FDF0B1012025E01BB1022385F84830DDE7049B002BF8D01CE0B4F5807FB9
S325080143C01AD12B6A464ADA622B6A464A1A632B6A424A5A632A68059B4C32286AF7F785FD50
S325080143E0002875D12B68049A16439E642B68DA681443DC60002070BD0120FCE7B4F5005FF3
S3250801440053D0B4F5804F12D1AB6B374ADA62AB6B364A1A63AB6B314A5A632A68059B4C322B
S32508014420A86BF7F762FD0028DCD00120E3E7B4F5805F12D12B6B274ADA622B6B264A1A631D
S325080144402B6B264A5A632A68059B4C32286BF7F74CFD0028C6D00120CDE70120CBE76B6AD5
S325080144601C4ADA626B6A1C4A1A636B6A1B4A5A632A68059B4C32686AF7F737FD0028B1D08F
S325080144800120B8E7EB6A134ADA62EB6A124A1A63EB6A124A5A632A68059B4C32E86AF7F7D3
S325080144A024FD00289ED00120A5E76B6B104ADA626B6B104A1A636B6B084A5A632A68059B59
S325080144C04C32686BF7F711FD00288BD0012092E7012090E72549010897490108954B010882
S325080144E03D48010855480108714B0108894B0108498F01085B8F010830B583B0069D2C0A12
S32508014500013401940095FFF724FF03B030BD38B505460C46B1F5006F33D01BD8B1F5007FBA
S325080145202BD0B1F5806F03D1806AF7F73EFD05E0B1F5807F0CD1006AF7F737FD2B68D9682E
S3250801454021EA0404DC60012385F84830002038BD0120FCE7B1F5005F17D0B1F5804F03D196
S32508014560806BF7F722FDE9E7B1F5805F03D1006BF7F71BFDE2E70120E9E7406AF7F715FD36
S32508014580DCE7C06AF7F711FDD8E7406BF7F70DFDD4E770B5054690F84800C0B202284AD010
S325080145A00E4614461A4695F84800C0B201281CD0B4F5006F00F0868040D8B4F5007F6ED0F6
S325080145C0B4F5806F1AD1AB6A5249D962AB6A52491963AB6A514959632968059B4C31A86A07
S325080145E0F7F783FCF0B1012025E01BB1022385F84830DDE7049B002BF8D01CE0B4F5807F98
S325080146001AD12B6A4649D9622B6A464919632B6A424959632968059B4C31286AF7F765FC36
S32508014620002875D12B68049A16439E642B68DA681443DC60002070BD0120FCE7B4F5005FB0
S3250801464053D0B4F5804F12D1AB6B3749D962AB6B36491963AB6B314959632968059B4C31F1
S32508014660A86BF7F742FC0028DCD00120E3E7B4F5805F12D12B6B2749D9622B6B2649196300
S325080146802B6B264959632968059B4C31286BF7F72CFC0028C6D00120CDE70120CBE76B6AB8
S325080146A01C49D9626B6A1C4919636B6A1B4959632968059B4C31686AF7F717FC0028B1D076
S325080146C00120B8E7EB6A1349D962EB6A12491963EB6A124959632968059B4C31E86AF7F799
S325080146E004FC00289ED00120A5E76B6B1049D9626B6B104919636B6B084959632968059B3F
S325080147004C31686BF7F7F1FB00288BD0012092E7012090E763480108E5480108954B0108D8
S325080147203D48010855480108714B0108894B0108498F01085B8F010830B583B0069D2C0ACF
S32508014740013401940095FFF724FF03B030BD38B505460C46B1F5006F33D01BD8B1F5007F78
S325080147602BD0B1F5806F03D1806AF7F71EFC05E0B1F5807F0CD1006AF7F717FC2B68D9682E
S3250801478021EA0404DC60012385F84830002038BD0120FCE7B1F5005F17D0B1F5804F03D154
S325080147A0806BF7F702FCE9E7B1F5805F03D1006BF7F7FBFBE2E70120E9E7406AF7F7F5FB59
S325080147C0DCE7C06AF7F7F1FBD8E7406BF7F7EDFBD4E790F83C30012B0CD0022380F83D3002
S325080147E003685961012380F83D30002380F83C3018467047022070470268536823F08003CC
S325080148000B435360002070470C2914D8DFE801F0071313130A1313130D1313131000036894
S32508014820586B70470368986B70470368D86B70470368186C704700207047704708B5806A8A
S32508014840036ADB6913B9012380F83D3006F086FF08BD704708B5806AFFF7FBFF08BD7047B9
S32508014860704710B5846A636A83420ED0A36A834216D0E36A83421ED0236B834226D02046E8
S32508014880FFF7EEFF0023237710BD01232377C369002BF4D1012384F83E3084F84430EEE7EF
S325080148A002232377C369002BE9D1012384F83F3084F84530E3E704232377C369002BDED188
S325080148C0012384F8403084F84630D8E708232377C369002BD3D1012384F8413084F8473044
S325080148E0CDE7704710B5846A636A83420BD0A36A834210D0E36A834210D0236B834204D152
S325080149000823237701E0012323772046FFF7E9FF0023237710BD02232377F6E704232377F9
S32508014920F3E7704710B5846A636A83420ED0A36A834214D0E36A83421AD0236B834220D0BF
S325080149402046FFF7EEFF0023237710BD01232377C369002BF4D1012384F83E30F0E7022391
S325080149602377C369002BEBD1012384F83F30E7E704232377C369002BE2D1012384F84030C3
S32508014980DEE708232377C369002BD9D1012384F84130D5E7704710B5846A636A83420BD0D9
S325080149A0A36A834210D0E36A834210D0236B834204D10823237701E0012323772046FFF75C
S325080149C0E9FF0023237710BD02232377F6E704232377F3E7704710B5044603681A6912F069
S325080149E0020F11D0DA6812F0020F0DD06FF002021A610123037703689B6913F0030F79D03B
S32508014A00FFF72EFF0023237723681A6912F0040F12D0DA6812F0040F0ED06FF004021A618D
S32508014A200223237723689B6913F4407F68D02046FFF716FF0023237723681A6912F0080FC6
S32508014A4012D0DA6812F0080F0ED06FF008021A61042323772368DB6913F0030F57D0204616
S32508014A60FFF7FEFE0023237723681A6912F0100F12D0DA6812F0100F0ED06FF010021A613A
S32508014A80082323772368DB6913F4407F46D02046FFF7E6FE0023237723681A6912F0010F7A
S32508014AA003D0DA6812F0010F3FD123681A6912F0800F03D0DA6812F0800F3DD123681A694F
S32508014AC012F4807F03D0DA6812F0800F3BD123681A6912F0400F03D0DA6812F0400F39D141
S32508014AE023681A6912F0200F03D0DA6812F0200F37D110BD06F044FE2046FFF712FF81E740
S32508014B00204606F03DFE2046FFF70BFF92E7204606F036FE2046FFF704FFA3E7204606F03B
S32508014B202FFE2046FFF7FDFEB4E76FF001021A61204606F013FEB8E76FF080021A6120469C
S32508014B4004F013FABAE76FF480721A61204604F00DFABCE76FF040021A612046FFF73AFF1F
S32508014B60BEE76FF020021A61204604F0ECF9C0E708B5806A836BDB6913B9012380F83D30F1
S32508014B80FFF728FF08BD704708B5806AFFF7FBFF08BD704710B5846A636A83420CD0A36A2C
S32508014BA0834213D0E36A834216D0236B834219D0012384F83D3003E00123237784F83E3072
S32508014BC02046FFF7E6FF0023237710BD02232377012384F83F30F3E704232377012384F8F2
S32508014BE04030EDE708232377012384F84130E7E790F83D00704790F83D00704790F83D0001
S32508014C00704790F83D00704790F83D00704790F83D007047007F704719B990F83E00C0B21A
S32508014C207047042909D008290BD00C290DD010290FD090F84300C0B2704790F83F00C0B245
S32508014C40704790F84000C0B2704790F84100C0B2704790F84200C0B2704790F84800704731
S32508014C6003681A4A904202D0B0F1804F03D123F070034A681343154A90420AD0B0F1804F65
S32508014C8007D002F5A052904203D002F58062904203D123F44073CA68134323F080034A6986
S32508014CA0134303608B68C3620B688362074B984207D003F5A053984203D003F5806398426C
S32508014CC001D10B690363012343617047002C014060B310B5044690F83D3013B3022384F8AF
S32508014CE03D30214651F8040BFFF7BAFF012384F8483084F83E3084F83F3084F8403084F875
S32508014D00413084F8423084F8433084F8443084F8453084F8463084F8473084F83D30002067
S32508014D2010BD80F83C3006F099FCD7E70120704760B310B5044690F83D3013B3022384F814
S32508014D403D30214651F8040BFFF78AFF012384F8483084F83E3084F83F3084F8403084F844
S32508014D60413084F8423084F8433084F8443084F8453084F8463084F8473084F83D30002007
S32508014D8010BD80F83C30FFF7F3F9D7E70120704760B310B5044690F83D3013B3022384F85D
S32508014DA03D30214651F8040BFFF75AFF012384F8483084F83E3084F83F3084F8403084F814
S32508014DC0413084F8423084F8433084F8443084F8453084F8463084F8473084F83D300020A7
S32508014DE010BD80F83C30FFF7F8F9D7E70120704760B310B5044690F83D3013B3022384F8F8
S32508014E003D30214651F8040BFFF72AFF012384F8483084F83E3084F83F3084F8403084F8E3
S32508014E20413084F8423084F8433084F8443084F8453084F8463084F8473084F83D30002046
S32508014E4010BD80F83C30FFF7FDF9D7E70120704750B338B50D46044690F83D30FBB10223BD
S32508014E6084F83D30214651F8040BFFF7F9FE2268136823F008031360236819680D431D601F
S32508014E80012384F8483084F83E3084F83F3084F8443084F8453084F83D30002038BD80F8BF
S32508014EA03C30FFF704FADAE701207047002853D0F8B50D46044690F83D30002B47D00223F9
S32508014EC084F83D302268936823F4A03323F007039360214651F8040BFFF7C2FE21688A686B
S32508014EE08E690F6A2868104326F4407626F00306AA68AB6942EA0323334323F47C4323F08A
S32508014F00FC03EE68EA6946EA02261E432A6A13032A6943EA0213334327F0AA076A686D69BC
S32508014F2042EA05123A43886021688B6123681A62012384F8483084F83E3084F83F3084F8D5
S32508014F40443084F8453084F83D300020F8BD80F83C30FFF7D5F9B2E70120704730B4036AB5
S32508014F6023F010030362036A4468826922F0807222F4E6420D6842EA052223F020038D685E
S32508014F8043EA0513124DA84219D0114DA84207D005F5A055A84203D005F58065A84207D11F
S32508014FA024F440644D6944EA85048D6944EA8504446082614A688263036230BC704723F0D3
S32508014FC08003CD6843EA051323F04003DDE700BF002C014090F83C30012B36D010B504464A
S32508014FE0012380F83C30142A2AD8DFE802F00B29292910292929152929291A2929291F2923
S32508015000292924000068FEF7F7FD002019E00068FFF7A4FF002014E00068FEF72BFE0020E6
S325080150200FE00068FEF760FE00200AE00068FEF789FE002005E00068FEF7B0FE002000E0B9
S325080150400120002384F83C3010BD0220704738B590F83C30012B00F0958004460D4601239C
S3250801506080F83C30142A00F28880DFE802F00B8686861F86868634868686488686865D867B
S32508015080868671000068FEF7B7FD2268936943F0080393612268936923F00403936122689D
S325080150A0936929690B439361002067E00068FFF755FF2268936943F400639361226893695E
S325080150C023F48063936122689369296943EA01239361002052E00068FEF7CCFD2268D36938
S325080150E043F00803D3612268D36923F00403D3612268D36929690B43D36100203EE000689B
S32508015100FEF7F2FD2268D36943F40063D3612268D36923F48063D3612268D369296943EA8F
S325080151200123D361002029E00068FEF70BFE2268536D43F0080353652268536D23F00403D5
S3250801514053652268536D29690B435365002015E00068FEF723FE2268536D43F40063536577
S325080151602268536D23F4806353652268536D296943EA01235365002000E00120002384F87F
S325080151803C3038BD0220FCE770B4046A24F0010404628469056A0F4EB04209D0B0F1804F95
S325080151A006D006F5A056B04202D044F0010202E024F00304224322F0F0021B01DBB21343B9
S325080151C025F00A0201F00A0111438361016270BC704700BF002C014038B590F83C30012BEC
S325080151E05AD004460D46012380F83C3052B1042A1AD0082A2BD00C2A3BD00120002384F888
S325080152003C3038BDCB684A6809680068FFF7BCFF2268936923F00C03936122689369A9687C
S325080152200B4393610020E9E7CB684A6809680068FEF7F4FD2268936923F4406393612268CB
S325080152409369A96843EA012393610020D6E7CB684A6809680068FEF70EFE2268D36923F078
S325080152600C03D3612268D369A9680B43D3610020C4E7CB684A6809680068FEF715FE226868
S32508015280D36923F44063D3612268D369A96843EA0123D3610020B1E70220B2E79A427AD0E0
S325080152A070B588B004460D461E4690F83C30012B73D0012380F83C30022380F83D300B6899
S325080152C001934B6802938B680393CB6804930B6906934B69079352B1042A11D001200123DE
S325080152E084F83D30002384F83C3008B070BD01A90068FEF781FC46B1042E29D00120EEE72A
S3250801530001A90068FFF72AFEF5E72B6AEA69A9692068FFF739FF2268936923F00C03936126
S325080153202268936823F0700393602268936843F0500393602268936823F4803323F00703F6
S3250801534093602268936843F0060393600020C6E72B6AEA69A9692068FEF760FD2268936970
S3250801536023F4406393612268936823F0700393602268936843F0600393602268936823F4C8
S32508015380803323F0070393602268936843F0060393600020A3E7012070470220A5E710B493
S325080153A0846824F47F4442EA03220A43224382605DF8044B704790F83C30012B00F0AB809C
S325080153C070B504460D461646012380F83C30022380F83D304B68012B27D0022B1FD03BB1B0
S325080153E00120012384F83D30002384F83C3070BD0268936823F47F4323F008039360142EA7
S3250801540000F28780DFE806F0258585853585858545858585558585856585858575000268C4
S32508015420936823F008039360E9E7C96831B1012084F83D00002384F83C30D8E72B69AA6824
S325080154400068FFF7ACFF2268936843F008039360D5E72B6833B12268936943F0800393611B
S325080154600020BEE72268936923F0800393610020B7E72B6833B12268936943F4004393611F
S325080154800020AEE72268936923F4004393610020A7E72B6833B12268D36943F08003D3619F
S325080154A000209EE72268D36923F08003D361002097E72B6833B12268D36943F40043D3611F
S325080154C000208EE72268D36923F40043D361002087E72B6833B12268536D43F08003536517
S325080154E000207EE72268536D23F080035365002077E72B6833B12268536D43F4004353650F
S3250801550000206EE72268536D23F400435365002067E7002065E70220704790F83C30012BD8
S3250801552076D010B50446012380F83C30022380F83D3002689068374B034093600B68602BDD
S325080155404CD029D8402B54D00CD9502B22D1CA6849682068FEF750FC50212068FEF7BEFCE9
S32508015560002005E0202B0DD009D9302B0AD00120012384F83D30002384F83C3010BD0BB116
S32508015580102B05D119462068FEF7A8FC0020EFE70120EDE70120EBE7B3F5805F34D0B3F55A
S325080155A0005F0CD1CB684A6889682068FFF7F7FE2268936843F4804393600020D8E7702B6B
S325080155C024D1CB684A6889682068FFF7E8FE2268936843F0770393600020C9E7CA684968B5
S325080155E02068FEF735FC60212068FEF777FC0020BEE7CA6849682068FEF7FEFB4021206876
S32508015600FEF76CFC0020B3E70020B1E70120AFE7022070478800FEFF10B50468A26822F04A
S3250801562070024B68134323F4803323F007030A681343A3604B68502B32D00BD9602B36D089
S32508015640702B43D10B698A68C9680068FFF7A7FE00200FE0402B0ED001D901200AE0202B6A
S325080156602CD003D9302B2FD1002003E043B3102B28D1002010BD0B68052B29D003681C6A41
S325080156801A6A22F001021A620268936923F0F003096943EA0113936103681C620020E9E7FA
S325080156A00A6989680068FEF7A7FB0020E2E70A6989680068FEF7CCFB0020DBE70020D9E745
S325080156C00020D7E70120D5E70120D3E70120D1E70120CFE790F83C30012B22D010B5044654
S325080156E0012380F83C30022380F83D30FFF794FF80B92268D36823F04003D3602268D368B4
S3250801570023F48043D360012384F83D30002384F83C3010BD012084F83D00002384F83C30A3
S32508015720F7E70220704790F83C30012B22D010B50446012380F83C30022380F83D30FFF77A
S325080157406BFF80B92268D36843F04003D3602268D36823F48043D360012384F83D30002327
S3250801576084F83C3010BD012084F83D00002384F83C30F7E70220704710B401F01F010123D0
S3250801578003FA01F4036A23EA04030362036A02FA01F10B4303625DF8044B704710B50446AA
S325080157A00846002932D194F83E30DBB2013B18BF0123002B7FD1002853D1022384F83E30CC
S325080157C0012201462068FFF7D7FF23683D4A934207D002F5A052934203D002F580629342FF
S325080157E003D15A6C42F400425A642368354A934253D0B3F1804F50D002F5A05293424CD05B
S325080158001A6842F001021A60002055E004290CD0082911D00C2916D010291BD094F843309A
S32508015820DBB2013B18BF0123C3E794F83F30DBB2013B18BF0123BCE794F84030DBB2013BC4
S3250801584018BF0123B5E794F84130DBB2013B18BF0123AEE794F84230DBB2013B18BF01238A
S32508015860A7E7042809D008280BD00C280DD010280FD0022384F84330A2E7022384F83F30A6
S325080158809EE7022384F840309AE7022384F8413096E7022384F8423092E799680A4A0A4028
S325080158A0062A0AD0B2F5803F09D01A6842F001021A60002000E0012010BD0020FCE700204E
S325080158C0FAE700BF002C01400700010038B504460D4600220068FFF74FFF2368254A93427D
S325080158E01CD002F5A052934218D002F58062934214D02368196A41F21112114208D1196A62
S3250801590040F24442114203D11A6822F001021A609DB9012384F83E30002038BD196A41F259
S3250801592011121142E5D1196A40F244421142E0D15A6C22F400425A64DBE7042D09D0082D10
S325080159400BD00C2D0DD0102D0FD0012384F84330E2E7012384F83F30DEE7012384F840306B
S32508015960DAE7012384F84130D6E7012384F84230D2E700BF002C014010B504460846C9B9B3
S3250801598094F83E30DBB2013B18BF0123002B40F0A380002839D1022384F83E300C2800F255
S325080159A09D80DFE800F04E9B9B9B799B9B9B7F9B9B9B850004290CD0082911D00C2916D090
S325080159C010291BD094F84330DBB2013B18BF0123DCE794F83F30DBB2013B18BF0123D5E793
S325080159E094F84030DBB2013B18BF0123CEE794F84130DBB2013B18BF0123C7E794F84230B6
S32508015A00DBB2013B18BF0123C0E7042809D008280BD00C280DD010280FD0022384F84330C0
S32508015A20BCE7022384F83F30B8E7022384F84030B4E7022384F84130B0E7022384F842309D
S32508015A40ACE72268D36843F00203D360012201462068FFF791FE2368234A934207D002F562
S32508015A60A052934203D002F58062934203D15A6C42F400425A6423681B4A93421ED0B3F1A8
S32508015A80804F1BD002F5A052934217D01A6842F001021A60002022E02268D36843F0040346
S32508015AA0D360D3E72268D36843F00803D360CDE72268D36843F01003D360C7E799680B4ABE
S32508015AC00A40062A0CD0B2F5803F0BD01A6842F001021A60002002E0012000E0012010BDFE
S32508015AE00020FCE70020FAE7002C01400700010038B505460C460C2975D8DFE801F00774DF
S32508015B00747432747474387474743E000268D36823F00203D360002221462868FFF72CFE05
S32508015B202B68324A93422ED002F5A05293422AD002F58062934226D02B68196A41F21112AC
S32508015B40114208D1196A40F24442114203D11A6822F001021A602CBB012385F83E30002081
S32508015B6042E00268D36823F00403D360D3E70268D36823F00803D360CDE70268D36823F0E6
S32508015B801003D360C7E7196A41F211121142D3D1196A40F244421142CED15A6C22F40042E7
S32508015BA05A64C9E7042C0AD0082C0DD00C2C10D0102C13D0012385F84330002014E00123CA
S32508015BC085F83F3000200FE0012385F8403000200AE0012385F84130002005E0012385F8E8
S32508015BE04230002000E0012038BD00BF002C014070B5044616460D4600292ED190F83E00D6
S32508015C00C0B2022814BF00200120002840F03481002D52D194F83E20D2B2012A14BF0022DA
S32508015C200122002A00F02A81002E76D0002D78D1022284F83E200C2D00F22281DFE815F0EB
S32508015C408D00200120012001CA00200120012001E100200120012001F80004290DD00829A1
S32508015C6013D00C2919D010291FD090F84300C0B2022814BF00200120C7E790F83F00C0B28A
S32508015C80022814BF00200120BFE790F84000C0B2022814BF00200120B7E790F84100C0B2C0
S32508015CA0022814BF00200120AFE790F84200C0B2022814BF00200120A7E7042D0DD0082DB6
S32508015CC013D00C2D19D0102D1FD094F84320D2B2012A14BF00220122A3E794F83F20D2B2D5
S32508015CE0012A14BF002201229BE794F84020D2B2012A14BF0022012293E794F84120D2B232
S32508015D00012A14BF002201228BE794F84220D2B2012A14BF0022012283E7002B86D00120FE
S32508015D20ADE0042D09D0082D0BD00C2D0DD0102D0FD0022284F843207DE7022284F83F2015
S32508015D4079E7022284F8402075E7022284F8412071E7022284F842206DE7626A4F49D16232
S32508015D60626A4F491163626A4E495163226834323146606AF6F7B9F8002840F08380226871
S32508015D80D36843F40073D360012229462068FFF7F3FC2368444A934207D002F5A05293425A
S32508015DA003D002F58062934203D15A6C42F400425A6423683C4A934250D0B3F1804F4DD0ED
S32508015DC002F5A052934249D01A6842F001021A60002054E0A26A3149D162A26A30491163A6
S32508015DE0A26A30495163226838323146A06AF6F77CF8002848D12268D36843F48063D36032
S32508015E00C2E7E26A2549D162E26A25491163E26A2449516322683C323146E06AF6F765F83F
S32508015E20002833D12268D36843F40063D360ABE7226B1A49D162226B19491163226B19498E
S32508015E405163226840323146206BF6F74EF8F8B92268D36843F48053D36095E79968134AC1
S32508015E600A40062A16D0B2F5803F15D01A6842F001021A60002002E0022000E0012070BDE5
S32508015E800120FCE70120FAE70120F8E70120F6E70120F4E70020F2E70020F0E7254901088C
S32508015EA097490108954B0108002C01400700010038B504460D460C2900F28380DFE801F020
S32508015EC007818181368181813F81818148000268D36823F40073D360406AF6F766F80022ED
S32508015EE029462068FFF748FC2368374A934238D002F5A052934234D002F58062934230D009
S32508015F002368196A41F21112114208D1196A40F24442114203D11A6822F001021A60002D42
S32508015F202ED1012384F83E3000204BE00268D36823F48063D360806AF6F737F8CFE7026802
S32508015F40D36823F40063D360C06AF6F72EF8C6E70268D36823F48053D360006BF6F725F829
S32508015F60BDE7196A41F211121142C9D1196A40F244421142C4D15A6C22F400425A64BFE703
S32508015F80042D0AD0082D0DD00C2D10D0102D13D0012384F84330002014E0012384F83F3066
S32508015FA000200FE0012384F8403000200AE0012384F84130002005E0012384F84230002061
S32508015FC000E0012038BD00BF002C014010B504460846002932D194F83E30DBB2013B18BF6D
S32508015FE00123002B7FD1002853D1022384F83E30012201462068FFF7BFFB23683D4A93420F
S3250801600007D002F5A052934203D002F58062934203D15A6C42F400425A642368354A9342AC
S3250801602053D0B3F1804F50D002F5A05293424CD01A6842F001021A60002055E004290CD032
S32508016040082911D00C2916D010291BD094F84330DBB2013B18BF0123C3E794F83F30DBB2EB
S32508016060013B18BF0123BCE794F84030DBB2013B18BF0123B5E794F84130DBB2013B18BF3E
S325080160800123AEE794F84230DBB2013B18BF0123A7E7042809D008280BD00C280DD010288F
S325080160A00FD0022384F84330A2E7022384F83F309EE7022384F840309AE7022384F841301C
S325080160C096E7022384F8423092E799680A4A0A40062A0AD0B2F5803F09D01A6842F0010209
S325080160E01A60002000E0012010BD0020FCE70020FAE700BF002C01400700010038B50446BA
S325080161000D4600220068FFF737FB2368254A93421CD002F5A052934218D002F5806293425C
S3250801612014D02368196A41F21112114208D1196A40F24442114203D11A6822F001021A6069
S325080161409DB9012384F83E30002038BD196A41F211121142E5D1196A40F244421142E0D196
S325080161605A6C22F400425A64DBE7042D09D0082D0BD00C2D0DD0102D0FD0012384F8433013
S32508016180E2E7012384F83F30DEE7012384F84030DAE7012384F84130D6E7012384F84230A2
S325080161A0D2E700BF002C014010B504460846C9B994F83E30DBB2013B18BF0123002B40F0F3
S325080161C0A380002839D1022384F83E300C2800F29D80DFE800F04E9B9B9B799B9B9B7F9BCF
S325080161E09B9B850004290CD0082911D00C2916D010291BD094F84330DBB2013B18BF0123B8
S32508016200DCE794F83F30DBB2013B18BF0123D5E794F84030DBB2013B18BF0123CEE794F830
S325080162204130DBB2013B18BF0123C7E794F84230DBB2013B18BF0123C0E7042809D00828CE
S325080162400BD00C280DD010280FD0022384F84330BCE7022384F83F30B8E7022384F84030B5
S32508016260B4E7022384F84130B0E7022384F84230ACE72268D36843F00203D360012201468B
S325080162802068FFF779FA2368234A934207D002F5A052934203D002F58062934203D15A6C81
S325080162A042F400425A6423681B4A93421ED0B3F1804F1BD002F5A052934217D01A6842F02F
S325080162C001021A60002022E02268D36843F00403D360D3E72268D36843F00803D360CDE73A
S325080162E02268D36843F01003D360C7E799680B4A0A40062A0CD0B2F5803F0BD01A6842F002
S3250801630001021A60002002E0012000E0012010BD0020FCE70020FAE7002C01400700010087
S3250801632038B505460C460C2975D8DFE801F00774747432747474387474743E000268D36822
S3250801634023F00203D360002221462868FFF714FA2B68324A93422ED002F5A05293422AD02C
S3250801636002F58062934226D02B68196A41F21112114208D1196A40F24442114203D11A68EE
S3250801638022F001021A602CBB012385F83E30002042E00268D36823F00403D360D3E7026811
S325080163A0D36823F00803D360CDE70268D36823F01003D360C7E7196A41F211121142D3D112
S325080163C0196A40F244421142CED15A6C22F400425A64C9E7042C0AD0082C0DD00C2C10D0C2
S325080163E0102C13D0012385F84330002014E0012385F83F3000200FE0012385F840300020F7
S325080164000AE0012385F84130002005E0012385F84230002000E0012038BD00BF002C014017
S3250801642070B5044616460D4600292ED190F83E00C0B2022814BF00200120002840F0348184
S32508016440002D52D194F83E20D2B2012A14BF00220122002A00F02A81002E76D0002D78D17D
S32508016460022284F83E200C2D00F22281DFE815F08D00200120012001CA0020012001200158
S32508016480E100200120012001F80004290DD0082913D00C2919D010291FD090F84300C0B210
S325080164A0022814BF00200120C7E790F83F00C0B2022814BF00200120BFE790F84000C0B28A
S325080164C0022814BF00200120B7E790F84100C0B2022814BF00200120AFE790F84200C0B286
S325080164E0022814BF00200120A7E7042D0DD0082D13D00C2D19D0102D1FD094F84320D2B2DA
S32508016500012A14BF00220122A3E794F83F20D2B2012A14BF002201229BE794F84020D2B2FB
S32508016520012A14BF0022012293E794F84120D2B2012A14BF002201228BE794F84220D2B2F7
S32508016540012A14BF0022012283E7002B86D00120ADE0042D09D0082D0BD00C2D0DD0102DE3
S325080165600FD0022284F843207DE7022284F83F2079E7022284F8402075E7022284F841200A
S3250801658071E7022284F842206DE7626A4F49D162626A4F491163626A4E49516322683432C8
S325080165A03146606AF5F7A1FC002840F083802268D36843F40073D360012229462068FFF7F5
S325080165C0DBF82368444A934207D002F5A052934203D002F58062934203D15A6C42F40042C3
S325080165E05A6423683C4A934250D0B3F1804F4DD002F5A052934249D01A6842F001021A6030
S32508016600002054E0A26A3149D162A26A30491163A26A30495163226838323146A06AF5F7CB
S3250801662064FC002848D12268D36843F48063D360C2E7E26A2549D162E26A25491163E26A88
S325080166402449516322683C323146E06AF5F74DFC002833D12268D36843F40063D360ABE7CC
S32508016660226B1A49D162226B19491163226B19495163226840323146206BF5F736FCF8B915
S325080166802268D36843F48053D36095E79968134A0A40062A16D0B2F5803F15D01A6842F0B0
S325080166A001021A60002002E0022000E0012070BD0120FCE70120FAE70120F8E70120F6E7F8
S325080166C00120F4E70020F2E70020F0E72549010897490108954B0108002C01400700010001
S325080166E038B504460D460C2900F28380DFE801F007818181368181813F8181814800026868
S32508016700D36823F40073D360406AF5F74EFC002229462068FFF730F82368374A934238D072
S3250801672002F5A052934234D002F58062934230D02368196A41F21112114208D1196A40F295
S325080167404442114203D11A6822F001021A60002D2ED1012384F83E3000204BE00268D36842
S3250801676023F48063D360806AF5F71FFCCFE70268D36823F40063D360C06AF5F716FCC6E70F
S325080167800268D36823F48053D360006BF5F70DFCBDE7196A41F211121142C9D1196A40F2A9
S325080167A044421142C4D15A6C22F400425A64BFE7042D0AD0082D0DD00C2D10D0102D13D084
S325080167C0012384F84330002014E0012384F83F3000200FE0012384F8403000200AE0012327
S325080167E084F84130002005E0012384F84230002000E0012038BD00BF002C014010B5044635
S325080168000B4669BB90F83E00C0B2002B44D194F84420D2B2012840F08980012A40F0878044
S32508016820002B49D1022284F83E20002B60D1022284F84420012219462068FEF79DFF236880
S325080168403D4A934264D0B3F1804F61D002F5A05293425DD01A6842F001021A60002066E073
S32508016860042909D008290BD00C290DD010290FD090F84300C0B2C8E790F83F00C0B2C4E7FD
S3250801688090F84000C0B2C0E790F84100C0B2BCE790F84200C0B2B8E7042B05D0082B07D041
S325080168A094F84720D2B2B5E794F84520D2B2B1E794F84620D2B2ADE7042B09D0082B0BD089
S325080168C00C2B0DD0102B0FD0022284F84320ACE7022284F83F20A8E7022284F84020A4E7CC
S325080168E0022284F84120A0E7022284F842209CE7042B05D0082B07D0022284F8472099E7E7
S32508016900022284F8452095E7022284F8462091E799680A4A0A40062A0AD0B2F5803F09D081
S325080169201A6842F001021A60002000E0012010BD0020FCE70020FAE7002C014007000100B0
S3250801694038B505460C4600220068FEF715FF2B68196A41F21112114208D1196A40F2444238
S32508016960114203D11A6822F001021A6044B9012385F83E3004BB012385F84430002038BDDB
S32508016980042C09D0082C0BD00C2C0DD0102C0FD0012385F84330EDE7012385F83F30E9E7D8
S325080169A0012385F84030E5E7012385F84130E1E7012385F84230DDE7042C05D0082C07D02A
S325080169C0012385F84730D9E7012385F84530D5E7012385F84630D1E710B504460B4619BBFB
S325080169E090F83E00C0B2002B3AD194F84420D2B2012840F0AC80012A40F0AA80002B3FD161
S32508016A00022184F83E10002B56D1022184F844100C2B00F29E80DFE803F05F9C9C9C7A9CEB
S32508016A209C9C809C9C9C8600042909D008290BD00C290DD010290FD090F84300C0B2D2E703
S32508016A4090F83F00C0B2CEE790F84000C0B2CAE790F84100C0B2C6E790F84200C0B2C2E781
S32508016A60042B05D0082B07D094F84720D2B2BFE794F84520D2B2BBE794F84620D2B2B7E7B1
S32508016A80042B09D0082B0BD00C2B0DD0102B0FD0022184F84310B6E7022184F83F10B2E78D
S32508016AA0022184F84010AEE7022184F84110AAE7022184F84210A6E7042B05D0082B07D036
S32508016AC0022184F84710A3E7022184F845109FE7022184F846109BE72168CA6842F0020245
S32508016AE0CA60012219462068FEF746FE23681C4A93421ED0B3F1804F1BD002F5A05293424A
S32508016B0017D01A6842F001021A60002020E02168CA6842F00402CA60E3E72168CA6842F05A
S32508016B200802CA60DDE72168CA6842F01002CA60D7E799680B4A0A40062A0CD0B2F5803F55
S32508016B400BD01A6842F001021A60002000E0012010BD1046FCE70020FAE70020F8E700BF34
S32508016B60002C01400700010038B505460C460C296CD8DFE801F0076B6B6B2A6B6B6B306B88
S32508016B806B6B36000268D36823F00203D360002221462868FEF7F0FD2B68196A41F2111283
S32508016BA0114208D1196A40F24442114203D11A6822F001021A60D4B9012385F83E3094BB3C
S32508016BC0012385F84430002041E00268D36823F00403D360DBE70268D36823F00803D360A6
S32508016BE0D5E70268D36823F01003D360CFE7042C09D0082C0BD00C2C0DD0102C0FD00123AA
S32508016C0085F84330DBE7012385F83F30D7E7012385F84030D3E7012385F84130CFE701232E
S32508016C2085F84230CBE7042C06D0082C09D0012385F8473000200AE0012385F84530002039
S32508016C4005E0012385F84630002000E0012038BD2DE9F041044616461F460D46002932D142
S32508016C6090F83E10C8B2002D49D194F844805FFA88F8022800F00A81B8F1020F00F0038172
S32508016C80012840F00281B8F1010F40F0FF80002E48D0002D4AD1022384F83E30002D61D1A5
S32508016CA0022384F84430012229462068FEF764FD0C2D7FD8DFE805F0667E7E7E8F7E7E7E0B
S32508016CC0A87E7E7EC100042909D008290BD00C290DD010290FD090F84300C0B2C3E790F817
S32508016CE03F10C8B2BFE790F84010C8B2BBE790F84100C0B2B7E790F84200C0B2B3E7042D42
S32508016D0006D0082D09D094F847805FFA88F8B0E794F845805FFA88F8ABE794F846805FFA56
S32508016D2088F8A6E7002FB4D04046AFE0042D09D0082D0BD00C2D0DD0102D0FD0022384F882
S32508016D404330ABE7022384F83F30A7E7022384F84030A3E7022384F841309FE7022384F8AD
S32508016D6042309BE7042D05D0082D07D0022384F8473098E7022384F8453094E7022384F835
S32508016D80463090E7636A484ADA62636A474A1A63636A474A5A6321683B4632463431606AB5
S32508016DA0F5F7A3F8002873D12268D36843F40073D360804623683F4A934256D0B3F1804FE7
S32508016DC053D002F5A05293424FD01A6842F001021A6040465AE0A36A334ADA62A36A334A63
S32508016DE01A63A36A324A5A6321683B4632463831A06AF5F77AF800284CD12268D36843F42D
S32508016E008063D3608046D5E7E36A274ADA62E36A264A1A63E36A264A5A6321683B4632469B
S32508016E203C31E06AF5F761F8002835D12268D36843F40063D3608046BCE7236B1A4ADA62F0
S32508016E40236B1A4A1A63236B194A5A6321683B4632464031206BF5F748F8F8B92268D368E6
S32508016E6043F48053D3608046A4E79968124A0A40062A15D0B2F5803F14D01A6842F00102B8
S32508016E801A60404602E0404600E00120BDE8F0814046FBE74046F9E74046F7E74046F5E7D0
S32508016EA04046F3E74046F1E763480108E5480108954B0108002C01400700010038B5054685
S32508016EC00C4600220068FEF757FC0C2C74D8DFE804F00773737329737373327373733B0098
S32508016EE02A68D36823F40073D360686AF5F75DF82B68196A41F21112114208D1196A40F299
S32508016F004442114203D11A6822F001021A6024BB012385F83E30002C3BD1012385F8443069
S32508016F2000204AE02A68D36823F48063D360A86AF5F73BF8DCE72A68D36823F40063D36090
S32508016F40E86AF5F732F8D3E72A68D36823F48053D360286BF5F729F8CAE7042C09D0082C88
S32508016F600BD00C2C0DD0102C0FD0012385F84330D1E7012385F83F30CDE7012385F8403056
S32508016F80C9E7012385F84130C5E7012385F84230C1E7042C06D0082C09D0012385F847308E
S32508016FA000200AE0012385F84530002005E0012385F84630002000E0012038BD10B5044661
S32508016FC090F83E00C0B294F83F3094F8442094F84510012830D1DBB2D2B2C9B2012B2CD1BF
S32508016FE0012A2BD1012901D0104626E0022384F83E3084F83F3084F8443084F84530002108
S325080170002068FEF7B9FB012204212068FEF7B4FB23680B4A934209D002F5A052934205D09B
S3250801702002F58062934201D0002006E05A6C42F400425A64002000E0012010BD1846FCE791
S32508017040002C014010B50446002211460068FEF793FB002204212068FEF78EFB23681A4A05
S32508017060934221D002F5A05293421DD002F58062934219D02368196A41F21112114208D169
S32508017080196A40F24442114203D11A6822F001021A60012384F83E3084F83F3084F8443085
S325080170A084F84530002010BD196A41F211121142E0D1196A40F244421142DBD15A6C22F4F0
S325080170C000425A64D6E700BF002C014010B5044690F83E00C0B294F83F3094F8442094F8FA
S325080170E0451001283BD1DBB2D2B2C9B2012B37D1012A36D1012901D0104631E0022384F802
S325080171003E3084F83F3084F8443084F845302268D36843F00203D3602268D36843F00403F7
S32508017120D360012200212068FEF726FB012204212068FEF721FB23680B4A934209D002F5C5
S32508017140A052934205D002F58062934201D0002006E05A6C42F400425A64002000E00120E2
S3250801716010BD1846FCE700BF002C014010B504460268D36823F00203D3600268D36823F00F
S325080171800403D360002211460068FEF7F5FA002204212068FEF7F0FA23681A4A934221D07E
S325080171A002F5A05293421DD002F58062934219D02368196A41F21112114208D1196A40F239
S325080171C04442114203D11A6822F001021A60012384F83E3084F83F3084F8443084F8453008
S325080171E0002010BD196A41F211121142E0D1196A40F244421142DBD15A6C22F400425A64A0
S32508017200D6E700BF002C014070B5044690F83E00C0B294F83F3094F84420D2B294F845503F
S325080172200E46B1B9012846D1012A45D1022384F83E3084F8443066B3042E36D0012200216C
S325080172402068FEF799FA012204212068FEF794FA24E0DBB2EDB2042911D0012831D1012B27
S325080172602AD1012A2FD1012D2FD1022384F83E3084F83F3084F8443084F84530DBE7012BE2
S325080172801BD1012D1BD1022384F83F3084F84530D1E7012200212068FEF76EFA22681368F2
S325080172A043F001031360002006E0012204212068FEF762FAF2E7012070BD0120FCE7184665
S325080172C0FAE70120F8E71846F6E71046F4E738B504460D4661B104292BD0002211460068AD
S325080172E0FEF74AFA002204212068FEF745FA04E0002211460068FEF73FFA2368196A41F20F
S325080173001112114208D1196A40F24442114203D11A6822F001021A608DB1042D0FD001232A
S3250801732084F83E3084F83F3084F8443084F845300DE0002204210068FEF71EFADDE745B91D
S32508017340012384F83E3005BB012384F84430002038BD042D09D0082D0BD00C2D0DD0102DBA
S325080173600FD0012384F84330EDE7012384F83F30E9E7012384F84030E5E7012384F841306C
S32508017380E1E7012384F84230DDE7042D05D0082D07D0012384F84730D9E7012384F8453042
S325080173A0D5E7012384F84630D1E770B5044690F83E00C0B294F83F3094F84420D2B294F892
S325080173C045500E4609BB01285BD1012A5AD1022384F83E3084F84430002E36D0042E45D0CC
S325080173E0012200212068FEF7C7F9012204212068FEF7C2F92268D36843F00203D3602268C3
S32508017400D36843F00403D36029E0DBB2EDB2042911D001283BD1012B34D1012A39D1012DA9
S3250801742039D1022384F83E3084F83F3084F8443084F84530D0E7012B25D1012D25D1022336
S3250801744084F83F3084F84530C6E7012200212068FEF792F92268D36843F00203D36022688E
S32508017460136843F00103136000200BE0012204212068FEF781F92268D36843F00403D3605C
S32508017480EDE7012070BD0120FCE71846FAE70120F8E71846F6E71046F4E738B504460D4682
S325080174A0002931D004293AD0002211460068FEF763F9002204212068FEF75EF92268D3684A
S325080174C023F00203D3602268D36823F00403D3602368196A41F21112114208D1196A40F2FB
S325080174E04442114203D11A6822F001021A600DB3042D1FD0012384F83E3084F83F3084F86A
S32508017500443084F845301DE0002211460068FEF733F92268D36823F00203D360D8E7002207
S3250801752004210068FEF728F92268D36823F00403D360CDE745B9012384F83E3005BB0123E3
S3250801754084F84430002038BD042D09D0082D0BD00C2D0DD0102D0FD0012384F84330EDE7E4
S32508017560012384F83F30E9E7012384F84030E5E7012384F84130E1E7012384F84230DDE792
S32508017580042D05D0082D07D0012384F84730D9E7012384F84530D5E7012384F84630D1E754
S325080175A02DE9F04104461F46BDF8188090F83E50EDB290F83F00C6B294F84400C0B294F8B7
S325080175C045308C4681BB022D00F0EA80022800F0E480012D40F0E380012840F0E180F2B1F4
S325080175E0022384F83E3084F84430BCF1000F5FD0BCF1040F7FD0636A7549D962636A754932
S325080176001963636A74495963216843463431606AF4F76BFC002800F092800125C0E0B8F16D
S32508017620000FDDD00546BBE0DBB2042923D0022D00F0B680022E00F0BE80022800F0BD80E2
S32508017640022B00F0BC80012D40F0BB80012E40F0A780012840F0B780012B40F0B68012B3BC
S325080176600FB3022384F83E3084F83F3084F8443084F84530B9E7022E00F09580022B00F06C
S325080176809480012E40F09380012B40F092802FB1022384F83F3084F84530A6E7B8F1000FC1
S325080176A0F6D01D467CE0B8F1000FDAD01D4677E0636A4749D962636A46491963636A46494E
S325080176C05963216843463431606AF4F70EFC054608B1012564E02268D36843F40073D36099
S325080176E0012200212068FEF747F82268136843F00103136054E0A36A354ADA62A36A354A44
S325080177001A63A36A344A5A63216843463A463831A06AF4F7EAFB054608B1012540E02268EC
S32508017720D36843F48063D360012204212068FEF723F82268136843F00103136030E0A36A06
S32508017740234ADA62A36A234A1A63A36A224A5A63216843463A463831A06AF4F7C6FB054648
S3250801776008B101251CE02268D36843F40073D3602268D36843F48063D3600122002120689F
S32508017780FDF7FAFF012204212068FDF7F5FF2268136843F00103136002E0054600E0012553
S325080177A02846BDE8F0813546FAE71D46F8E70125F6E73546F4E73546F2E70546F0E71D4666
S325080177C0EEE70125ECE73546EAE70546E8E700BF63480108E5480108954B010838B504469D
S325080177E00D46002937D0042943D0002211460068FDF7C2FF002204212068FDF7BDFF226818
S32508017800D36823F40073D3602268D36823F48063D360606AF4F7C9FBA06AF4F7C6FB2368B5
S32508017820196A41F21112114208D1196A40F24442114203D11A6822F001021A603DB3042DA0
S3250801784025D0012384F83E3084F83F3084F8443084F8453023E0002211460068FDF78CFFE7
S325080178602268D36823F40073D360606AF4F79DFBD5E7002204210068FDF77EFF2268D36889
S3250801788023F48063D360A06AF4F78FFBC7E745B9012384F83E3005BB012384F8443000207F
S325080178A038BD042D09D0082D0BD00C2D0DD0102D0FD0012384F84330EDE7012384F83F3082
S325080178C0E9E7012384F84030E5E7012384F84130E1E7012384F84230DDE7042D05D0082D03
S325080178E007D0012384F84730D9E7012384F84530D5E7012384F84630D1E700BF10B401F0B8
S325080179001F01042303FA01F4036A23EA04030362036A02FA01F10B4303625DF8044B7047D0
S3250801792010B5846A636A83420BD0A36A83420DD0E36A834210D02046FDF72BF9002323773C
S3250801794010BD0123237784F84430F4E702232377012384F84530EEE704232377012384F8B8
S325080179604630E8E710B5846A636A83420ED0A36A834214D0E36A83421AD0236B834220D09B
S325080179802046FCF7CEFF0023237710BD01232377C369002BF4D1012384F84430F0E702233E
S325080179A02377C369002BEBD1012384F84530E7E704232377C369002BE2D1012384F8463047
S325080179C0DEE708232377C369002BD9D1012384F84730D5E77047002867D070B588B00E4673
S325080179E0044690F83D30002B5AD0022384F83D30214651F8040BFDF733F9B368032231681E
S32508017A002068FDF7C1FB2268936923F00C0393612268936971680B4393612268536843F06A
S32508017A20800353602268936823F0700393602268936843F0400393602268936823F48033C6
S32508017A4023F0070393602268936843F0040393600025059506957023019307950495039507
S32508017A60F368029301A92068FDF778FA2268536823F0700353602268536843F05003536073
S32508017A80012384F8483084F83E3084F83F3084F8443084F8453084F83D30284608B070BDCD
S32508017AA080F83C30FFF796FF9FE701207047704710B50446022380F83D300368196A41F2F9
S32508017AC01112114208D1196A40F24442114203D11A6822F001021A602046FFF7E8FF002072
S32508017AE084F8480084F83E0084F83F0084F8440084F8450084F83D0084F83C0010BD10B5BA
S32508017B00044690F83E00C0B294F83F3094F8442094F84510012836D1DBB2D2B2C9B2012B20
S32508017B2032D1012A31D1012901D010462CE0022384F83E3084F83F3084F8443084F84530CE
S32508017B4000212068FDF718FE2368134A93420CD0B3F1804F09D002F5A052934205D01A6869
S32508017B6042F001021A6000200EE099680B4A0A40062A0CD0B2F5803F0BD01A6842F0010295
S32508017B801A60002000E0012010BD1846FCE70020FAE70020F8E700BF002C014007000100F9
S32508017BA010B50446002211460068FDF7E5FD2368196A41F21112114208D1196A40F2444225
S32508017BC0114203D11A6822F001021A60012384F83E3084F83F3084F8443084F84530002064
S32508017BE010BD10B5044690F83E00C0B294F83F3094F8442094F8451001283CD1DBB2D2B24F
S32508017C00C9B2012B38D1012A37D1012901D0104632E0022384F83E3084F83F3084F8443025
S32508017C2084F845302268D36843F00203D360012200212068FDF7A0FD2368134A93420CD01E
S32508017C40B3F1804F09D002F5A052934205D01A6842F001021A6000200EE099680B4A0A4057
S32508017C60062A0CD0B2F5803F0BD01A6842F001021A60002000E0012010BD1846FCE7002028
S32508017C80FAE70020F8E700BF002C01400700010010B50446002211460068FDF76DFD2268E9
S32508017CA0D36823F00203D3602368196A41F21112114208D1196A40F24442114203D11A68BB
S32508017CC022F001021A60012384F83E3084F83F3084F8443084F84530002010BDF8B5044648
S32508017CE090F83E30D8B294F8443002284ED00F461646DDB2022D46D0012846D1012D45D1A4
S32508017D0000292FD0022384F83E3084F84430012200212068FDF730FD636A1E4ADA62636A02
S32508017D201D4A1A63636A1D4A5A63216833463A463431606AF4F7D9F848BB2268D36843F4F3
S32508017D400073D3602368164A93420FD0B3F1804F0CD002F5A052934208D01A6842F0010233
S32508017D601A6013E0002ACDD028460FE099680D4A0A40062A0AD0B2F5803F07D01A6842F0C6
S32508017D8001021A6002E0284600E00120F8BD2846FCE700BF63480108E5480108954B01086E
S32508017DA0002C01400700010010B50446002211460068FDF7E1FC2268D36823F40073D360FC
S32508017DC0606AF4F7F2F82368196A41F21112114208D1196A40F24442114203D11A6822F06F
S32508017DE001021A60012384F83E3084F84430002010BD10B50446084639BB94F84430DBB22E
S32508017E00013B18BF0123002B56D1002836D1022384F84430042201462068FFF76FFD2268A5
S32508017E20536C43F4004353642368264A934235D0B3F1804F32D002F5A05293422ED01A68BB
S32508017E4042F001021A60002037E0042908D008290DD094F84730DBB2013B18BF0123D2E79A
S32508017E6094F84530DBB2013B18BF0123CBE794F84630DBB2013B18BF0123C4E7042805D00A
S32508017E80082807D0022384F84730C3E7022384F84530BFE7022384F84630BBE799680A4A40
S32508017EA00A40062A0AD0B2F5803F09D01A6842F001021A60002000E0012010BD0020FCE7FE
S32508017EC00020FAE7002C01400700010038B504460D4600220068FFF711FD2368196A41F2C4
S32508017EE01112114208D1196A40F24442114203D15A6C22F400425A642368196A41F2111282
S32508017F00114208D1196A40F24442114203D11A6822F001021A6025B9012384F844300020A1
S32508017F2038BD042D05D0082D07D0012384F84730F5E7012384F84530F1E7012384F8463035
S32508017F40EDE710B50446084691B994F84430DBB2013B18BF0123002B72D110BB022384F8F9
S32508017F604430042852D0082856D050B3012010BD042908D008290DD094F84730DBB2013B0A
S32508017F8018BF0123E7E794F84530DBB2013B18BF0123E0E794F84630DBB2013B18BF0123B7
S32508017FA0D9E7042805D0082807D0022384F84730D7E7022384F84530D3E7022384F846302D
S32508017FC0CFE72268D36843F00203D3602268D36843F08003D360042201462068FFF78EFC89
S32508017FE02268536C43F4004353642368174A934218D0B3F1804F15D002F5A052934211D058
S325080180001A6842F001021A600020B0E72268D36843F00403D360D9E72268D36843F0080374
S32508018020D360D3E799680A4A0A40062A0AD0B2F5803F09D01A6842F001021A60002096E78E
S32508018040012094E7002092E7002090E7002C01400700010038B505460C4604293CD00829DC
S3250801806040D009B1012038BD0268D36823F00203D360002221462868FFF740FC2B68196AC0
S3250801808040F24442114203D1DA6822F08002DA602B68196A41F21112114208D1196A40F295
S325080180A04442114203D15A6C22F400425A642B68196A41F21112114208D1196A40F2444255
S325080180C0114203D11A6822F001021A6084B9012385F844300020C6E70268D36823F004037B
S325080180E0D360C6E70268D36823F00803D360C0E7042C06D0082C09D0012385F847300020A9
S32508018100B1E7012385F845300020ACE7012385F846300020A7E770B5044616460D4631BB20
S3250801812090F84400C0B2022814BF00200120002840F0D580002D36D194F84420D2B2012A34
S3250801814014BF00220122002A00F0CB80002E46D0002D48D1022284F84420042D00F08480E0
S32508018160082D00F09880002D4DD0012070BD042909D008290FD090F84700C0B2022814BFC7
S3250801818000200120D3E790F84500C0B2022814BF00200120CBE790F84600C0B2022814BF69
S325080181A000200120C3E7042D09D0082D0FD094F84720D2B2012A14BF00220122C3E794F8B7
S325080181C04520D2B2012A14BF00220122BBE794F84620D2B2012A14BF00220122B3E7002B44
S325080181E0B6D00120C2E7042D05D0082D07D0022284F84720B1E7022284F84520ADE70222B2
S3250801820084F84620A9E7626A3C49D162626A3C491163626A3B495163226834323146606A5F
S32508018220F3F763FE00285ED12268D36843F40073D360042229462068FFF760FB2268536C34
S3250801824043F40043536423682F4A934239D0B3F1804F36D002F5A052934232D01A6842F00F
S3250801826001021A60002081E7A26A2449D162A26A23491163A26A23495163226838323146BB
S32508018280A06AF3F732FE00282FD12268D36843F48063D360CDE7E26A1849D162E26A184930
S325080182A01163E26A1749516322683C323146E06AF3F71BFED8B92268D36843F40063D360FC
S325080182C0B7E79968114A0A40062A12D0B2F5803F11D01A6842F001021A60002046E7022052
S325080182E044E7012042E7012040E701203EE701203CE700203AE7002038E700BF6579010802
S325080183009749010821790108002C01400700010038B505460C46042935D008293CD009B19A
S32508018320012038BD0268D36823F40073D360406AF3F73BFE002221462868FFF7DFFA2B686E
S32508018340196A41F21112114208D1196A40F24442114203D15A6C22F400425A642B68196AB5
S3250801836041F21112114208D1196A40F24442114203D11A6822F001021A60B4B9012385F8EB
S3250801838044300020CDE70268D36823F48063D360806AF3F70AFECDE70268D36823F4006305
S325080183A0D360C06AF3F701FEC4E7042C06D0082C09D0012385F847300020B2E7012385F838
S325080183C045300020ADE7012385F846300020A8E710B50446084639BB94F84430DBB2013B85
S325080183E018BF0123002B56D1002836D1022384F84430042201462068FFF780FA2268536C2F
S3250801840043F4004353642368264A934235D0B3F1804F32D002F5A05293422ED01A6842F062
S3250801842001021A60002037E0042908D008290DD094F84730DBB2013B18BF0123D2E794F85A
S325080184404530DBB2013B18BF0123CBE794F84630DBB2013B18BF0123C4E7042805D0082880
S3250801846007D0022384F84730C3E7022384F84530BFE7022384F84630BBE799680A4A0A4040
S32508018480062A0AD0B2F5803F09D01A6842F001021A60002000E0012010BD0020FCE7002042
S325080184A0FAE700BF002C01400700010038B504460D4600220068FFF721FA2368196A41F232
S325080184C01112114208D1196A40F24442114203D15A6C22F400425A642368196A41F211129C
S325080184E0114208D1196A40F24442114203D11A6822F001021A6025B9012384F844300020BC
S3250801850038BD042D05D0082D07D0012384F84730F5E7012384F84530F1E7012384F846304F
S32508018520EDE710B50446084691B994F84430DBB2013B18BF0123002B72D110BB022384F813
S325080185404430042852D0082856D050B3012010BD042908D008290DD094F84730DBB2013B24
S3250801856018BF0123E7E794F84530DBB2013B18BF0123E0E794F84630DBB2013B18BF0123D1
S32508018580D9E7042805D0082807D0022384F84730D7E7022384F84530D3E7022384F8463047
S325080185A0CFE72268D36843F00203D3602268D36843F08003D360042201462068FFF79EF996
S325080185C02268536C43F4004353642368174A934218D0B3F1804F15D002F5A052934211D072
S325080185E01A6842F001021A600020B0E72268D36843F00403D360D9E72268D36843F008038F
S32508018600D360D3E799680A4A0A40062A0AD0B2F5803F09D01A6842F001021A60002096E7A8
S32508018620012094E7002092E7002090E7002C01400700010038B505460C4604293CD00829F6
S3250801864040D009B1012038BD0268D36823F00203D360002221462868FFF750F92B68196ACD
S3250801866040F24442114203D1DA6822F08002DA602B68196A41F21112114208D1196A40F2AF
S325080186804442114203D15A6C22F400425A642B68196A41F21112114208D1196A40F244426F
S325080186A0114203D11A6822F001021A6084B9012385F844300020C6E70268D36823F0040395
S325080186C0D360C6E70268D36823F00803D360C0E7042C06D0082C09D0012385F847300020C3
S325080186E0B1E7012385F845300020ACE7012385F846300020A7E770B5044616460D4631BB3B
S3250801870090F84400C0B2022814BF00200120002840F0D580002D36D194F84420D2B2012A4E
S3250801872014BF00220122002A00F0CB80002E46D0002D48D1022284F84420042D00F08480FA
S32508018740082D00F09880002D4DD0012070BD042909D008290FD090F84700C0B2022814BFE1
S3250801876000200120D3E790F84500C0B2022814BF00200120CBE790F84600C0B2022814BF83
S3250801878000200120C3E7042D09D0082D0FD094F84720D2B2012A14BF00220122C3E794F8D1
S325080187A04520D2B2012A14BF00220122BBE794F84620D2B2012A14BF00220122B3E7002B5E
S325080187C0B6D00120C2E7042D05D0082D07D0022284F84720B1E7022284F84520ADE70222CC
S325080187E084F84620A9E7626A3C49D162626A3C491163626A3B495163226834323146606A7A
S32508018800F3F773FB00285ED12268D36843F40073D360042229462068FFF770F82268536C34
S3250801882043F40043536423682F4A934239D0B3F1804F36D002F5A052934232D01A6842F029
S3250801884001021A60002081E7A26A2449D162A26A23491163A26A23495163226838323146D5
S32508018860A06AF3F742FB00282FD12268D36843F48063D360CDE7E26A1849D162E26A18493D
S325080188801163E26A1749516322683C323146E06AF3F72BFBD8B92268D36843F40063D36009
S325080188A0B7E79968114A0A40062A12D0B2F5803F11D01A6842F001021A60002046E702206C
S325080188C044E7012042E7012040E701203EE701203CE700203AE7002038E700BF657901081C
S325080188E09749010821790108002C01400700010038B505460C46042935D008293CD009B1B5
S32508018900012038BD0268D36823F40073D360406AF3F74BFB002221462868FEF7EFFF2B6867
S32508018920196A41F21112114208D1196A40F24442114203D15A6C22F400425A642B68196ACF
S3250801894041F21112114208D1196A40F24442114203D11A6822F001021A60B4B9012385F805
S3250801896044300020CDE70268D36823F48063D360806AF3F71AFBCDE70268D36823F4006312
S32508018980D360C06AF3F711FBC4E7042C06D0082C09D0012385F847300020B2E7012385F845
S325080189A045300020ADE7012385F846300020A8E7F8B504460F46B1B9042594F83E00C0B29E
S325080189C094F83F30DBB294F84420D2B294F84560F6B2012823D1012B22D1012A21D1012E2B
S325080189E003D010461CE00025E7E7022384F83E3084F83F3084F8443084F8453004223946D0
S32508018A002068FEF77BFF012229462068FCF7B4FE2268536C43F400435364002000E00120F6
S32508018A20F8BD1846FCE738B50446002932D1042500222068FEF762FF002229462068FCF799
S32508018A409BFE2368196A41F21112114208D1196A40F24442114203D15A6C22F400425A64A0
S32508018A602368196A41F21112114208D1196A40F24442114203D11A6822F001021A600123C0
S32508018A8084F83E3084F83F3084F8443084F84530002038BD0025CBE7F8B504460F46B1B96F
S32508018AA0042594F83E00C0B294F83F30DBB294F84420D2B294F84560F6B201282DD1012B1A
S32508018AC02CD1012A2BD1012E03D0104626E00025E7E7022384F83E3084F83F3084F8443028
S32508018AE084F845302268D36843F00203D3602268D36843F00403D360042239462068FEF7F2
S32508018B00FDFE012229462068FCF736FE2268536C43F400435364002000E00120F8BD18465C
S32508018B20FCE738B5044600293CD104252268D36823F00203D3602268D36823F00403D3608B
S32508018B4000222068FEF7DAFE002229462068FCF713FE2368196A41F21112114208D1196A5F
S32508018B6040F24442114203D15A6C22F400425A642368196A41F21112114208D1196A40F2E6
S32508018B804442114203D11A6822F001021A60012384F83E3084F83F3084F8443084F845302E
S32508018BA0002038BD0025C1E790F83C30012B32D010B4012380F83C3029B1102903D02029A7
S32508018BC001D0302908D10468A36823F07003A3600468A3681943A16001684B6843F001035C
S32508018BE04B6001684B6823F004034B6001684B681A434A600268D36823F02003D36002683F
S32508018C00D36823F40053D360002380F83C3018465DF8044B70470220704790F83C30012BB4
S32508018C2032D010B4012380F83C3029B1102903D0202901D0302908D10468A36823F0700328
S32508018C40A3600468A3681943A16001684B6843F001034B6001684B6823F004034B600168E6
S32508018C604B681A434A600268D36823F40053D3600268D36843F02003D360002380F83C30B4
S32508018C8018465DF8044B70470220704790F83C30012B3BD010B4012380F83C3029B1102929
S32508018CA003D0202901D0302908D10468A36823F07003A3600468A3681943A16001684B6896
S32508018CC043F001034B6001684B6823F004034B6001684B681A434A60436B0D4ADA62436BB0
S32508018CE00C4A1A63436B0C4A5A630268D36823F02003D3600268D36843F40053D36000233E
S32508018D0080F83C3018465DF8044B704702207047498F01085B8F0108954B010890F83C301D
S32508018D20012B2FD030B4012380F83C30022380F83D30026853689568134CA2421DD023F09E
S32508018D4070030C682343536003680F4A934206D0B3F1804F03D002F5A052934204D125F0A7
S32508018D6080058A6815439D60012380F83D30002380F83C30184630BC704723F470034C68C9
S32508018D802343DCE702207047002C014090F83C30012B3BD010B4012380F83C30CB6823F414
S32508018DA040738A68134323F480634A68134323F400630A68134323F480530A69134323F49B
S32508018DC000534A69134323F480438A6A134323F470238A6943EA024302680D4CA24207D077
S32508018DE05364002380F83C3018465DF8044B704723F470034C6A43EA045323F08073CC69EE
S32508018E00234323F00073096A0B43E9E702207047002C0140034690F83C0001284CD0F0B48A
S32508018E20012083F83C001068022817D004281BD001280DD00024A44626462046012919D0B2
S32508018E40022928D00120002283F83C20F0BC704709244FF0000C4FF40076EFE70A244FF0EF
S32508018E60010C4FF48066E9E70B244FF0020C4FF40066E3E71F68396E556805FA0CF54D4076
S32508018E8028404840926802FA04F444402640704038660020D7E71F687D6E516801FA0CF1AC
S32508018EA0694008406840926802FA04F444402640704078660020C6E70220704790F83C300A
S32508018EC0012B1CD010B4012380F83C3003680D4A934202D0B3F1804F06D11C6E24F4E03436
S32508018EE001F4E03222431A6621F4E03103681965002380F83C3018465DF8044B7047022086
S32508018F00704700BF002C014090F83C30012B18D010B4012280F83C20022380F83D30046826
S32508018F20A36D23F06043A3650468A36D1943A16580F83D20002380F83C3018465DF8044B98
S32508018F40704702207047704708B5806A012380F83D30FFF7F8FF08BD704708B5806A0123D7
S32508018F6080F83D30FFF7F8FF08BD7047704790F83D00704719B990F84400C0B2704704296D
S32508018F8005D0082907D090F84700C0B2704790F84500C0B2704790F84600C0B2704700BF41
S32508018FA0026852E8003F23F0C00342E800310029F6D1202383677047026852E8003F23F4C0
S32508018FC0907342E800310029F6D1026802F1080353E8003F23F00103083242E8003100297D
S32508018FE0F3D1036E012B05D02023C3670023036643667047026852E8003F23F0100342E8A0
S3250801900000310029F6D1EFE7836F212B00D07047B0F852309BB293B9026852E8003F23F0CC
S32508019020800342E800310029F6D1026852E8003F43F0400342E800310029F6D17047C26CCA
S32508019040036812781A85C36C0133C364B0F852309BB2013B9BB2A0F85230D8E7836F212BCC
S3250801906000D07047B0F852309BB293B9026852E8003F23F0800342E800310029F6D1026869
S3250801908052E8003F43F0400342E800310029F6D17047C36C1B880268C3F308031385C36C0C
S325080190A00233C364B0F852309BB2013B9BB2A0F85230D6E770477047D0B138B50546242300
S325080190C083670268136823F001031360036800241C6003685C6003689C6002F0E9FBC5F8FC
S325080190E08040AC67EC672C6685F87440204638BD01207047836F202B2CD169B372B390F842
S325080191007430012B2CD0012380F87430C164A0F85020A0F852200023C0F880302123836744
S325080191208368B3F5805F0FD00E4B8366002380F87430026852E8003F43F0800342E800315A
S325080191400029F6D1002070470369002BECD1064B8366EBE702207047012070470120704750
S3250801916002207047099001085D900108836F202B4AD110B50446002948D0002A48D090F8FD
S325080191807430012B46D0012380F87430C164A0F85020A0F852200023C0F8803021238367AA
S325080191A0C36EEBB11C49D962C36E1C491963C36E1B495963C36E002199630168134601F1CE
S325080191C02802C16CC06EF2F790FE48B11023C4F88030002384F874302023A367012012E049
S325080191E0236840221A62002384F87430226802F1080353E8003F43F08003083242E8003167
S325080192000029F3D1002010BD022070470120FAE70120F8E70220F6E71796010883960108B3
S325080192209396010810B4826FC46F90F87430012B46D0012380F8743003689B6813F0800F57
S3250801924001D0212A0DD003689B6813F0400F01D0222C13D0002380F8743018465DF8044B03
S325080192607047026802F1080353E8003F23F08003083242E800310029F3D1E4E7026852E8BF
S32508019280003F23F4807342E800310029F6D1026802F1080353E8003F23F00103083242E8CE
S325080192A000310029F3D1026802F1080353E8003F23F04003083242E800310029F3D1C9E717
S325080192C00220CBE790F87430012B41D0012380F87430836F212B07D0C36F222B11D000236A
S325080192E080F8743018467047026802F1080353E8003F43F08003083242E800310029F3D114
S32508019300EAE7036808221A62036943B1026852E8003F43F4807342E800310029F6D102683A
S3250801932002F1080353E8003F43F00103083242E800310029F3D1026802F1080353E8003F0B
S3250801934043F04003083242E800310029F3D1C6E70220704738B50446826FC56F03689B68B6
S3250801936013F0800F01D0212A08D023689B6813F0400F42D0222D20D000203FE0226802F16B
S32508019380080353E8003F23F08003083242E800310029F3D1E06E10B1F2F7E2FD18B9204613
S325080193A0FFF7FEFDE1E7E06EF2F74FFF2028F6D11023C4F88030032020E0226802F1080307
S325080193C053E8003F23F04003083242E800310029F3D1206F10B1F2F7C3FD20B92046FFF7FE
S325080193E0EBFD00200AE0206FF2F72FFF2028F5D11023C4F88030032000E0002038BD10B53C
S325080194000446226852E8003F23F4F07342E800310029F6D1226802F1080353E8003F23F016
S325080194200103083242E800310029F3D1236E012B47D023689B6813F0800F14D0226802F142
S32508019440080353E8003F23F08003083242E800310029F3D1E36E33B100229A63E06EF2F7D5
S325080194607FFD002837D123689B6813F0400F13D0226802F1080353E8003F23F040030832DC
S3250801948042E800310029F3D1236F2BB100229A63206FF2F765FD40BB0020A4F85200A4F869
S325080194A05A0023680F221A622268138B9BB243F0080313832023A367E3672066C4F8800069
S325080194C010BD226852E8003F23F0100342E800310029F6D1ADE7E06EF2F7B7FE2028C2D1E1
S325080194E01023C4F880300320EAE7206FF2F7ADFE2028D1D11023C4F880300320E0E710B56F
S325080195000446226852E8003F23F0C00342E800310029F6D123689B6813F0800F13D0226841
S3250801952002F1080353E8003F23F08003083242E800310029F3D1E36E2BB100229A63E06EF2
S32508019540F2F70EFD28B90020A4F852002023A36710BDE06EF2F779FE2028F4D11023C4F855
S3250801956080300320F4E710B50446226852E8003F23F4907342E800310029F6D1226802F13A
S32508019580080353E8003F23F00103083242E800310029F3D1236E012B28D023689B6813F058
S325080195A0400F13D0226802F1080353E8003F23F04003083242E800310029F3D1236F2BB122
S325080195C000229A63206FF2F7CBFCC8B90020A4F85A0023680F221A622268138B9BB243F0A7
S325080195E0080313832023E367206610BD226852E8003F23F0100342E800310029F6D1CCE7B4
S32508019600206FF2F722FE2028E0D11023C4F880300320EAE7704708B50346806A1B681B686A
S3250801962013F0200F18D10023A0F85230026802F1080353E8003F23F08003083242E80031B6
S325080196400029F3D1026852E8003F43F0400342E800310029F6D108BDFFF7DCFFFBE708B535
S32508019660026852E8003F23F0400342E800310029F6D12023836700238366FFF7CBFF08BD99
S32508019680704708B5806AFFF7FBFF08BD70477047704738B5846AA26FE56F23689B6813F0B2
S325080196A0800F01D0212A10D023689B6813F0400F01D0222D10D0D4F8803043F01003C4F8B2
S325080196C080302046FFF7E4FF38BD0023A4F852302046FFF765FCE7E70023A4F85A3020461C
S325080196E0FFF76AFCE7E708B5806A0023A0F85A30A0F85230FFF7CCFF08BD704738B50446B7
S32508019700226852E8003F23F4F07342E800310029F6D1226802F1080353E8003F23F0010359
S32508019720083242E800310029F3D1236E012B2ED0E36E33B12268926812F0800F31D0394A0F
S325080197409A63236F33B12268926812F0400F2BD0354A9A6323689B6813F0800F27D021689B
S3250801976001F1080353E8003F23F08003083141E800321546002AF2D1E06E00284BD0F2F777
S3250801978014FCA8B1E36E00229A63012510E0226852E8003F23F0100342E800310029F6D157
S325080197A0C6E700229A63CCE700229A63D2E7012523689B6813F0400F2FD0226802F10803B6
S325080197C053E8003F23F04003083242E800310029F3D1206F08B3F2F7E8FB00B3236F0022AB
S325080197E09A630023A4F85230A4F85A306366A366C4F8803022680F21116221680A8B92B229
S3250801980042F008020A832022A267E26723662046FFF773FF03E00125CAE7012DE1D00020CC
S3250801982038BD00BF6D9801082D98010808B5806A036F00229A63C36E0BB19B6BABB90022D8
S32508019840A0F85220A0F85A20C0F8802003680F21196201680B8B9BB243F008030B83202314
S325080198608367C3670266FFF748FF08BD08B5806AC36E00229A63036F0BB19B6B7BB90023D9
S32508019880A0F85230A0F85A30C0F8803002680F21116220228267C2670366FFF72EFF08BD63
S325080198A0704710B50446226852E8003F23F0C00342E800310029F6D123689B6813F0800F8F
S325080198C021D0226802F1080353E8003F23F08003083242E800310029F3D1E36E4BB10F4AC8
S325080198E09A63E06EF2F761FBB0B1E06E836B984712E00023A4F85230A3662023A36720465E
S32508019900FFF7CEFF08E00023A4F85230A3662023A3672046FFF7C4FF002010BD2199010827
S3250801992008B5806A0023A0F8523020238367FFF7B7FF08BD704710B50446226852E8003FCD
S3250801994023F4907342E800310029F6D1226802F1080353E8003F23F00103083242E80031E5
S325080199600029F3D1236E012B1DD023689A6812F0400F36D0226802F1080353E8003F23F048
S325080199804003083242E800310029F3D1236FA3B11B4A9A63206FF2F708FB00282DD0206F7C
S325080199A0836B984729E0226852E8003F23F0100342E800310029F6D1D7E70022A4F85A2058
S325080199C0626523680F21196221680B8B9BB243F008030B832023E36722662046FFF7AAFF29
S325080199E00BE00022A4F85A2062650F2119622023E36722662046FFF79DFF002010BD00BF0A
S32508019A00059A010808B5806A0022A0F85A2003680F21196201680B8B9BB243F008030B8386
S32508019A202023C3670266FFF785FF08BD704770B504460168CB6908688D6840F60F021A403A
S32508019A4005D113F0200F02D010F0200F20D12AB115F0010222D1AC4E30421FD1226E012A10
S32508019A6000F0AB8013F4801F03D015F4800F40F0398113F0800F03D010F0800F40F03981E3
S32508019A8013F0400F03D010F0400F40F0398170BD636E002BFBD020469847F8E713F0010F2E
S32508019AA009D010F4807F06D001250D62D4F880102943C4F8801013F0020F09D042B12168D3
S32508019AC002250D62D4F8801041F00401C4F8801013F0040F09D042B1216804250D62D4F834
S32508019AE0801041F00201C4F8801013F0080F0BD010F0200F00D13AB1226808211162D4F875
S32508019B0080200A43C4F8802013F4006F0CD010F0806F09D022684FF400611162D4F88020C6
S32508019B2042F02002C4F88020D4F88020002AAED013F0200F06D010F0200F03D0636E0BB1BB
S32508019B4020469847D4F8802023689B6813F0400F02D112F0280F29D02046FFF72DFA236852
S32508019B609B6813F0400F1DD0226802F1080353E8003F23F04003083242E800310029F3D1BA
S32508019B80236F5BB1614A9A63206FF2F70EFA00283FF47DAF206F836B984778E72046FFF752
S32508019BA077FD74E72046FFF773FD70E72046FFF76FFD0023C4F8803069E713F0100F3FF4A8
S32508019BC051AF10F0100F3FF44DAF10230B6223689B6813F0400F4ED0226F13685B689BB26E
S32508019BE0002B3FF454AFB4F8581099427FF64FAFA4F85A3013681B6813F0200F30D12268B2
S32508019C0052E8003F23F4807342E800310029F6D1226802F1080353E8003F23F00103083214
S32508019C2042E800310029F3D1226802F1080353E8003F23F04003083242E800310029F3D1F3
S32508019C402023E36700232366226852E8003F23F0100342E800310029F6D1206FF2F780F957
S32508019C60B4F85810B4F85A309BB2C91A89B22046FFF7DCFE0BE7B4F85810B4F85A309BB261
S32508019C80C91A89B2B4F85A309BB2002B3FF4FFAE00293FF4FCAE226852E8003F23F49073E6
S32508019CA042E800300028F6D1226802F1080353E8003F23F00103083242E800300028F3D1B3
S32508019CC02023E367002323666366226852E8003F23F0100342E800300028F6D12046FFF7A5
S32508019CE0A5FED4E64FF480130B62204600F0AAFFCDE6A36E002B3FF4CAAE20469847C6E62B
S32508019D002046FFF7ACFCC2E620010004E796010808B5B0F85C30C26F222A06D00268138B91
S32508019D209BB243F00803138308BD0268918CDBB2426D0B401370436D01334365B0F85A30DF
S32508019D409BB2013B9BB2A0F85A30B0F85A309BB2002BE9D1026852E8003F23F4907342E871
S32508019D6000310029F6D1026802F1080353E8003F23F00103083242E800310029F3D12023F5
S32508019D80C36700234366036E012B16D100230366026852E8003F23F0100342E80031002921
S32508019DA0F6D10368DA6912F0100F01D010221A62B0F85810FFF73AFEB6E7FFF767FCB3E7B1
S32508019DC008B5B0F85C30C26F222A06D00268138B9BB243F00803138308BD0268918C426D0C
S32508019DE00B401380436D02334365B0F85A309BB2013B9BB2A0F85A30B0F85A309BB2002B15
S32508019E00EAD1026852E8003F23F4907342E800310029F6D1026802F1080353E8003F23F03B
S32508019E200103083242E800310029F3D12023C36700234366036E012B16D1002303660268DA
S32508019E4052E8003F23F0100342E800310029F6D10368DA6912F0100F01D010221A62B0F813
S32508019E605810FFF7E3FDB7E7FFF710FCB4E708B5806A036E012B02D0FFF709FC08BDB0F8DC
S32508019E8058104908FFF7D2FDF8E708B50346806A1B681B6813F0200F28D10023A0F85A30F0
S32508019EA0026852E8003F23F4807342E800310029F6D1026802F1080353E8003F23F0010362
S32508019EC0083242E800310029F3D1026802F1080353E8003F23F04003083242E800310029FB
S32508019EE0F3D12023C367036E012B05D0036E012B0CD0FFF7CBFB08BD026852E8003F23F0C0
S32508019F00100342E800310029F6D1EFE7B0F85810FFF78CFDEFE70268044B9A4204D0536974
S32508019F2003F07F4319435161704700BF008000400368104A934216D0826F202A15D190F8F0
S32508019F407420012A13D0012280F87420242282675A6842F400025A6020238367002380F876
S32508019F6074301846704701207047022070470220704700BF008000400368104A934216D090
S32508019F80826F202A15D190F87420012A13D0012280F87420242282675A6822F400025A6075
S32508019FA020238367002380F874301846704701207047022070470220704700BF0080004008
S32508019FC00268138B9BB243F004031383704790F87430012B1DD0012380F8743024238367E0
S32508019FE0026852E8003F23F00C0342E800310029F6D1026852E8003F43F0080342E8003186
S3250801A0000029F6D120238367002380F87430184670470220704790F87430012B1DD001237E
S3250801A02080F8743024238367026852E8003F23F00C0342E800310029F6D1026852E8003F91
S3250801A04043F0040342E800310029F6D120238367002380F87430184670470220704790F88A
S3250801A0607430012B11D0012380F87430242383670268138B9BB243F002031383202383675F
S3250801A080002380F874301846704702207047826FC06F10437047D0F880007047D0B504468C
S3250801A0A0016883680269134342691343C269134308688B4A024013430B602268536823F456
S3250801A0C04053E1680B435360A1692268854B9A4201D0236A1943936823F430630B439360B4
S3250801A0E02268814B9A421CD0804B9A422DD07D4B9A4243D010237B498A4260D0E069B0F5F7
S3250801A100004F00F08B80082B00F2E480DFE813F0B300C900B100E200CC00E200E200E20012
S3250801A120CF0003F55843D3F8883003F00303032B09D8DFE803F0020438060123DBE7042318
S3250801A140D9E70823D7E71023D5E703F5E633D3F8883003F00C030C2B0ED8DFE803F0070DD7
S3250801A1600D0D090D0D0D260D0D0D0B000023C2E70423C0E70823BEE71023BCE703F5C833FB
S3250801A180D3F8883003F44063B3F5006F0FD005D87BB1B3F5806F0ED10423ACE7B3F5406F0D
S3250801A1A00BD10823A7E70223A5E70223A3E70223A1E700239FE710239DE710239BE7082BA6
S3250801A1C078D8DFE803F0087729772677777705004FF4004003E0F6F795FD00286CD06268A4
S3250801A1E002EB4203834269D8B0EB023F68D80023070E06025008301847F1000102F044F9B4
S3250801A200A0F540723A4B9A425CD82368D860002043E0F6F729F9E0E73648E0E7082B53D8D4
S3250801A220DFE803F007210552245252520B00314803E0F6F767FD002848D06268530803EBB1
S3250801A2404000B0FBF2F0A0F110024FF6EF739A423ED883B223F00F03C0F3420018432368B1
S3250801A260D860002019E0F6F75FFDE4E7F6F7FCF8E1E7204802E0F6F745FD68B3636800EB77
S3250801A2805300B0FBF3F0A0F110024FF6EF739A4224D8236880B2D860002000236366A366A2
S3250801A2A0D0BDF6F741FDE8E7F6F7DEF8E5E74FF40040E3E70120F0E70020EEE70120ECE74B
S3250801A2C00120EAE70120E8E70120E6E70020E4E70120E2E70120E0E70020DEE70120DCE719
S3250801A2E0F369FFEF008000400038014000440040FFFC0F000024F400436A13F0010F06D090
S3250801A3000268536823F40033816A0B435360436A13F0020F06D00268536823F48033C16A22
S3250801A3200B435360436A13F0040F06D00268536823F48023016B0B435360436A13F0080F61
S3250801A34006D00268536823F40043416B0B435360436A13F0100F06D00268936823F48053F8
S3250801A360816B0B439360436A13F0200F06D00268936823F40053C16B0B439360436A13F000
S3250801A380400F0AD00268536823F48013016C0B435360036CB3F5801F0BD0436A13F0800F78
S3250801A3A006D00268536823F40023816C0B43536070470268536823F4C003416C0B43536007
S3250801A3C0EBE72DE9F84305460F4616469946DDF820802C68E46937EA04030CBF01240024DE
S3250801A3E0B44253D1B8F1FF3FF3D0F0F747FDA0EB090040452DD8B8F1000F2AD02B681A687A
S3250801A40012F0040FE5D0DA6912F4006FE1D04FF400621A622A6852E8003F23F4D07342E84A
S3250801A42000310029F6D12A6802F1080353E8003F23F00103083242E800310029F3D1202306
S3250801A440AB67EB67C5F88030002385F8743003201DE02A6852E8003F23F4D07342E80031F8
S3250801A4600029F6D12A6802F1080353E8003F23F00103083242E800310029F3D12023AB67E5
S3250801A480EB67002385F87430032000E00020BDE8F8832DE9F04182B01E46836F202B56D193
S3250801A4A004460D469046002955D0002A55D090F87430012B53D0012380F874300023C0F8E7
S3250801A4C0803021238367F0F7D9FC0746A4F85080A4F85280A368B3F5805F05D04FF00008FE
S3250801A4E0002384F8743014E0236913B14FF00008F6E7A8460025F3E738F8023B2268C3F308
S3250801A50008031385B4F8522092B2013A92B2A4F85220B4F852309BB273B100963B460022C2
S3250801A52080212046FFF74DFFD8B9002DE4D0236815F8012B1A85E5E700963B460022402188
S3250801A5402046FFF73EFF70B92023A36700E0022002B0BDE8F0810120FAE70120F8E70220EF
S3250801A560F6E70320F4E70320F2E72DE9F04383B01E46C36F202B7ED104460D4690460029AD
S3250801A5807DD0002A7DD090F87430012B7BD0012380F874300023C0F880302222C2670366A4
S3250801A5A0F0F76CFC0746A4F85880A4F85A80A368B3F5805F06D0A3B9226972B9FF22A4F8CF
S3250801A5C05C2014E0226922B940F2FF12A4F85C200DE0FF22A4F85C2009E07F22A4F85C2073
S3250801A5E005E0B3F1805F0DD00022A4F85C20B4F85C80B3F5805F0FD04FF00009002384F8F8
S3250801A60074301EE022691AB97F22A4F85C20EEE73F22A4F85C20EAE7236913B14FF00009BB
S3250801A620ECE7A9460025E9E723689B8C08EA030329F8023BB4F85A2092B2013A92B2A4F8C7
S3250801A6405A20B4F85A309BB28BB100963B46002220212046FFF7B5FEB8B9002DE4D023684C
S3250801A6609A8C5FFA88F3134005F8013BE2E72023E367002000E0022003B0BDE8F0830120E1
S3250801A680FAE70120F8E70220F6E70320F4E730B583B004460023C0F88030F0F7EFFB0546C4
S3250801A6A023681B6813F0080F0DD123681B6813F0040F16D12023A367E3670020206684F8C1
S3250801A6C0740003B030BD6FF07E430093034600224FF400112046FFF774FE0028E5D0032017
S3250801A6E0EFE76FF07E4300932B4600224FF480012046FFF766FE0028DCD00320E1E768B3D1
S3250801A70010B50446836F03B32423A3672268136823F0010313602046FFF7C0FC012813D06F
S3250801A720636ABBB92268536823F4904353602268936823F02A0393602268136843F00103F3
S3250801A74013602046FFF7A3FF10BD80F8743001F061F8D9E72046FFF7CFFDE3E701207047BC
S3250801A760002832D010B50446836F2BB32423A3672268136823F0010313602046FFF78EFCFB
S3250801A780012818D0636AE3B92268536823F4904353602268936823F0220393602268936819
S3250801A7A043F0080393602268136843F0010313602046FFF76CFF10BD80F8743001F02AF8E7
S3250801A7C0D4E72046FFF798FDDEE701207047002840D038B50D460446C369B3F5004F3BD031
S3250801A7E08368002B3AD1836F5BB32423A3672268136823F0010313602046FFF74FFC012879
S3250801A8001ED0636A13BB2268536823F4006353602268936823F02A0393602268536843F4FA
S3250801A820804353602268536823F020032B4353602268136843F0010313602046FFF727FFC6
S3250801A84038BD80F8743000F0E5FFCEE72046FFF753FDD8E7012070470120F1E70120EFE71C
S3250801A860002840D070B50E4615460446836F4BB32423A3672268136823F00103136020463D
S3250801A880FFF70CFC01281CD0636A03BB2268536823F4904353602268936823F02A03936071
S3250801A8A0B5F5006F17D023681A6822F4006215431D602268136843F0010313602046FFF724
S3250801A8C0E6FE70BD80F8743000F0A4FFD0E72046FFF712FDDAE72368596821F07F4141EA7E
S3250801A8E006665E60DFE70120704708B590F87430012B12D0012380F87430242383670268AF
S3250801A90052E8003F43F4005342E800310029F6D120238367FFF7BBFE08BD0220FCE708B577
S3250801A92090F87430012B12D0012380F8743024238367026852E8003F23F4005342E80031B5
S3250801A9400029F6D120238367FFF7A1FE08BD0220FCE74165A0F85820A0F85A2000234366D8
S3250801A9608368B3F5805F06D0A3B9036973B9FF23A0F85C3014E0036923B940F2FF13A0F82E
S3250801A9805C300DE0FF23A0F85C3009E07F23A0F85C3005E0B3F1805F29D00023A0F85C3092
S3250801A9A00023C0F880302223C367026802F1080353E8003F43F00103083242E800310029B7
S3250801A9C0F3D18368B3F5805F1BD0164B4366002380F874300369D3B1026852E8003F43F4F4
S3250801A9E0907342E800310029F6D10020704703691BB97F23A0F85C30D2E73F23A0F85C30DE
S3250801AA00CEE70369002BE0D1074B4366DFE7026852E8003F43F0200342E800310029F6D1E5
S3250801AA20E3E700BF119D0108C19D010838B5C36F202B1ED1F9B102B390F87430012B1ED062
S3250801AA40012380F874300023036603680D4CA3420CD05B6813F4000F08D0046854E8003FFE
S3250801AA6043F0806344E80035002DF6D1FFF771FF00E0022038BD0120FCE70120FAE70220D7
S3250801AA80F8E700BF0080004010B5044613464165A0F858200022C0F880202222C267026FD3
S3250801AAA08AB12249D162026F21491163026F21495163026F002191630168426D2431006F6E
S3250801AAC0F1F713FA38BB002384F87430236943B1226852E8003F43F4807342E8003100290B
S3250801AAE0F6D1226802F1080353E8003F43F00103083242E800310029F3D1226802F108033D
S3250801AB0053E8003F43F04003083242E800310029F3D1002010BD1023C4F88030002384F889
S3250801AB2074302023E3670120F4E700BF8B9E01086F9E01089396010838B5C36F202B1ED147
S3250801AB40F9B102B390F87430012B1ED0012380F874300023036603680D4CA3420CD05B682D
S3250801AB6013F4000F08D0046854E8003F43F0806344E80035002DF6D1FFF786FF00E0022009
S3250801AB8038BD0120FCE70120FAE70220F8E700BF0080004082B002AB03E906000268536835
S3250801ABA023F01003BDF804100B4353600268536823F07F439DF8061043EA0163536002B0FB
S3250801ABC0704700283CD0F8B50F4616461D460446836F63B32423A3672268136823F00103FB
S3250801ABE013602046FFF75AFA01281FD0636A1BBB2268936843F4804393602268936823F45A
S3250801AC0000433B439360290441EA46522368196821F07F7121F4403111431960226813681C
S3250801AC2043F0010313602046FFF731FDF8BD80F8743000F0EFFDCDE72046FFF75DFBD7E7FE
S3250801AC4001207047704790F87430012B13D0012380F87430026802F1080353E8003F43F4C2
S3250801AC600003083242E800310029F3D1002380F87430184670470220704790F87430012BBB
S3250801AC8013D0012380F87430026802F1080353E8003F23F40003083242E800310029F3D104
S3250801ACA0002380F874301846704702207047B8B108B50346242282670068026822F00102D3
S3250801ACC002601868426822F010021143416019680A6842F001020A601846FFF7D8FC08BD41
S3250801ACE00120704710B584B004AB03E9060090F87430012B33D00446012380F874302423A7
S3250801AD0083670268136823F00103136001688B6823F44013029A13438B60A2B122681368D0
S3250801AD2043F001031360F0F7A9F803466FF07E42009200224FF480012046FFF742FB40B960
S3250801AD402023A36706E004AB13E90600FFF722FFE4E70320002384F8743004B010BD022015
S3250801AD60FBE790F87430012B10D0012380F87430026852E8003F43F0020342E800310029CB
S3250801AD80F6D1002380F87430184670470220704790F87430012B10D0012380F874300268CE
S3250801ADA052E8003F23F0020342E800310029F6D1002380F8743018467047022070472DE965
S3250801ADC0F0471D46089EC36F202B40F0A58004460F469146002900F0A280002A00F0A18066
S3250801ADE090F87430012B00F09E80012380F874300022C0F880202222C2670366F0F73EF831
S3250801AE008046A4F85890A4F85A90A368B3F5805F06D0A3B9226972B9FF22A4F85C2014E0AC
S3250801AE20226922B940F2FF12A4F85C200DE0FF22A4F85C2009E07F22A4F85C2005E0B3F1F1
S3250801AE40805F0ED00022A4F85C20B4F85C90B3F5805F10D04FF0000A002384F874302B80B6
S3250801AE6027E022691AB97F22A4F85C20EDE73F22A4F85C20E9E7236913B14FF0000AEBE71D
S3250801AE80BA460027E8E72023E367002045E09B8C09EA03032AF8023B2B8801332B80B4F81E
S3250801AEA05A309BB2013B9BB2A4F85A30B6F1FF3F1BD1B4F85A2092B21AB32368DA6912F025
S3250801AEC0100F04D010221A622B88002BDBD12368DA6912F0200FE9D0002FD8D09A8C5FFA2A
S3250801AEE089F3134007F8013BD6E7EFF7C7FFA0EB0800B04201D8002EDBD12023E3670320E8
S3250801AF000BE0B4F85830B4F85A2092B29B1A2B802023E367002000E00220BDE8F08701204D
S3250801AF20FBE70120F9E70220F7E7C36F202B20D110B50446F9B102B390F87430012B1ED0FD
S3250801AF40012380F874300366FFF703FDB0B9236E012B01D0012011E0236810221A62226877
S3250801AF6052E8003F43F0100342E800310029F6D104E002207047012000E0012010BD0220EA
S3250801AF80FCE7C36F202B20D110B50446F9B102B390F87430012B1ED0012380F874300366F4
S3250801AFA0FFF772FDB0B9236E012B01D0012011E0236810221A62226852E8003F43F0100392
S3250801AFC042E800310029F6D104E002207047012000E0012010BD0220FCE7000008B5F5F7BD
S3250801AFE068FFFEE708B50A23052203490348FFF750FAF0F767FDFEE7ACEC01080006002017
S3250801B000FEE7FEE7FEE770477047704708B5EFF72AFF08BD08B50248F0F7A1FB08BD00BFAE
S3250801B020D403002008B50248F0F799FB08BD00BFD403002008B50248F0F791FB08BD00BF0F
S3250801B040D403002008B50248F0F789FB08BD00BFD403002008B50248F9F7BDFC08BD00BFC9
S3250801B0601C05002008B50248F9F7B5FC08BD00BFB405002008B50248F9F7ADFC08BD00BF57
S3250801B0806805002008B50248F4F7A4FB08BD00BF0004002008B50248FEF7C9FC08BD00BF96
S3250801B0A0000600200E4AD2F8883043F47003C2F888300C4B1A6842F001021A6000219960C3
S3250801B0C01A6822F0A85222F410221A604FF48052DA601A6822F480221A609961704700BF9E
S3250801B0E000ED00E000100240304B1B6813F0080F16D12E4BD3F89430C3F303232C4A52F87F
S3250801B10023102A4A936803F00C030C2B4AD8DFE803F00C4949491B4949491F49494923006F
S3250801B120224B1B68C3F30313E8E7224B19601F4B9A68C2F303121E4B134493F830101D4A67
S3250801B1401368CB40136070471A4B1B4A1A60EEE7184B1A4A1A60EAE7144BDA6802F003026D
S3250801B160DB68C3F302130133022A04D0032A15D0B1FBF3F302E0104AB2FBF3F30B49CA6885
S3250801B180C2F3062203FB02F3CA68C2F3416201325200B3FBF2F3074A1360C8E7074AB2FBBD
S3250801B1A0F3F3EBE7034B1960C1E700BF0010024024E701082C0000200024F40000127A0044
S3250801B1C0094B1B78052B0AD823280AD803EBC303064A02EB8303185C80F001007047002007
S3250801B1E070470020704700BF780200206CE70108F8B5002522E002340123A340134A1488F3
S3250801B20024EA030414802C46114B2B44032293F8D8101048E8F7F0FF70B16FB1EFF72EFE28
S3250801B220801B6328E7D9A31C01249C40074B1A8814431C800027E6E70135EDB2052D04D89B
S3250801B240EFF71CFE06460127DDE7F8BDFC0300206CE701080004002038B52DED028BF0EEE1
S3250801B260408AB0EE608A002501E00135EDB2052D11D80024052CF8D8084B2B44F0EE680A40
S3250801B280B0EE480A224693F8D8100548E9F7CCF90134E4B2EEE7BDEC028B38BD6CE70108BB
S3250801B2A0000400202DE9F8432DED028B074600252DE0BA1C012303FA02F23F490B8823EAD1
S3250801B2C002030B802046FFF77BFF00283CD03B4B03EB8404D4ED007A93ED257AF4EEC77A4C
S3250801B2E0F1EE10FA01DDB0EE677A344B83ED257A334B93ED007AF4EEC77AF1EE10FA01D511
S3250801B300B0EE677A2E4B83ED007A0135EDB2052D4ED807EB47046400E4B22C44E4B2294960
S3250801B3203944264B03EB84032A4691F8D8102648E9F75BF80028BCD0BA1C012393401E4A30
S3250801B34011880B431380E0E7204EA6FB0436B60806EB46067600B1469FED1D8A4FF0000872
S3250801B36000E0013609F10603B3420ED93046FFF727FF0028F5D0114B03EB8603D3ED007A3C
S3250801B38038EE278A08F10108EBE7B8F1000F0BD007EE908AF8EE677A88EE277A074B03EB33
S3250801B3A0840383ED007A92E7044B93ED247AF5E7BDEC028BBDE8F883FC030020880200202C
S3250801B3C0300000206CE7010800040020ABAAAAAA00000000F8B51B4B0022C3F894201A4BDC
S3250801B3E01A4A1A600024052C05D82046FFF75AFF0134E4B2F7E7002425460026002710E004
S3250801B400104B03EB8403186800F09EFC02460B463046394600F03AFB06460F460135013484
S3250801B420A4B2232CECD9284600F06CFC02460B463046394600F00AFE00F0D6FF014BC3F87B
S3250801B4409000F8BD880200203000002000007042014B93ED240A704788020020014B93EDC5
S3250801B460250A704788020020014B93ED000A70473000002000B58FB000230A930B930C935F
S3250801B4800D9307930893099300930193029303930493059306932A484FF08042026041F606
S3250801B4A03F72426083604FF0FF32C2604FF4007202618361F9F70CFC60BB4FF480530A93F3
S3250801B4C00AA91F48FAF729F838BB1D48F9F730FC30BB00230793099307A91948FDF71EFC5A
S3250801B4E008BB0022009201920292049269461448F9F770FDD0B9042269461148F9F76AFD93
S3250801B500B8B9082269460E48F9F764FDA0B90FB05DF804FBEFF784F9CFE7EFF781F9D4E78B
S3250801B520EFF77EF9D5E7EFF77BF9DAE7EFF778F9E1E7EFF775F9E4E7EFF772F9E7E700BFAC
S3250801B5406805002010B59AB0002416941794189419941394149415940C940D940E940F94F0
S3250801B5601094119412942C22214601A801F04AF82B482C4B03604EF65F23436084604FF65D
S3250801B580FF73C360046144618461F9F7A1FB002833D14FF48053169316A92148F9F7BDFFCD
S3250801B5A000282DD11E48F9F7C3FB00282BD100231393159313A91A48FDF7B0FB30BB0022E3
S3250801B5C00C920D920E920F921092119212920CA91348F9F7FFFCE0B900230193029303937F
S3250801B5E0049305934FF4005206920B9301A90C48FDF7CCFB80B91AB010BDEFF711F9C8E71A
S3250801B600EFF70EF9CEE7EFF70BF9D0E7EFF708F9D5E7EFF705F9DFE7EFF702F9EBE700BF19
S3250801B6201C0500200040014008B50A480A4B036041F63F734360002383604FF6FF72C26008
S3250801B640036143618361F9F743FB00B908BDEFF7E7F8FBE7B40500200044014000B585B054
S3250801B6600368B3F1804F08D0214A934219D0214A934229D005B05DF804FB03F504339A6D64
S3250801B68042F001029A659B6D03F001030193019B002211461C20F0F7C1F91C20F0F7F2F9D4
S3250801B6A0E8E7154B1A6E42F480321A661B6E03F480330293029B002211461820F0F7AEF9B8
S3250801B6C01820F0F7DFF9D5E70B4B1A6E42F400321A661B6E03F400330393039B0022114682
S3250801B6E01920F0F79BF91920F0F7CCF9C2E700BF00400140004401400010024008B50368BA
S3250801B700B3F1804F06D0124A93420CD0114A934213D008BD104A936D23F0010393651C2047
S3250801B720F0F7BEF9F5E702F55042136E23F4803313661820F0F7B4F9EBE702F54C42136E8F
S3250801B74023F4003313661920F0F7AAF9E1E700BF00400140004401400010024008B503684D
S3250801B760054A1268934204D0044A1268934200D008BDE9F709FBFBE71C050020B405002036
S3250801B78008B50368074A1268934204D0064A1268934203D008BDEFF7B1F9FBE7E9F79AFAE1
S3250801B7A0F8E700BF680500201C05002010B586B00446694601A8F5F755FB2268064B9A427E
S3250801B7C006D8049CF5F79EFA04B1400006B010BD059CF5F7A9FAF7E7FFFF004008B50B4884
S3250801B7E00B4B03604FF4E133436000238360C36003610C2242618361C36103624362FEF722
S3250801B8007EFF00B908BDEFF70BF8FBE7000600200038014010B59CB00446002117911891E7
S3250801B82019911A911B91542202A800F0EBFE22681D4B9A4201D01CB010BD012302930023EB
S3250801B8400A9302A8F5F782FC58BB184B1A6E42F480421A661A6E02F480420092009ADA6C00
S3250801B86042F00102DA64DB6C03F001030193019B4FF4C06317930223189300241994032301
S3250801B8801A9307231B9317A94FF09040F0F7E0FC224621462520F0F7C1F82520F0F7F2F8B8
S3250801B8A0C9E7EEF7BDFFD0E7003801400010024008B50268094B9A4200D008BD084A136EE7
S3250801B8C023F4804313664FF4C0614FF09040F0F783FD2520F0F7E4F8EFE700BF0038014016
S3250801B8E0001002400022112A0BD8064B48F2E80123F8121003EB42039984A3F84810013280
S3250801B900F1E770472003002008B50248EEF7A2FD08BD00BFB404002008B502490248EEF728
S3250801B92083FE08BD20030020B404002008B5022804D900210248EEF7B5FD08BD4021F9E7CB
S3250801B940B404002008B5022804D903490348EEF76BFE08BD0249F9E744030020B404002028
S3250801B960680300200123112B12D8164A02EB4302B2F84810928C8A1A12F57A6F02DB01338C
S3250801B980DBB2F0E7104A138843F48073138070470C4BB3F848304BB10A4BB3F846305BB1D3
S3250801B9A0094A138823F4807313807047064A138843F4807313807047034A138843F48073C5
S3250801B9C01380704720030020FC03002000234AF21040112B07D8044A32F81320904228BF7E
S3250801B9E010460133F5E770472003002000231846112B07D8044A32F81320904238BF104672
S3250801BA000133F5E7704700BF2003002000239FED0A7A112B0AD8094A32F8132007EE902A9E
S3250801BA20F8EEE77A37EE277A0133F2E7B3EE020A87EE000A704700BF0000000020030020F8
S3250801BA400023184601E001339BB2112B08D8054A32F8131032F810209142F4D21846F2E712
S3250801BA60704700BF200300200048704720030020034613F8012B002AFBD1181A0138704724
S3250801BA8081F0004102E000BF83F0004330B54FEA41044FEA430594EA050F08BF90EA020FC6
S3250801BAA01FBF54EA000C55EA020C7FEA645C7FEA655C00F0E2804FEA5454D4EB5555B8BF9C
S3250801BAC06D420CDD2C4480EA020281EA030382EA000083EA010180EA020281EA0303362D53
S3250801BAE088BF30BD11F0004F4FEA01314FF4801C4CEA113102D0404261EB410113F0004FBD
S3250801BB004FEA03334CEA133302D0524263EB430394EA050F00F0A780A4F10104D5F1200EFA
S3250801BB200DDB02FA0EFC22FA05F2801841F1000103FA0EF2801843FA05F359410EE0A5F142
S3250801BB4020050EF1200E012A03FA0EFC28BF4CF0020C43FA05F3C01851EBE37101F000454E
S3250801BB6007D54FF0000EDCF1000C7EEB00006EEB0101B1F5801F1BD3B1F5001F0CD34908C8
S3250801BB805FEA30004FEA3C0C04F101044FEA445212F5800F80F09A80BCF1004F08BF5FEAA7
S3250801BBA0500C50F1000041EB045141EA050130BD5FEA4C0C404141EB0101013C28BFB1F520
S3250801BBC0801FE9D291F0000F04BF01460020B1FA81F308BF2033A3F10B03B3F120020CDABB
S3250801BBE00C3208DD02F1140CC2F10C0201FA0CF021FA02F10CE002F11402D8BFC2F1200CCF
S3250801BC0001FA02F120FA0CFCDCBF41EA0C019040E41AA2BF01EB0451294330BD6FEA040408
S3250801BC201F3C1CDA0C340EDC04F11404C4F1200220FA04F001FA02F340EA030021FA04F359
S3250801BC4045EA030130BDC4F10C04C4F1200220FA02F001FA04F340EA0300294630BD21FA77
S3250801BC6004F0294630BD94F0000F83F4801306BF81F480110134013D4EE77FEA645C18BF55
S3250801BC807FEA655C29D094EA050F08BF90EA020F05D054EA000C04BF1946104630BD91EA8F
S3250801BCA0030F1EBF0021002030BD5FEA545C05D14000494128BF41F0004130BD14F58004EC
S3250801BCC03CBF01F5801130BD01F0004545F0FE4141F470014FF0000030BD7FEA645C1ABF68
S3250801BCE0194610467FEA655C1CBF0B46024650EA013406BF52EA033591EA030F41F4002157
S3250801BD0030BD00BF90F0000F04BF0021704730B54FF4806404F132044FF000054FF0000183
S3250801BD2050E700BF90F0000F04BF0021704730B54FF4806404F1320410F0004548BF4042CF
S3250801BD404FF000013EE700BF42004FEAE2014FEA31014FEA02701FBF12F07F4393F07F4F49
S3250801BD6081F06051704732F07F4208BF704793F07F4F04BF41F40021704730B54FF460745D
S3250801BD8001F0004521F000411CE700BF50EA010208BF704730B54FF000050AE050EA01023F
S3250801BDA008BF704730B511F0004502D5404261EB41014FF4806404F132045FEA915C3FF429
S3250801BDC0D8AE4FF003025FEADC0C18BF03325FEADC0C18BF033202EBDC02C2F1200300FA75
S3250801BDE003FC20FA02F001FA03FE40EA0E0021FA02F11444BDE600BF70B54FF0FF0C4CF47E
S3250801BE00E06C1CEA11541DBF1CEA135594EA0C0F95EA0C0F00F0DEF82C4481EA030621EA2A
S3250801BE204C5123EA4C5350EA013518BF52EA033541F4801143F4801338D0A0FB02CE4FF0AD
S3250801BE400005E1FB02E506F00042E0FB03E54FF00006E1FB03569CF0000F18BF4EF0010ED7
S3250801BE60A4F1FF04B6F5007F64F5407404D25FEA4E0E6D4146EB060642EAC62141EA55519A
S3250801BE804FEAC52040EA5E504FEACE2EB4F1FD0C88BFBCF5E06F1ED8BEF1004F08BF5FEA6F
S3250801BEA0500E50F1000041EB045170BD06F0004646EA010140EA020081EA0301B4EB5C041E
S3250801BEC0C2BFD4EB0C0541EA045170BD41F480114FF0000E013C00F3AB8014F1360FDEBF00
S3250801BEE0002001F0004170BDC4F10004203C35DA0C341BDC04F11404C4F1200500FA05F380
S3250801BF0020FA04F001FA05F240EA020001F0004221F0004110EBD37021FA04F642EB0601DA
S3250801BF205EEA430E08BF20EAD37070BDC4F10C04C4F1200500FA04F320FA05F001FA04F288
S3250801BF4040EA020001F0004110EBD37041F100015EEA430E08BF20EAD37070BDC4F120054F
S3250801BF6000FA05F24EEA020E20FA04F301FA05F243EA020321FA04F001F0004121FA04F2F2
S3250801BF8020EA020000EBD3705EEA430E08BF20EAD37070BD94F0000F0FD101F00046400094
S3250801BFA041EB010111F4801F08BF013CF7D041EA060195F0000F18BF704703F000465200F6
S3250801BFC043EB030313F4801F08BF013DF7D043EA0603704794EA0C0F0CEA135518BF95EA72
S3250801BFE00C0F0CD050EA410618BF52EA4306D1D181EA030101F000414FF0000070BD50EA75
S3250801C000410606BF1046194652EA430619D094EA0C0F02D150EA013613D195EA0C0F05D1B1
S3250801C02052EA03361CBF104619460AD181EA030101F0004141F0FE4141F470014FF000001B
S3250801C04070BD41F0FE4141F4780170BD70B54FF0FF0C4CF4E06C1CEA11541DBF1CEA1355A9
S3250801C06094EA0C0F95EA0C0F00F0A7F8A4EB050481EA030E52EA03354FEA013100F0888004
S3250801C0804FEA03334FF0805545EA131343EA12634FEA022245EA111545EA10654FEA002662
S3250801C0A00EF000419D4208BF964244F1FD0404F5407402D25B084FEA3202B61A65EB030505
S3250801C0C05B084FEA32024FF480104FF4002CB6EB020E75EB030E22BFB61A754640EA0C007B
S3250801C0E05B084FEA3202B6EB020E75EB030E22BFB61A754640EA5C005B084FEA3202B6EBDC
S3250801C100020E75EB030E22BFB61A754640EA9C005B084FEA3202B6EB020E75EB030E22BF8A
S3250801C120B61A754640EADC0055EA060E18D04FEA051545EA16754FEA06164FEAC30343EA96
S3250801C14052734FEAC2025FEA1C1CC0D111F4801F0BD141EA00014FF000004FF0004CB6E7E9
S3250801C16011F4801F04BF01430020B4F1FD0C88BFBCF5E06F3FF6AFAEB5EB030C04BFB6EB4B
S3250801C180020C5FEA500C50F1000041EB045170BD0EF0004E4EEA113114EB5C04C2BFD4EB89
S3250801C1A00C0541EA045170BD41F480114FF0000E013C90E645EA060E8DE60CEA135594EA5A
S3250801C1C00C0F08BF95EA0C0F3FF43BAF94EA0C0F0AD150EA01347FF434AF95EA0C0F7FF471
S3250801C1E025AF104619462CE795EA0C0F06D152EA03353FF4FDAE1046194622E750EA410692
S3250801C20018BF52EA43067FF4C5AE50EA41047FF40DAF52EA43057FF4EBAE12E74FF0FF3C1C
S3250801C22006E000BF4FF0010C02E000BF4FF0010C4DF804CD4FEA410C7FEA6C5C4FEA430CBC
S3250801C24018BF7FEA6C5C1BD001B050EA410C0CBF52EA430C91EA030F02BF90EA020F002055
S3250801C260704710F1000F91EA030F58BF994208BF90422CBFD8176FEAE37040F00100704762
S3250801C2804FEA410C7FEA6C5C02D150EA013C07D14FEA430C7FEA6C5CD6D152EA033CD3D038
S3250801C2A05DF8040B704700BF8446104662468C461946634600E000BF01B5FFF7B7FF0028CA
S3250801C2C048BF10F1000F01BD4DF808EDFFF7F4FF0CBF012000205DF808FB00BF4DF808EDFA
S3250801C2E0FFF7EAFF34BF012000205DF808FB00BF4DF808EDFFF7E0FF94BF012000205DF80D
S3250801C30008FB00BF4DF808EDFFF7CEFF94BF012000205DF808FB00BF4DF808EDFFF7C4FFB1
S3250801C32034BF012000205DF808FB00BF4FEA410C7FEA6C5C02D150EA013C0AD14FEA430C3F
S3250801C3407FEA6C5C02D152EA033C02D14FF0000070474FF0010070474FEA410212F50012FA
S3250801C36015D211D56FF47873B3EB625212D94FEAC12343F0004343EA505311F0004F23FA86
S3250801C38002F018BF404270474FF00000704750EA013005D111F0004008BF6FF000407047F7
S3250801C3A04FF00000704700BF4A0011D212F5001211D20DD56FF47873B3EB62520ED44FEAF3
S3250801C3C0C12343F0004343EA505323FA02F070474FF00000704750EA013002D14FF0FF30BC
S3250801C3E070474FF0000070474FEA4102B2F1E04324BFB3F5001CDCF1FE5C0DD901F0004C4E
S3250801C4004FEAC0024CEA5070B2F1004F40EB830008BF20F00100704711F0804F21D113F127
S3250801C4203872BCBF01F00040704741F480114FEA5252C2F11802C2F1200C10FA0CF320FA6E
S3250801C44002F018BF40F001004FEAC1234FEAD32303FA0CFC40EA0C0023FA02F34FEA4303BB
S3250801C460CCE77FEA625307D150EA01331EBF4FF0FE4040F44000704701F0004040F0FE4072
S3250801C48040F40000704700BF53B94AB9002908BF00281CBF4FF0FF314FF0FF3000F00CB850
S3250801C4A0ADF1080C6DE904CE01F086FEDDF804E0DDE9022304B07047704700BF0348044BFF
S3250801C4C0834202D0034B03B1184770470802002008020020000000000548064B1B1AD90F8F
S3250801C4E001EBA301491002D0034B03B11847704708020020080200200000000010B5064CEF
S3250801C500227842B9FFF7DAFF044B13B10448AFF300800123237010BD8C03002000000000F4
S3250801C52064E4010808B5054B1BB105490548AFF30080BDE80840FFF7CFBF00BF00000000D5
S3250801C5409003002064E40108DFF834D0FEF7AAFD002103E00B4B5B58435004310A480B4BD4
S3250801C56042189A42F6D30A4A02E0002342F8043B084B9A42F9D300F011F8EEF795F9FEE78F
S3250801C58000000120F8EE010800000020080200200802002094060020FEE7000070B50D4DEA
S3250801C5A00D4C641BA4100026A64209D10B4D0C4C01F058FF641BA4100026A64205D170BDBC
S3250801C5C055F8043B98470136EEE755F8043B98470136F2E7E8EE0108E8EE0108E8EE0108BD
S3250801C5E0ECEE0108024B0146186800F063B800BF34000020024B0146186800F00BB800BF91
S3250801C6003400002002440346934200D1704703F8011BF9E737B5002948D051F8043C01908D
S3250801C620002BA1F10404B8BFE41801F06FFA204A01981368154633B96360146003B0BDE805
S3250801C640304001F069BAA3420BD921686218934204BF1A685B68636004BF521822602C60A0
S3250801C660ECE71A465B680BB1A342FAD911685518A5420BD1246821445418A3421160DDD137
S3250801C6801C685B68536021441160D7E702D90C230360D3E7256861198B4204BF19685B68FB
S3250801C6A0636004BF491921605460C7E703B030BDA8030020F8B5CD1C25F0030508350C2D0C
S3250801C6C038BF0C25002D064601DBA94203D90C2333600020F8BD01F019FA21490A68144636
S3250801C6E09CB9204F3B6823B92146304600F080FB38602946304600F07BFB431C23D10C233B
S3250801C7003360304601F008FAE3E723685B1B17D40B2B03D923601C44256004E06368A2424B
S3250801C7200CBF0B605360304601F0F6F904F10B00231D20F00700C21ACCD01B1AA350C9E704
S3250801C74022466468CCE7C41C24F00304A042E3D0211A304600F04CFB0130DDD1CFE700BF17
S3250801C760A8030020AC0300202DE9FF4755EC104B002D0E4619462B46BBBF05F100431D46B1
S3250801C78000232D230B700D9BDDF830A0914623F02008BCBF22461446B8F1460F05D0B8F184
S3250801C7A0450F00D10136022100E0032103AB019302AB009345EC104B5346324600F0B4FB29
S3250801C7C0B8F1470F074602D119F0010F22D0B8F1460F07EB060910D13B78302B0AD1002235
S3250801C7E0002320462946FFF76FFD18B9C6F10106CAF80060DAF80030994400220023204695
S3250801C8002946FFF761FD08B1CDF80C903022039B4B4507D3039B0E9ADB1B3846136004B0F1
S3250801C820BDE8F087591C03911A70F0E7F7B503460029B8BF494203F8022BB4BF2D222B220C
S3250801C840092942702ADD0DF10704A4460A27A6460A4691FBF7F607FB16153035632A04F1F1
S3250801C860FF340EF8015C3146F1DC3031AEF1020504F8011C441C294661450AD30DF1090254
S3250801C880A2EB0E02654588BF00221344181A03B0F0BD11F8012B04F8012FEDE73023303107
S3250801C8A08370C170031DF1E72DE9F04F2DED028B8DB00C46DDF8608016461F46054601F010
S3250801C8C011F9D0F800A05046FFF7D2F800230A9323680593D8F8003094F818B0073323F0FD
S3250801C8E0070303F10802C8F80020D3E90023C4E91223D4E9128929F000430793CDF81880D5
S3250801C90008EE100A9F4BDDE906014FF0FF32FFF70DFD88BBDDE906019A4B4FF0FF32FFF776
S3250801C920E7FC48BB0022002340464946FFF7D6FC10B12D2384F84330934B9448BBF1470F24
S3250801C94094BF9846804603232361059B23F0040222604FF00009009733460BAA214628460A
S3250801C96000F0D8F9013040F090804FF0FF300DB0BDEC028BBDE8F08F42464B4640464946C3
S3250801C980FFF7D4FC40B14B46002BBCBF2D2384F843307F487F4BD1E763680BF0DF020692D3
S3250801C9A05A1C3FD106236360059B616843F48062002303930AABCDE901B309AB49EC108B18
S3250801C9C0009322600DF123032846FFF7CDFE069B0999472B804608D1C81C02DB6368994225
S3250801C9E041DDABF1020B5FFA8BFBBBF1650F20D801395A4604F150000991FFF717FF0A9A01
S3250801CA001318012A8146236102DC2268D20701D5013323619DF82330002B9CD02D2384F84C
S3250801CA20433098E7069A472ABED1002BBCD10123B9E7BBF1660F18D1002963680BDD216171
S3250801CA4013B92268D00702D501330B442361A1654FF00009DEE713B92268D20701D502336F
S3250801CA60F4E70123F2E74FF0670B0A9B994205DB23682161D807EAD54B1CE7E70029D4BF22
S3250801CA80C1F1020201221344E0E723685A0507D42369424631462846B84701302CD164E75A
S3250801CAA0BBF1650F40F2E080D4E9120100220023FFF70AFC002834D0374A012331462846EE
S3250801CAC0B84701303FF451AFDDE909239A4202DB2368D80710D518EE103A5246314628461D
S3250801CAE0B84701303FF441AF4FF0000804F11A090A9B013B434509DC23689B0700F1058183
S3250801CB00E0680B9B9842B8BF184630E701234A4631462846B84701303FF427AF08F101087E
S3250801CB20E6E7099B002B39DC1B4A012331462846B84701303FF419AFDDE90923134302D181
S3250801CB402368D907D8D518EE103A524631462846B84701303FF409AF4FF0000904F11A0A65
S3250801CB60099B5B424B4501DC0A9B92E70123524631462846B84701303FF4F7AE09F101092D
S3250801CB80EEE700BFFFFFEF7FB4EC0108B8EC0108C0EC0108BCEC0108C4EC01080A9AA36D5D
S3250801CBA09A42A8BF1A46002A914637DC4FF0000B29EAE97904F11A02A36D0593A3EB09039D
S3250801CBC05B4533DCDDE909239A423BDB2368DA0738D40A9A059B0999D31AA2EB01099945F3
S3250801CBE0A8BF9946B9F1000F35DC4FF0000829EAE97904F11A0ADDE909239B1AA3EB090300
S3250801CC0043457FF779AF0123524631462846B84701303FF4AAAE08F10108ECE713463146DE
S3250801CC2042462846B8470130C0D19EE60123314628460592B84701303FF497AE059A0BF1C7
S3250801CC40010BB9E718EE103A524631462846B8470130BED189E6059A4B4642443146284683
S3250801CC60B8470130C1D180E60A9A012A01DCDB0738D50123424631462846B84701303FF4EE
S3250801CC8074AE18EE103A524631462846B84701303FF46BAED4E9120100220023FFF714FB00
S3250801CCA0D8B90A9B08F10102013B31462846B84701300ED159E60123524631462846B84724
S3250801CCC001303FF452AE08F101080A9B013B4345F1DC4B4604F15002DCE64FF0000804F1D3
S3250801CCE01A0AF2E701234246DFE701234A4631462846B84701303FF438AE08F10108E36887
S3250801CD000B995B1A4345F0DCFAE64FF0000804F11909F4E72DE9F047164699468A680B6990
S3250801CD20DDF820809342B8BF1346336091F8432007460C460AB1013333602368990642BFFF
S3250801CD40336802333360256815F0060506D104F1190AE36832689B1AAB4226DC94F843205D
S3250801CD60131E226818BF012392062BD404F1430249463846C04701301ED02368E568326878
S3250801CD8003F00603042B08BFAD1AA36822690CBF25EAE57500259342C4BF9B1AED180026A4
S3250801CDA01A34B5421AD1002008E00123524649463846C047013003D14FF0FF30BDE8F087CD
S3250801CDC00135C6E7E1185A1C302081F84300224494F8451082F843100233C7E70123224663
S3250801CDE049463846C0470130E6D00136D9E7000038B5064D0023044608462B6001F0CEF9F4
S3250801CE00431C02D12B6803B1236038BD900600202DE9F74F03690C69A3420746C0F281803A
S3250801CE20013C01F1140800F1140505EB8403019358F8243055F8242001339A424FEA840B76
S3250801CE4008EB8409B2FBF3F631D34FF0000E4046AC46F24650F8042B93B206FB03E34FEAD0
S3250801CE60134E9BB2AAEB0303120CDCF800A006FB02E213FA8AF34FEA124E1FFA82FADCF857
S3250801CE800020CAEB124202EB23429BB243EA024381454CF8043B4FEA224ADBD255F80B3026
S3250801CEA02BB9019B043B9D421A462ED33C61384601F063F8002824DB013628464FF0000CE6
S3250801CEC058F8042BD0F800E093B2ACEB0303120C13FA8EF3C2EB1E4202EB23429BB243EAB5
S3250801CEE00243C14540F8043B4FEA224CE8D255F8242005EB840322B9043B9D421A460AD3C2
S3250801CF003C61304603B0BDE8F08F1268043B002ACCD1013CC7E71268043B002AF0D1013CCC
S3250801CF20EBE70020EEE700002DE9F04F2DED028B57EC106B95B0456ADDF880800591CDE94C
S3250801CF400267044609920F933DB91020FFF74AFBC0E9015560620560C560636A196851B1D6
S3250801CF605A684A60012393408B60204600F00EFE636A00221A603B1EB9BF23F000430393CC
S3250801CF800023C8F80030DDF80C90B74BBCBF0122C8F8002033EA09031BD10F9A42F20F730A
S3250801CFA01360C9F31303334300F07585219B63B9AE4B25E0AE4B00930833219A136000985A
S3250801CFC015B0BDEC028BBDE8F08FA84B00930333F3E79DED027B002251EC170B00238DED68
S3250801CFE00A7BFFF771F9804660B10F9A01231360219B002B00F04C859E4B219A1360013B2B
S3250801D0000093DCE79DED0A0B12AA13A9204601F046F8C9F30A558246002D7ED00B9BCDF836
S3250801D0204080C3F31303DDE90A6743F07F5747F44017A5F2FF35904B002230463946FEF7D1
S3250801D04023FD83A3D3E90023FEF7D6FE82A3D3E90023FEF71BFD064628460F46FEF762FE5E
S3250801D0607FA3D3E90023FEF7C7FE02460B4630463946FEF70BFD06460F46FFF76DF900223C
S3250801D0808146002330463946FFF728F948B14846FEF748FE32463B46FFF716F908B909F110
S3250801D0A0FF39B9F1160F56D8744B03EBC903D3E90023DDE90A01FFF711F900284DD009F1C4
S3250801D0C0FF3900230E93129B5D1B6B1E049343BF0023C5F1010804934FF00008B9F1000F85
S3250801D0E03DDB049BCDF834904B44049300230693059B092B00F29A80052BC4BF043B059395
S3250801D100059BA3F10203CCBF00250125032B00F29980DFE803F02C7D7B89DDE912531D44C5
S3250801D12005F23243202BC1BFC3F1400305F2124009FA03F326FA00F0DABFC3F1200306FAF0
S3250801D14003F01843FEF7DEFD01230646A1F1F877013D10936FE70123B4E70E90B3E7C9F149
S3250801D160000306930023A8EB09080D93C0E700230893099B002B00F385804FF0010BCDF861
S3250801D18004B05B46CDF824B0666A00227260042202F11400984271687AD9204600F0C2FC87
S3250801D1A0636A30601B680093019B0E2B00F2F580002D00F0F280B9F1000F7DDD2F4A09F09D
S3250801D1C00F0302EBC30393ED007B19F4807F4FEA2917B0EE478AF0EE678A5DD0284BDDE957
S3250801D1E00A01D3E90823FEF731FFCDE9020107F00F070325224E002F50D1DDE9020153EC53
S3250801D200182BFEF723FFCDE902016FE00123AFE700230893099B09EB030B0BF10103012B53
S3250801D2200193B8BF0123AFE70123F2E701250023059308954FF0FF3B0022CDF804B0122356
S3250801D2400992A1E701230893F4E700BFAFF3008061436F63A787D23FB3C8608B288AC63F4F
S3250801D260FB799F501344D33F0000F07FCFEC0108C6EC0108C5EC01080000F83F00ED0108FE
S3250801D280D8EC0108DDF824B0CDF804B05B467BE70131716052007BE70225ABE7F90708D540
S3250801D2A051EC180BD6E90023FEF7A6FD41EC180B01357F1008369EE700F0AB80C9F10006D2
S3250801D2C0AA4BAB4F06F00F0203EBC203D3E90023DDE90A01FEF790FDCDE902013611002341
S3250801D2E00225002E40F08A80002B8CD10E9B002B00F09180DDE902679E4B00223046394604
S3250801D300FEF7ECFF002800F08680019B002B00F08280BBF1000F3CDD09F1FF33079300228B
S3250801D320954B30463946FEF767FDCDE902010135CDF830B0DDE902672846FEF7F3FC324623
S3250801D3403B46FEF759FD8D4B0022FEF79FFBA1F15073CDE9020103930C9B002B60D1884BEF
S3250801D360002230463946FEF78FFBDDE9022306460F46FEF7D1FF002840F09982DDE902215B
S3250801D380304601F100433946FEF7A8FF002840F08B82DDE90A23CDE90223139B002BC0F2FA
S3250801D3A05B81B9F10E0F00F35781704B03EBC90393ED007B099BB0EE478AF0EE678A002B73
S3250801D3C080F2E280019B002B00F3DE8040F06C826B4B51EC170B0022FEF70EFDDDE9022312
S3250801D3E0FEF790FF019E3746002840F04282009D312305F8013B09F101093EE2F20705D541
S3250801D400D7E90023FEF7F8FC013501237610083767E702256AE7019BCDF81C900C9389E730
S3250801D42000990C980C9A514B9DED027B014402910899B0EE478AF0EE678A03EBC20353E9B1
S3250801D4400223002945D04F490020FEF7FFFD53EC182BFEF719FB009D41EC180B3946304644
S3250801D460FEF77AFF0C90FEF75DFC02460B4630463946FEF709FB0C9B303305F8013B53EC3C
S3250801D480182B06460F46FEF729FF002865D132463B4638490020FEF7F7FA53EC182BFEF727
S3250801D4A01DFF002840F0B880029B9D423FF471AF314B51EC180B0022FEF79EFC2E4B41ECAF
S3250801D4C0180B002230463946FEF796FC06460F46C4E751EC170BFEF78FFC029B009D0C9378
S3250801D4E041EC180B39463046FEF736FF1190FEF719FC02460B4630463946FEF7C5FA119B15
S3250801D500303305F8013B029B9D4206460F464FF0000225D11B4B51EC180BFEF7B7FA024658
S3250801D5200B4630463946FEF7F7FE002874D153EC182B14490020FEF7A7FA02460B4630469B
S3250801D5403946FEF7CBFE00283FF423AF0C9D6B1E0C9315F8013C302BF8D0DDF81C9049E06A
S3250801D560054BFEF749FC06460F46BBE700ED0108D8EC01080000F03F0000244000001C401D
S3250801D580000014400000E03FDDE90267009D53EC182B30463946FEF759FDFEF7DDFE8046E5
S3250801D5A0FEF7C0FB53EC182BFEF726FC02460B463046394608F13006FEF766FA05F8016B98
S3250801D5C0009E019FAE1BB74202460B4637D1FEF75DFA53EC182B06460F46FEF79DFEC8B91B
S3250801D5E053EC182B30463946FEF76EFE10B118F0010F0FD12046514600F0C8FA00232B701E
S3250801D6000F9B09F101001860219B002B3FF4D7AC1D60D4E4CDF81C902B461D4613F8012D8E
S3250801D620392A08D1009A9A42F7D1079A00990132079230220A701A7801321A708DE79E4BE3
S3250801D6400022FEF7D9FB0022002306460F46FEF73BFE00289BD0CDE7089A002A00F0C68073
S3250801D660059A012A00F3AA80109A002A00F0A28003F23343069E4546049A01211A442046B0
S3250801D6809844049200F027FB0746002D0BDD049B002B08DDAB42049AA8BF2B46A8EB0308E5
S3250801D6A0ED1AD31A0493069BFBB1089B002B00F0A180002E11DD39463246204600F0B0FB90
S3250801D6C0524601460746204600F00EFB51460790204600F05BFA079B9A46069B9A1B04D02B
S3250801D6E05146204600F09CFB82460121204600F0F2FA0D9B002B06467EDD1A4601462046E4
S3250801D70000F08EFB059B012B064678DD00230693336906EB8303186900F08DFAC0F120007C
S3250801D720049B184410F01F0000F08880C0F12003042B40F38180C0F11C00049B034480441A
S3250801D74005440493B8F1000F05DD51464246204600F0B4FB8246049B002B05DD31461A46D1
S3250801D760204600F0ABFB06460E9B002B68D03146504600F002FC002862DA002351460A2201
S3250801D780204600F01AFA089B09F1FF398246002B00F08881394600230A22204600F00DFA24
S3250801D7A0BBF1000F074600F38F80059B022B40F38B804DE0129BC3F136035BE7019B5E1E24
S3250801D7C0069BB342BFBF069B0696F21A0D9BB6BF9B189E1B0D93019BB8BF0026002BB5BFDC
S3250801D7E0A8EB0305019B0023454645E7069E089F45464AE7069A73E7059B012B18DC029BAB
S3250801D800B3B9039BC3F31303A3B9039B23F000431B0D1B052BB1049B0133049308F1010843
S3250801D820012306930D9B002B7FF472AF012077E70023F6E7029BF4E784D018461C307CE75D
S3250801D840019B002B3ADC059B022B37DDDDF804B0BBF1000F0DD131465B460522204600F044
S3250801D860ACF901460646504600F087FB00283FF7BEAD099B009D6FEA03094FF0000831462C
S3250801D880204600F083F9002F3FF4B4AEB8F1000F05D0B84503D04146204600F077F93946BA
S3250801D8A0204600F073F9A5E600263746E1E70C9EDDF81C9037469AE500002440089BDDF89E
S3250801D8C004B0002B00F0F580002D05DD39462A46204600F0F3FA0746069B002B55D0796895
S3250801D8E0204600F01FF93A6902320546920007F10C010C3000F0FCF801222946204600F0EA
S3250801D900DDFA009B01330193009B5B440793029B03F00103B84606930746019B31465046C9
S3250801D92003F1FF3BFFF774FA03463033029041465046089300F021FB3A4604903146204653
S3250801D94000F037FBC268089B054602BB0146504600F013FB089B024629462046CDE9083236
S3250801D96000F014F9059B099A019D43EA0201069B0B43089B0DD1392B27D0049A002A01DD19
S3250801D980029B31338BF8003079E73846B9E70122E2E70499002904DB0598014306980143F2
S3250801D9A020D1002AEEDD514601222046019300F085FA3146824600F0E0FA0028019B02DCA4
S3250801D9C0E0D1DA07DED5392BDAD139238BF800302B461D46013B15F8012C392A50D00132D5
S3250801D9E01A704CE7002A03DD392BEED00133C9E7019A079902F8013C8A422AD05146002359
S3250801DA000A22204600F0D9F8B84582464FF000034FF00A024146204607D100F0CEF8804611
S3250801DA200746019B0133019377E700F0C6F83946804600230A22204600F0BFF80746F0E755
S3250801DA40BBF1000F009ACCBF5D46012515444FF00008514601222046019300F02FFA31462A
S3250801DA60824600F08AFA0028B2DC02D1019BDB07AED42B461D4613F8012D302AFAD0FEE6BD
S3250801DA80009A9A42A5D1312309F101091370F6E6124BFFF7B5BA219B002B7FF48BAA104B28
S3250801DAA0FFF7AEBABBF1000F03DC059B022B3FF7CFAE009D31465046FFF7AAF900F1300378
S3250801DAC005F8013B009AAA1A9345B9DD514600230A22204600F071F88246EBE7C4EC01083A
S3250801DAE0C6EC01080048704788010020704770470A44914200F1FF3300D1704710B511F8AC
S3250801DB00014B03F8014F9142F9D110BD0148FFF7EDBF00BF880600200148FFF7E8BF00BFF8
S3250801DB208806002070B5466A04460D463EB91020FEF758FDC0E9016660620660C660666A17
S3250801DB40F36883B1636ADB6853F82500B8B9012101FA05F6721D9200204600F0F0FA60B1AC
S3250801DB60C0E901560EE021220421204600F0E7FA636AF060DB68002BE4D1002070BD026812
S3250801DB8043F825200023C0E90333F7E770B5466A05460C463EB91020FEF724FDC0E9016657
S3250801DBA068620660C6603CB16B6A6268DB6853F82210216043F8224070BD2DE9F0410E69AB
S3250801DBC0074698460C4601F1140000230568A9B202FB01814FEA114C2D0C02FB05C589B278
S3250801DBE0013301EB05419E4240F8041B4FEA1548ECDCB8F1000F1BD0A368B34212DC6168C1
S3250801DC0038460131FFF78EFF2269023204F10C01054692000C30FFF76BFF21463846FFF7AD
S3250801DC20B5FF2C4604EB86030136C3F8148026612046BDE8F081030C1B04D3B900041023BD
S3250801DC4010F07F4F04BF0002083310F0704F04BF0001043310F0404F04BF800002330028FE
S3250801DC6005DB10F0804F03F1010308BF2023184670470023E4E7036813F0070201460BD048
S3250801DC80DA0724D4980749BF5B089B0801200B605CBF0B600220704798B2B0B91B0C1020FA
S3250801DCA013F0FF0F04BF1B0A08301A0704BF1B0904309A0704BF9B080230DA0703D45B0894
S3250801DCC000F1010005D00B6070471046E8E7002070472020704710B50C460121FFF722FF09
S3250801DCE001224461026110BD2DE9F04F15460A692B699A42B8BF0B460C46BCBF2C461D4620
S3250801DD002769D5F81090A368616807EB0906B342B8BF013185B0FFF705FF00F1140101EB63
S3250801DD2086080B46002243451DD304F1140305F1140203EB870702EB890302933B1B153B13
S3250801DD4023F00303043304F11505AF4238BF04230193029B0392934208D8002E5ADC066100
S3250801DD6005B0BDE8F08F43F8042BDCE7B2F800A0BAF1000F24D004F1140E89464FF0000C65
S3250801DD805EF8045BD9F800B0ABB21FFA8BFB0AFB03B34FEA154BD9F8005063444FEA154C8C
S3250801DDA00AFB0BC505EB13459BB243EA0543774549F8043B4FEA154CE2D8019B41F803C04D
S3250801DDC0039BB3F802900432B9F1000F20D00B6804F1140C8E464FF0000ABCF80050BEF81B
S3250801DDE002B009FB05B5AA449BB243EA0A434EF8043B5CF8043BBEF800501B0C09FB035350
S3250801DE0003EB1A4367454FEA134AE6D8019D4B5104319EE758F8043D002BA0D1013E9CE7C5
S3250801DE202DE9F843154612F0030206460F4607D0214C013A002354F82220FFF7BEFE074650
S3250801DE40AD1035D0746A3CB91020FEF7CBFBC0E9014470620460C460D6F82480D8F8084061
S3250801DE604CB940F271213046FFF735FF0023C8F80800044603604FF00009EB070AD53946FA
S3250801DE8022463046FFF730FF394680463046FFF77DFE47466D100BD0206838B92246214617
S3250801DEA03046FFF721FF2060C0F800900446E4E73846BDE8F88300BFC8ED01082DE9F04782
S3250801DEC00C464968236903EB6218A368074691464FEA621A08F10106B3423FDB3846FFF7D5
S3250801DEE021FE0023054600F1140100F110021846534536DB20692AEAEA7A04F1140319F060
S3250801DF001F0901EB8A0103EB800C2ED0C9F1200E8A460022186800FA09F002434AF8042BD8
S3250801DF2053F8042B9C4522FA0EF2F3D8ACEB0403153B23F00303043304F11500604588BF5C
S3250801DF400423CA500AB108F10206013E38462E612146FFF71BFE2846BDE8F08701315B00DC
S3250801DF60BAE742F8040F0133C2E7043953F8042B41F8042F9C45F9D8E7E730B502690C695F
S3250801DF80121B0ED100F11403143103EB840001EB840150F8045D51F8044DA54203D005D361
S3250801DFA00122104630BD8342F3D3FAE74FF0FF32F7E72DE9F84F0C4606461146204617461D
S3250801DFC0FFF7DBFF051E08D129463046FFF7AAFD0123C0E90435BDE8F88FA4BF3B46274661
S3250801DFE030467968A6BF1C4600250125FFF79AFD3E69C560256907F1140104F1140900F1B2
S3250801E000140E07F1100201EB860C09EB8505F246002759F8043B52F804BF1FFA83F817FA28
S3250801E0208BF71B0CA7EB0808C3EB1B4303EB28431FFA88F81F144D4548EA03434AF8043BCA
S3250801E040E7D82B1B153B23F0030304331534A54238BF0423194473449E460D4665450ED3E8
S3250801E0600CF10302521A22F0030203398C4538BF00221A4452F8043D7BB10661ABE755F88B
S3250801E080048B17FA88F4221402EB1842A4B244EA02444EF8044B1714E0E7013EEAE72DE961
S3250801E0A0F7438946012157EC106B9046FFF73AFDC7F30A550446C7F3130335BB002E019380
S3250801E0C028D068460096FFF7D6FD009900B3019AC0F1200302FA03F30B43C24063610192D8
S3250801E0E0019BA361002B14BF022201222261D5B1A5F233450544C9F80050C0F13500C8F814
S3250801E1000000204603B0BDE8F08343F48013D5E76161E5E701A8FFF7AEFD019B63610122DE
S3250801E12022612030E3E704EB8203A0F23240C9F800001869FFF77FFDC0EB4210DFE713B57C
S3250801E1404A4311460192FEF7B5FA044618B1019A0021FEF757FA204602B010BD82B001B9AF
S3250801E16001A942B14BB113780B601278101E18BF012002B070471046FBE76FF00100F8E771
S3250801E18049B1FF2A85BF8A2303600A704FF0FF3098BF01207047084670470000044A054941
S3250801E1A01368002B08BF0B461844106018467047B0030020980600202DE9F04F099E8A4654
S3250801E1C08E46154604461946002B40F0CA805245B2FA82F747D94FB1C7F120080AFA07F3F9
S3250801E1E020FA08F8BD4048EA030EBC404FEA15491FFA85F8BEFBF9FB220C09FB1BE30BFBAA
S3250801E20008FC42EA034AD44529D915EB0A0A0BF1FF3004D2D44502D9ABF10200AA44AAEB2D
S3250801E2200C0AA4B2BAFBF9F309FB13AA03FB08F844EA0A44A04514D92C1903F1FF3203D276
S3250801E240A04501D99A1E2C44A4EB080442EA00401EB1FC40002334607360BDE8F08F58466A
S3250801E260DDE71A46F0E702B9FFDE9FBBAAEB020301214FEA154CAAB2B3FBFCFE200C0CFB15
S3250801E2801E330EFB02F840EA0343984565D9EB180EF1FF3004D2984502D9AEF102002B44C1
S3250801E2A0A3EB0803A4B2B3FBFCFE0CFB1E330EFB02F244EA0344A24251D92C190EF1FF336A
S3250801E2C004D2A24202D9AEF102032C44A41A43EA0040BDE7C7F120082AFA08F9BD4020FA9B
S3250801E2E008F80AFA07F348EA03024FEA154CABB2B9FBFCFE110C0CFB1E900EFB03F841EA34
S3250801E3000040804504FA07F423D928180EF1FF3104D2804502D9AEF102012844A0EB08006E
S3250801E32092B2B0FBFCFE0CFB1E000EFB03F842EA004398450FD9EB180EF1FF3204D29845A2
S3250801E34002D9AEF102022B44A3EB080342EA01418FE77146E2E77246F6E77046A0E7734639
S3250801E360B4E7534505D90EB1C6E9000A0021084673E7B3FA83F8B8F1000F10D1534501D30F
S3250801E38082420AD8841A6AEB030301209E46002E65D0C6E9004E00215FE74046F7E7C8F1E6
S3250801E3A0200903FA08F322FA09F71F4320FA09F40AFA08F32AFA09F51C434FEA174A02FA82
S3250801E3C008FC00FA08FEB5FBFAF2BBB20AFB1250250C02FB03F145EA0045A9423BD97D198F
S3250801E3E002F1FF3003D2A94201D9901E3D446D1AA4B2B5FBFAF20AFB1255534344EA054134
S3250801E4008B422AD9791802F1FF3403D28B4201D9941E394444EA0040A0FB0C45C91AA94293
S3250801E42023462A4602D306D1A64504D2B4EB0C0365EB0702013896B1BEEB030461EB020EF4
S3250801E4400EFA09F924FA08F349EA03032EFA08F1C6E900319FE71046C9E71446DAE7314632
S3250801E460FBE60000F8B500BFF8BC08BC9E467047F8B500BFF8BC08BC9E46704700000000AE
S3250801E4807D480008B14B0008E14B00081D4C00080000000081480008000000000000000026
S3250801E4A000000000000000007D4900080000000000000000BD4A0008000000002D4B0008F0
S3250801E4C000000000BD4A0008154A0008000000000002000000020000E0030000E0030000ED
S3250801E4E000000000000000000000000000000000010000001B000000000099C5ABCE320BDD
S3250801E500CFD8561D6416FDD307F49E31AC3A35FFC82C51E963E2FA2797AD0E683C63A5A66C
S3250801E5205875C1B0F3BB6A7E9059099C3B97A2525F81C644F44F6D8A2E5BB79E85951C501C
S3250801E540E18378464A4DD38829AFB06A82611BA4E6777FB24DB9D47CB9F6203312388BFD4C
S3250801E560762EEFEBDDE04425BE0227C715CC8C0971DAE81FDA1443D1C5F35C366E3DF7F88C
S3250801E5800A2B93EEA1E53820C2075BC269C9F00C0DDF941AA6113FD4525ECB9BF99060550C
S3250801E5A09D8604433648AF8D55AACC6FFE6467A19A7203B731BCA879EBA8726D4066D9A31C
S3250801E5C02470BDB58FBE167BEC5C75994792DE572384BA41884A118F7C05E5C0D7CB4E0EAC
S3250801E5E0B3DD2A18181381D67BF1E234D03F49FAB4292DEC1FE7862213A28A67B86C21A9AC
S3250801E600DC7A45BF77B4EE7114568D93BF98265DDB8E424B7040E985840F1DCA2FC1B6046B
S3250801E6204BD7D212E01979DC83FB1A3E2835B1F04C23D5E6E7ED7E283DF9A43C96370FF21B
S3250801E640F2216BE459EFC02A3A0DA3C891C30806F5D56C105E1BC7DEAA543391019A985F4B
S3250801E660658CFC49CE425787ADA03465066E9FAB6278FBBDC9B65073D6514F947D9FE45A8B
S3250801E6801989804CB2472B82D1A548607A6BE3AE1E7D87B8B5B32C7641FCD839EA3273F70B
S3250801E6A08E2417E125EABC2F4608DFCDEDC6740389D01015221EBBDBF80A61CF53C4CA011B
S3250801E6C037D2AE179C1C05D9FFFE663B5430CDF53026A9E39BE8022D6FA7F662C4695DACAB
S3250801E6E0A07F39BA0BB192746853F196C39D5A58A78B3E4E0C4595800406080A090B00008F
S3250801E7000100020004000800100020004000800001000200040008001000200040008000EC
S3250801E72001000200A0860100400D0300801A060000350C0040420F0080841E0000093D0076
S3250801E74000127A000024F40000366E010048E801006CDC02000000000000000001020304DC
S3250801E760060708090000000001020304000000000000000100000000000000000000000061
S3250801E780000000000000010000000000000000000100000001000100010000000001000064
S3250801E7A0000000000000000000000000000000000000000100000000000000000000000049
S3250801E7C0000000010000000000010000000001000001000000000000000000000001010024
S3250801E7E0000000000000000000000000000000000001010000000000000000000001000106
S3250801E8000000000000000000000101000000000000000001000000000000000000000001E5
S3250801E8200000000100000001000100000000010000000100000000000000000000010000C3
S3250801E840000000003A3C3E5A5C5E00005B46534D5D205374617465207472616E7369746994
S3250801E8606F6E20696E69745F746F5F6F66660D0A000000005B46534D5D2053746174652006
S3250801E8807472616E736974696F6E2073746172745F6469736368617267650D0A00000000B0
S3250801E8A05B46534D5D205374617465207472616E736974696F6E20636F6F6C646F776E5F3B
S3250801E8C0746F5F6469736368617267650D0A00005B46534D5D205374617465207472616E92
S3250801E8E0736974696F6E2073746F705F62616C616E63696E670D0A005B46534D5D205374F3
S3250801E900617465207472616E736974696F6E2073746172745F636F6F6C646F776E0D0A001A
S3250801E920696E6974000000006F666600646973636861726765000000636F6F6C646F776ECA
S3250801E940000000006976745F6D73675F726573756C745F77680000006976745F6D73675F1B
S3250801E960726573756C745F61730000006976745F6D73675F726573756C745F7700000000E9
S3250801E9806976745F6D73675F726573706F6E7365000000006976745F6D73675F726573758A
S3250801E9A06C745F74000000006976745F6D73675F726573756C745F75330000006976745FE5
S3250801E9C06D73675F726573756C745F75320000006976745F6D73675F726573756C745F7512
S3250801E9E0310000006976745F6D73675F726573756C745F69000000006976745F6D73675FC0
S3250801EA00636D640074656D7065726174757265735F696E666F00000074656D706572617425
S3250801EA207572657300000000766F6C74616765735F696E666F000000766F6C746167657333
S3250801EA40000000007365745F62616C616E63696E675F73746174757300000000666C6173B4
S3250801EA60685F63656C6C626F6172645F305F727800000000666C6173685F63656C6C626F62
S3250801EA806172645F315F747800000000666C6173685F63656C6C626F6172645F315F727867
S3250801EAA000000000666C6173685F63656C6C626F6172645F325F747800000000666C6173B0
S3250801EAC0685F63656C6C626F6172645F325F727800000000666C6173685F63656C6C626F00
S3250801EAE06172645F335F747800000000666C6173685F63656C6C626F6172645F335F727803
S3250801EB0000000000666C6173685F63656C6C626F6172645F345F747800000000666C61734D
S3250801EB20685F63656C6C626F6172645F345F727800000000666C6173685F63656C6C626F9D
S3250801EB406172645F355F747800000000666C6173685F63656C6C626F6172645F355F72789E
S3250801EB600000000063656C6C626F6172645F666C6173680063656C6C626F6172645F666C98
S3250801EB806173685F7478000063656C6C626F6172645F666C6173685F7278000063656C6CE1
S3250801EBA0626F6172645F666C6173685F726571756573740063656C6C626F6172645F666C90
S3250801EBC06173685F726573706F6E73650000000063656C6C626F6172645F646973636F768D
S3250801EBE06572790063656C6C626F6172645F76657273696F6E00000063656C6C626F617265
S3250801EC00645F7374617475730000000063656C6C626F6172645F63656C6C735F766F6C7440
S3250801EC206167650063656C6C626F6172645F63656C6C735F74656D70657261747572650071
S3250801EC4063656C6C626F6172645F6469736368617267655F74656D706572617475726500E7
S3250801EC6063656C6C626F6172645F7365745F62616C616E63696E675F737461747573000031
S3250801EC8063656C6C626F6172645F62616C616E63696E675F737461747573000063656C6C1C
S3250801ECA0626F6172645F6572726F72004275670D0A000000494E4600696E66004E414E0088
S3250801ECC06E616E003000496E66696E697479004E614E0000000000000080E03779C341431A
S3250801ECE0176E05B5B5B89346F5F93FE9034F384D321D30F94877825A3CBF737FDD4F1575DD
S3250801ED00000000000000F03F000000000000244000000000000059400000000000408F40A9
S3250801ED20000000000088C34000000000006AF8400000000080842E4100000000D01263419E
S3250801ED400000000084D797410000000065CDCD41000000205FA00242000000E876483742AF
S3250801ED60000000A2941A6D42000040E59C30A2420000901EC4BCD64200003426F56B0C4361
S3250801ED800080E03779C3414300A0D8855734764300C84E676DC1AB43003D9160E458E143A5
S3250801EDA0408CB5781DAF154450EFE2D6E41A4B4492D54D06CFF08044F64AE1C7022DB54455
S3250801EDC0B49DD9794378EA4405000000190000007D0000004300504F534958002E000020D9
S3250801EDE0202020202020202028282828282020202020202020202020202020202020208874
S3250801EE0010101010101010101010101010101004040404040404040404101010101010105B
S3250801EE204141414141410101010101010101010101010101010101010101101010101010C9
S3250801EE4042424242424202020202020202020202020202020202020202021010101020008F
S3250801EE60000000000000000000000000000000000000000000000000000000000000000083
S3250801EE80000000000000000000000000000000000000000000000000000000000000000063
S3250801EEA0000000000000000000000000000000000000000000000000000000000000000043
S3250801EEC0000000000000000000000000000000000000000000000000000000000000000023
S3250801EEE0D8F2FF7F0100000025C5010800000000FDC40108000000000000000000000000FD
S3250801EF000100000010A42C010001000020E9010828E901082CE9010838E90108010000008A
S3250801EF201000000000093D0000007042380000200000000000000000000000000000000062
S3250801EF400000000000000000000000000000000000000000000000000000000000000000A2
S3250801EF60000000000000000000000000000000000000000000000000000000000000000082
S3250801EF8000000000000000000000000000000000430000000000000000000000000000001F
S3250801EFA00000000000000000000000000000000043000000000000000000000000000000FF
S3250801EFC00000000000000000000000000000000043000000000000000000000000000000DF
S3250801EFE00000000000000000000000000000000043000000000000000000000000000000BF
S3250801F00000000000000000000000000000000000430000000000000000000000000000009E
S3250801F02000000000000000000000000000000000430000000000000000000000000000007E
S3250801F04000000000000000000000000000000000430000000000000000000000000000005E
S3250801F0600000000000000000000000000000000081E101085DE1010800000000DEED0108FB
S3250801F080DCED0108DDED0108DDED0108DDED0108DDED0108DDED0108DDED0108DDED0108CA
S3250801F0A0DDED0108DDED0108FFFFFFFFFFFFFFFFFFFFFFFFFFFF000001004153434949003F
S3250801F0C00000000000000000000000000000000000000000000000000000415343494900B8
S3250801F0E0000000000000000000000000000000000000000000000000000000000000000001
S5030D8867
S70500000000FA
