S02300002E2E2F6D61696E626F6172642F6275696C642F72656C656173652F66656E690084
S325080080000000022015B70108959C0108979C0108A79C0108A99C0108AB9C010800000000FB
S32508008020000000000000000000000000AD9C0108AF9C010800000000B19C0108B39C0108DE
S3250800804065B7010865B7010865B7010865B7010865B7010865B7010865B7010865B70108EA
S3250800806065B7010865B7010865B7010865B7010865B7010865B7010865B7010865B70108CA
S3250800808065B7010865B70108B79C010865B70108DD9C0108E99C0108ED9C010865B7010840
S325080080A0F19C0108FD9C010865B7010865B70108199D0108259D0108319D010865B70108AA
S325080080C065B7010865B7010865B7010865B7010865B701083D9D010865B7010865B70108AC
S325080080E065B7010865B7010865B7010865B7010865B7010865B70108499D010865B7010880
S3250800810065B7010865B7010865B7010865B7010865B7010865B70108559D010865B7010853
S3250800812065B70108619D01086D9D010865B70108799D0108000000000000000065B7010889
S32508008140859D0108919D0108959D010865B7010865B7010865B7010865B7010865B70108BB
S3250800816065B7010865B7010865B7010865B7010865B7010865B7010865B7010800000000EE
S325080081800000000065B70108000000000000000065B70108000000000000000065B7010862
S325080081A000000000000000000000000065B7010865B7010865B7010865B7010865B70108F8
S325080081C065B701080000000000000000000000001FB510220021684614F08AFB294A2A4B26
S325080081E013604FF480310023C2E90113012411461461137682F82030D362244A8A62084607
S325080082000522CB60CA6181F830304B6107F069FF08B106F0F3FF07231A4802936946CDE9C8
S32508008220004408F0A3FB08B106F0E8FF022315486946CDE9003308F099FB08B106F0DEFF8E
S32508008240032310486946CDE9003308F08FFB08B106F0D4FF04230B486946CDE9003308F0EC
S3250800826085FB08B106F0CAFF0822052305486946CDE9002308F07AFB08B106F0BFFF04B043
S3250800828010BD00BFA0040020002001400100000F1FB510220021684614F02AFB1448154A56
S325080082A04FF480330124C0E912230023124A0365836580F8604080F8683043670267436505
S325080082C0446680F87840C465483007F00AFF08B106F094FF0D23CDE9003408480723694690
S325080082E0029308F043FB08B106F088FF04B010BDA0040020002101400100000FE8040020AC
S325080083001FB510220021684614F0F2FA1848194A4FF480330124C0E924230023164AC0F881
S325080083209830C0F8A03080F8A84080F8B030C0F8BC30C0F8B820C0F89C30C0F8AC4080F853
S32508008340C040C0F8A440903007F0CBFE08B106F055FF0C23CDE90034084807236946029319
S3250800836008F004FB08B106F049FF04B010BD00BFA0040020002201400100000F3005002035
S3250800838070B505468CB01422002107A814F0B0FA2B68734A934259D1724B734800260096EC
S325080083A05A6C42F480725A645A6C02F480720092009A01961A6B42F001021A631A6B02F0E4
S325080083C001020192019A02961A6B42F002021A631B6B03F0020302930324029B07A91F23C5
S325080083E0CDE9073409F09EFF01236048099607A9CDE9073409F096FF5D4C5E4B4FF4806CCD
S32508008400C4E936364FF40063C4E93AC34FF4005E4FF4807304F1D800C4E93866C4E93E66A5
S32508008420C4E93CE309F088FC04F1D80608B106F0E5FEAE63C4F8105100221220114609F0AE
S325080084401FFB122009F04EFB0CB070BD4A4A934241D1444B4948464C002603965A6C42F4AF
S3250800846000725A645A6C02F400720392039A04961A6B42F004021A631B6B03F00403049373
S325080084804FF0080E049B07A90323CDE907E309F049FF3B4A4FF00073C4E94E234FF48061AA
S325080084A04FF40063C4E952134FF400504FF48073C4E9540304F59C70C4E95066C4E9566658
S325080084C009F03AFC04F59C7608B106F097FEAE63C4F87051B0E72B4A9342B5D1214B274840
S325080084E0234C002605965A6C42F480625A645A6C02F480620592059A06961A6B42F0040275
S325080085001A631B6B03F0040306930422069B07A90323CDE9072309F005FF1B494FF08063B7
S32508008520C4E966134FF480604FF40063C4E96A034FF4005C4FF4807304F5CC70C4E968669F
S32508008540C4E96E66C4E96CC309F0F6FB04F5CC7608B106F053FEAE63C4F8D0516CE700BF8B
S3250800856000200140003802400000024000040240A004002070640240002101400008024004
S325080085804064024000220140286402400368174A934210B5044612D102F58C321448536C53
S325080085A023F480731F21536409F08EFF1148012109F08AFFA06BBDE8104009F03BBC0E4AE1
S325080085C0934207D10D4A536C23F40073536408210B48EDE70B4A934207D102F58B3204215E
S325080085E0536C23F480635364F2E710BD002001400000024000040240002101400038024092
S325080086000008024000220140034B02681B689A4201D105F0F3BC7047A0040020064B1A78B4
S3250800862022F03F024FF496711A70002259801A71D9801A72704700BF98060020074BA1F182
S32508008640320292B2187140F29E70824288BF4FF496710122D9801A72704700BF980600203A
S32508008660014B5888704700BF98060020034B187810F03F0018BF0120704700BF9806002043
S32508008680024A5168128901608280704798060020052830B50CD8074D2B780124C3F3050285
S325080086A0844022EA040281400A4362F305032B7030BD00BF9806002010B5084C237A63B19C
S325080086C0FFF7D4FF2379834205D0E388638040F2323003F0E3F90023237210BD9806002099
S325080086E0044B00221A714FF49672DA8001221A72FFF7E2BF9806002010B59DF80840A8B1CC
S325080087004272620004F0010402F0020244F00404224342EAC303827A016003F00F0322F03F
S325080087200F020021134341600172837210BD18B1837A61F382038372704718B1837A61F368
S32508008740C3038372704708B101604272704760B1002343600372837A01F0010161F3000381
S3250800876061F3410343F004038372704730B5034630B1006820B19C7A650702D4C4F34000D6
S3250800878030BD1A7A5D6830F812004D1B85421CD3C4F3400059600132597AD2B280F0010082
S325080087A060F3410491429C721A720ED8E2B2C2F3C00110075CBF61F382029A72997A00226B
S325080087C01A720A4661F341029A72987AC0F34000D6E700000120704708B505F0FDFA20B9F0
S325080087E00449054805F014FD08B9082008BD0120FCE700BFDFF90300DFFF0F0038B5054D53
S325080088000C46014628460EF0D1FC2B68E4431C6138BD00BFA822002008B502210020FFF7AD
S32508008820EDFF04210846FFF7E9FF08210846FFF7E5FF034B00221A705A709A7008BD00BF4A
S32508008840A4060020F8B53A4C2DED028B2368DFED398A5F6A08EE102A0546B8EE488A0E463C
S325080088602046F5B912F026F823689A6A0132B0FBF2F207EE902AF8EE677A67EE887A87EE23
S32508008880A87AFCEEC77A17EE902A3A445A63BDEC028BF6431E6129462548BDE8F8400EF0DE
S325080088A011BC042D15D112F005F823689A6A0132B0FBF2F207EE902AF8EE677A67EE887AA9
S325080088C087EEA87AFCEEC77A17EE902A3A449A63DDE7082D15D111F0EDFF23689A6A013200
S325080088E0B0FBF2F207EE902AF8EE677A67EE887A87EEA87AFCEEC77A17EE902A3A44DA63D2
S32508008900C5E711F0D7FF23689A6A0132B0FBF2F207EE902AF8EE677A67EE887A87EEA87A11
S32508008920FCEEC77A17EE902A3A441A64AFE700BFA822002000007A44034B187818B15878CF
S32508008940C31E5842584170470000002008B5FFF7B3FE05F041FA88B9FFF7EEFF08B908207D
S3250800896008BD0749074805F053FC0028F7D0FFF77DFE08B1FFF7B4FE0320F1E70220EFE78D
S32508008980DFF90300DFFF0F00034B187818B15878431E5842584170470000002008B505F06D
S325080089A01BFAC0B9FFF7F0FF08B1012008BD0B4B1B78002BF9D10A494FF4004005F028FCCA
S325080089C00028F2D00649074805F022FC002814BF04200820EAE70220E8E700BFA40600205C
S325080089E05FFD0300DFFF0F0008B505F0F5F930BBFFF7CAFF134B5B7868B96BB912494FF4BF
S32508008A00004005F005FC90B10F49104805F000FC78B908200CE033B10D48112104F0D4FABE
S32508008A20FFF7B2FF48B10B48102104F0CDFA012008BD05F0B9FF0028EBD00520F8E70220AD
S32508008A40F6E700BFA40600201FE50300DFFF0F00CC1B0208DE1B020808B505F0BDF9D8B9C1
S32508008A60FFF792FF0D4B9B7878B97BB90C494FF4004005F0CDFB68B10A490B4805F0C8FB85
S32508008A80002814BF0620082005E01BB107480C2104F09AFA012008BD0220FCE7A406002015
S32508008AA05FFD03001FE60300DFFF0F00EF1B020808B505F091F948B9FFF766FF20B9054981
S32508008AC0054805F0A5FB18B9012008BD0220FCE70820FAE71FE60300DFF70F002DE9F843A3
S32508008AE0DFF85480134F98F8009057F820300446054608460E469847B9F1000F02D00023D8
S32508008B0088F80030082818BF0446C5EBC505254407EB8507FD694DB140F2CE4002F086FCCD
S32508008B2040F29B1002F082FC3046A8472046BDE8F88300BF101902080000002010B507F021
S32508008B4027FA01460C48FFF711FE4FF4007102460A4809F047FD0A484FF4005109F03CFDA3
S32508008B6018B10021092005F0FFF8064C0021207CFFF7B4FF207410BDA806002000040240BB
S32508008B8000080240A4060020014B187C704700BFA406002010B5194C0021201DFFF7D7FD41
S32508008BA00021201DFFF7C3FDA27B154802F001024FF4007109F016FD217C04F1120300229B
S32508008BC0C820914203F1040312D804EB81044A000C490132A1F10E004FF47A73D2B2638268
S32508008BE0FFF7B1FDBDE8104007480121FFF79FBD23F8040C23F8020C0132E2E7A4060020F1
S32508008C0000040240B6060020A806002013B51248232104F0D9F9114800240123224600F130
S32508008C20120100940430FFF767FD22464FF400710B4809F0D7FCFFF7ADFF40F29B1002F045
S32508008C40F5FB204606F012FD012006F007FD02B0BDE8104004F03ABFFC1B0208A406002011
S32508008C600004024008B526210B4804F0ADF940F2A51002F0DBFB002006F0F0FC002006F0E8
S32508008C80F5FCFFF7F3FC08B1FFF72AFDFFF7C4FDBDE80840FFF77EBF201C020808B52121FE
S32508008CA0074804F091F9FFF775FF002006F0AAFCBDE808404FF47A7202210020FFF7C2BDDF
S32508008CC0471C020808B506482A2104F07DF9FFF761FF012006F0C2FCBDE8084004F0F6BE99
S32508008CE0691C020808B52121054804F06DF9002006F0BCFCFFF790FDBDE80840FFF74ABFF4
S32508008D00941C020808B50A48262104F05DF902210020FFF773FDFFF73DFF002006F080FC7E
S32508008D200421BDE8084044F620620846FFF78ABDB61C020808B50A48212104F045F9042148
S32508008D400846FFF75BFDFFF725FF002006F076FC0821BDE808404FF47A720846FFF772BD0F
S32508008D60DD1C020808B50748202104F02DF908210846FFF743FDFFF70DFFBDE8084004F0EB
S32508008D80A5BE00BFFF1C0208037F022B06D0042B08D0012B09D1054A13707047034B0122F2
S32508008DA05A707047014B01229A707047A4060020F1EE047AB4EEE70AF1EE10FA08B504D5BB
S32508008DC0B5EEC00AF1EE10FA12DDB4EEE70AF1EE10FA58BFB0EE670ADFED077A80EE270AB2
S32508008DE017F092FDBCEEC00A10EE103A98B208BD9FED020AF0E700BF6F12833A0000000098
S32508008E009FED127AB4EEC70AF1EE10FA08B506D5FBEE047AB4EEE70AF1EE10FA12DDB4EEC4
S32508008E20C70AF1EE10FA58BFB0EE470ADFED087A80EE270A17F068FDBCEEC00A10EE103A4F
S32508008E4098B208BDB0EE670AF0E700BF0000A042CDCCCC3DB0F5CF7F09D2431EB3F5CC7FAA
S32508008E6010D204380B288CBF00200120704740F2646240F23233984218BF90420CBF012052
S32508008E80002070470120704713288CBF0020012070470F2812D9B0F5CF7F37D2B0F5CC7F89
S32508008EA002D84FF0FF307047A0F5CD70032855D8DFE800F0024E50520F2070470F28F0D8ED
S32508008EC001A353F820F000BF098F0008A38E0008A38E0008A38E0008618F0008258F0008C7
S32508008EE0298F00082D8F0008318F0008358F0008398F00083D8F0008418F0008458F0008F4
S32508008F00498F00084D8F00080020704740F23233984227D040F26463984214BF4FF0FF302C
S32508008F200D207047022070470320704704207047052070470620704707207047082070473B
S32508008F40092070470A2070470B2070470C2070471020704711207047132070470E207047DF
S32508008F60012070471220704713289ABF024B33F910004FF0FF307047F0190208B0F5CF7FDA
S32508008F802DE9F0410D46144615D2B0F5CC7F08D8E8B104380B284FF0FF3098BF0020BDE886
S32508008FA0F081A0F5CD7003284FD8DFE810F08300B100F4001B0140F23233984200F0008121
S32508008FC040F26463984209D04FF0FF30E7E710700B7803F0070313700120E0E7002313609A
S32508008FE053600B7803F007031370D1F801106FF06042914228BF114643EAC1032370D5F870
S325080090000130934228BF13465B096370D5F80130934228BF13465B0BA370D5F80130934266
S3250800902028BF13465B0DE370D5F805302371D5F805301B0A6371D5F805301B0CA371D5F88C
S3250800904005301B0EE3710820A9E7D1F8023000EE103AFFF7ADFED5F8063000EE103A06463D
S32508009060FFF7A6FED5F80A3000EE103A0746FFF79FFE00232360A3802B7803F0070323702D
S325080090806A7843EAC20323706A78F30043EA5213C6F3461646EAC71663707B10C7F3422751
S325080090A047EAC007C0F346106071A670E3702771062074E7D1F8013000EE103AFFF778FEB0
S325080090C0D5F8053000EE103A0746FFF771FED5F8093000EE103A0646FFF76AFE0023236008
S325080090E023712B7803F0070343EAC703C7F3461747EAC61723707310C6F3422646EAC006E5
S32508009100C0F346106770A370E6702071052046E7D1F8023000EE103AFFF772FED5F8063079
S3250800912000EE103A0746FFF76BFED5F80A3000EE103A0646FFF764FED5F80E3000EE103A17
S325080091408046FFF75DFE0023236063602B7803F0070323706A7843EAC20323706A78FB000A
S3250800916043EA5213C7F3461747EAC61763707310C6F3422646EAC806C8F3461848EAC01892
S32508009180E3704310C0F34220A770267184F80580A371E07157E7D1F8013000EE103AFFF78C
S325080091A02FFED5F8053000EE103A0746FFF728FED5F8093000EE103A0646FFF721FE8DE7BE
S325080091C00023136013710B8813700B881B1253704B8893704B881B12D3700B7903F001033A
S325080091E0137193E7002313600B7803F0070313704A78D20002F00802134323708A7812F04D
S32508009200010143EA01132370AA78960754BFC2F34002012243EA42132370AA78500754BFDD
S32508009220C2F38002012243EA82132370AA78110754BFC2F3C002012243EAC2132370AB78D2
S32508009240DF0654BFC3F3001301236370AA78960654BFC2F34012012243EA42036370AA78E6
S32508009260500654BFC2F38012012243EA8203637095F90220002AAABFAA780122D20943EAF8
S32508009280C2036370EA7812F0010143EA01136370EA78910754BFC2F34002012243EA421305
S325080092A06370EA78570754BFC2F38002012243EA82136370EA78160754BFC2F3C0020122DF
S325080092C043EAC2136370EB78D80654BFC3F300130123A370EA78910654BFC2F34012012221
S325080092E043EA4203A370EA78570654BFC2F38012012243EA8203A37095F90320002AAABF96
S32508009300EA780122D20943EAC203A3702A7912F0010143EA0113A3702A79960754BFC2F3D7
S325080093204002012243EA4213A3702A79500754BFC2F38002012243EA8213A3702A7911072E
S3250800934054BFC2F3C002012243EAC213A3702B79DA0654BFC3F300130123E3702A79970626
S3250800936054BFC2F34012012243EA4203E3702A79560654BFC2F38012012243EA8203E3705C
S3250800938095F90420002AAABF2A790122D20943EAC203E3706A7912F0010143EA0113E37019
S325080093A06A79900754BFC2F34002012243EA4213E3706A79510754BFC2F38002012243EA4E
S325080093C08213E3700420EAE5B0F5CF7F10B518D2B0F5CC7F07D800B304380B284FF0FF30A3
S325080093E098BF002010BD0B78A0F5CD7003F007031370032841D8DFE810F08000B9000D01F4
S32508009400310140F23233984200F0128140F26463984208D04FF0FF30E4E70B7803F00703B4
S3250800942013700020DEE70B7803F0070313700B78DB08C2F80130487843EA4013C2F8013037
S32508009440887843EA4033C2F80130C87843EA4053C2F801300B79C2F80530487943EA002304
S32508009460C2F80530887943EA0043C2F80530C97943EA0163C2F80530D3E70B789FED757A15
S32508009480DB085370487843EA401353708B78487803F07F035B0143EAD00307EE903AF8EEDC
S325080094A0677A67EE877A17EE903AC2F802300879CB7800F007005B0043EA4023887843EAD9
S325080094C0D01307EE903AF8EE677A67EE877A17EE903AC2F806304B79087903F07F035B01EA
S325080094E043EAD00307EE903AF8EE677A67EE877A17EE903AC2F80A3093E748780B789FED76
S32508009500557A00F07F00DB0843EA401307EE903AF8EE677A67EE877A17EE903AC2F8013006
S32508009520C8788B7800F007005B0043EA4023487843EAD01307EE903AF8EE677A67EE877A4C
S3250800954017EE903AC2F805300879CB7800F07F00DB0843EA401307EE903AF8EE677A67EECE
S32508009560877A17EE903AC2F809305AE70B789FED3A7ADB085370487843EA4013537088786D
S325080095804B7800F07F00DB0843EA401307EE903AF8EE677A67EE877A17EE903AC2F8023091
S325080095A00879CB7800F007005B0043EA4023887843EAD01307EE903AF8EE677A67EE877A0B
S325080095C017EE903AC2F8063048790B7900F07F00DB0843EA401307EE903AF8EE677A67EECC
S325080095E0877A17EE903AC2F80A30C8798B79497900F007005B0043EA402343EAD11307EEAA
S32508009600903AF8EE677A67EE877A17EE903AC2F80E3006E748780B789FED0F7A00F07F00DA
S32508009620DB0843EA401307EE903AF8EE677A71E70B781380487843EA002313808B7853804C
S32508009640C87843EA002353800B7903F001031371E7E600BF6F12833ACDCCCC3D0B789078A3
S32508009660C3F3C00353700B78C3F3001363F3000090700B78C0B2C3F3401363F34100907069
S325080096800B78C0B2C3F3801363F38200907008789378C00960F3C3039370487860F304130C
S325080096A093704B789078C3F3400363F3451090704B78C0B2C3F3800363F3861090704B780D
S325080096C0C0B2C3F3C00363F3C71090704B78D078C3F3001363F30000D0704B78C0B2C3F30F
S325080096E0401363F34100D0704B78C0B2C3F3801363F38200D0704878D378C00960F3C303AF
S32508009700D370887860F30413D3708B78D078C3F3400363F34510D0708B78C0B2C3F380036E
S3250800972063F38610D0708B78C0B2C3F3C00363F3C710D0708B781079C3F3001363F30000E9
S3250800974010718B78C0B2C3F3401363F3410010718B78C0B2C3F3801363F3820010718878CD
S325080097601379C00960F3C3031371C87860F304131371CB781079C3F3400363F345101071CA
S32508009780CB78C0B2C3F3800363F386101071CB78C0B2C3F3C00363F3C7101071CB78507978
S325080097A0C3F3001363F300005071CB78C0B2C3F3401363F341005071CB78C1B2C3F38013A6
S325080097C063F3820151712CE608B5FFF7CDFBB0F1FF3F04D0BDE8084080B2FFF7CFBB08BD3C
S325080097E008B5FFF7C1FBB0F1FF3F04D0BDE8084080B2FFF7E9BD08BDF7EE007AB4EEE70AC7
S32508009800F1EE10FA07B504D5B5EEC00AF1EE10FA15DDB4EEE70AF1EE10FA58BFB0EE670AD2
S32508009820DFED087A80EE270A17F06EF8FCEEC07ACDED017A9DF8040003B05DF804FB9FED3B
S32508009840020AEDE70AD7233C00000000DFED117AB4EEE70AF1EE10FA08B504D5B5EEC00A04
S32508009860F1EE10FA12DDB4EEE70AF1EE10FA58BFB0EE670ADFED087A80EE270A17F044F830
S32508009880BCEEC00A10EE103A98B208BD9FED030AF0E700BF0000E643E600E63B0000000090
S325080098A0F1EE047AB4EEE70AF1EE10FA08B504D5B5EEC00AF1EE10FA12DDB4EEE70AF1EE74
S325080098C010FA58BFB0EE670ADFED077A80EE270A17F01AF8BCEEC00A10EE103A98B208BD7A
S325080098E09FED020AF0E700BF6F12833A000000009FED127AB4EEC70AF1EE10FA08B506D5E2
S32508009900FBEE047AB4EEE70AF1EE10FA12DDB4EEC70AF1EE10FA58BFB0EE470ADFED087AB7
S3250800992080EE270A16F0F0FFBCEEC00A10EE103A98B208BDB0EE670AF0E700BF0000A04233
S32508009940CDCCCC3DDFED127AB4EEE70AF1EE10FA07B504D5B5EEC00AF1EE10FA15DDB4EE04
S32508009960E70AF1EE10FA58BFB0EE670ADFED097A80EE270A16F0C8FFFCEEC07ACDED017AC5
S325080099809DF8040003B05DF804FB9FED030AEDE7333353403A07543C00000000B0F5D37FEB
S325080099A009D2B0F5CC7F1BD8182817D80D4BC34003F00100704740F2D14398420AD840F272
S325080099C0CA4398420CD8A0F2323002288CBF002001207047A0F264600628F7E70020704714
S325080099E001207047F7FFC0012F288CBF002001207047B0F5D37F5DD2B0F5CC7F12D81828F0
S32508009A001FD94FF0FF30704702207047A0F2CC40052800F2C980DFE800F0037DB3B5B7B92D
S32508009A2003207047A0F5CD700B2800F2BF80DFE800F006759597999B9D9FA1A3A5AF092079
S32508009A4070471828DDD801A353F820F0B19B0008B19A0008299B0008039A00082D9B000865
S32508009A60319B0008359B0008399B00083D9B0008419B0008459B0008499B00084D9B0008C8
S32508009A80519B0008559B0008599B0008039A0008039A0008039A0008039A0008039A000897
S32508009AA0039A0008959B0008999B00089D9B00080E20704740F2D143984212D840F2CA4311
S32508009AC09842A3D840F23333984273D0B0F54D7F72D040F23233984214BF4FF0FF300420E5
S32508009AE07047A0F26463062B8BD8A0F26560052858D801A353F820F0099A0008119B0008A2
S32508009B00199B0008219B0008259B0008A19B00080520704706207047072070470A20704733
S32508009B200B2070470C2070470F2070471020704711207047122070471320704714207047DF
S32508009B4015207047162070471720704718207047192070471A2070471B2070471C2070477B
S32508009B601D2070471E2070471F20704720207047212070472220704723207047242070471B
S32508009B8025207047262070472720704728207047292070472A2070472B2070472C207047BB
S32508009BA02D2070470020704701207047082070470D2070472E2070472F2070472F289ABF66
S32508009BC0024B33F910004FF0FF307047181A020840F2323398422DE9F74F0D46144600F023
S32508009BE083803ED8B0F5D37F4CD2B0F5CC7F14D8022825D8002800F0E480002027E0A0F2F1
S32508009C00CC400023052800F2A480DFE810F06600F2044103C803FE032304A0F5CD70002375
S32508009C200B287DD8DFE810F08A009500D800C901E40119023F0282029402BF02DE026404A2
S32508009C400F2807D803284FF0FF3018BF002003B0BDE8F08F163802284FF0FF3098BF00201C
S32508009C60F5E740F2D14398420FD840F2CA439842C5D840F23333984200F0BA84B0F54D7F2C
S32508009C8000F0BD844FF0FF30E1E7A0F26463062BF8D8A0F265600023052804D8DFE800F0BB
S32508009CA003032A035E03236063602B6823702B681B0A63702B681B0CA3702B681B0EE3702F
S32508009CC06B6823716B681B0A63716B681B0CA3716B681B0EE3710820B9E723702B7803F0F4
S32508009CE00F0323700120B2E7002313700B7803F00103F6E72B6800EE103AFFF77DFD6B68EC
S32508009D0000EE103A0746FFF777FDAB6800EE103A0646FFF771FD27706670A070032096E72E
S32508009D200B6800EE103AFFF767FD0023637020702B7903F003036370022088E70B6800EE28
S32508009D40103AFFF759FD0023C4F80130207005207DE723702B7803F00703C2E72360636014
S32508009D602B7803F007032370D5F801106FF06042914228BF114643EAC1032370D5F8013030
S32508009D80934228BF13465B096370D5F80130934228BF13465B0BA370D5F80130934228BF23
S32508009DA013465B0DE370D5F805302371D5F805301B0A6371D5F805301B0CA371D5F80530B1
S32508009DC087E710700B7803F0010313704A78520002F00E02134384E723600B7803F00703B0
S32508009DE023704A78D20002F00802134323708A7812F0010143EA01132370AA78960754BF9D
S32508009E00C2F34002012243EA42132370AA78500754BFC2F38002012243EA82132370AA78A8
S32508009E20110754BFC2F3C002012243EAC2132370AB78DF0654BFC3F3001301236370AA78BD
S32508009E40960654BFC2F34012012243EA42036370AA78500654BFC2F38012012243EA82032F
S32508009E60637095F90220002AAABFAA780122D20943EAC2036370EA7812F0010143EA011332
S32508009E806370EA78910754BFC2F34002012243EA42136370EA78570754BFC2F38002012238
S32508009EA043EA82136370EA78160754BFC2F3C002012243EAC2136370EB78D80654BFC3F3F4
S32508009EC000130123A370EA78910654BFC2F34012012243EA4203A370EA78570654BFC2F3E8
S32508009EE08012012243EA8203A37095F90320002AAABFEA780122D20943EAC203A3702A798E
S32508009F0012F0010143EA0113A3702A79960754BFC2F34002012243EA4213A3702A795007DF
S32508009F2054BFC2F38002012243EA8213A3702A79110754BFC2F3C002012243EAC213A37054
S32508009F402B79DA0654BFC3F300130123E3702A79970654BFC2F34012012243EA4203E370DA
S32508009F602A79560654BFC2F38012012243EA8203E37095F90420002AAABF2A790122D2096C
S32508009F8043EAC203E3706A7912F0010143EA0113E3706A79900754BFC2F34002012243EA1F
S32508009FA04213E3706A79510754BFC2F38002012243EA8213E370042049E60B6800EE103A30
S32508009FC0FFF744FC6B6800EE103A0746FFF73EFCAB6800EE103A0646FFF738FC2770A67047
S32508009FE03F1236126770E67020710312637132E0D1F8023000EE103AFFF752FCD5F8063087
S3250800A00000EE103A0746FFF74BFCD5F80A3000EE103A0646FFF744FC00232360A3802B7843
S3250800A02003F0070323706A7843EAC20323706A78FB0043EA5213C7F3461747EAC6176370B4
S3250800A0407310C6F3422646EAC006C0F34610A770E370267160710620F9E50B6800EE103ACE
S3250800A060FFF71EFC6B6800EE103A8046FFF718FCAB6800EE103A0746FFF7E8FBEB6800EE35
S3250800A080103A0646FFF70CFC84F80080A7704FEA28283F122671361284F80180E770667127
S3250800A0A0A071031216E6D1F8023000EE103AFFF71FFCD5F8063000EE103A0746FFF718FC9A
S3250800A0C0D5F80A3000EE103A0646FFF711FCD5F80E3000EE103A8046FFF70AFC0023236039
S3250800A0E063602B7803F0070323706A7843EAC20323706A78FB0043EA5213C7F3461747EA3E
S3250800A100C61763707310C6F3422646EAC806C8F3461848EAC018E3704310A770267184F8EC
S3250800A1200580A371C0F34220E071D4E50B6800EE103AFFF7DDFB6B6800EE103A0746FFF792
S3250800A140D7FBAB6800EE103A0646FFF7D1FB45E70B689FEDDE7A07EE903AF4EEC77AF1EE82
S3250800A16010FA06D59FEDDA0AF4EEC07AF1EE10FA08DDF4EEC77AF1EE10FA54BFB0EE470A84
S3250800A180B0EE670ADFEDD37A80EE270A16F0BCFBFCEEC07A17EE903A1A0A62701A0C23708B
S3250800A1A0A2701B0E06E70B68DFEDCB7A07EE103AB4EEE77AF1EE10FA06D59FEDC80AB4EEDF
S3250800A1C0C07AF1EE10FA08DDB4EEE77AF1EE10FA54BFB0EE670AB0EE470A30EE270ADFED51
S3250800A1E0C07AD1E7D1F80130DFEDBE7A00EE103AB4EEE70AF1EE10FA04D5B5EEC00AF1EE88
S3250800A20010FA42DDB4EEE70AF1EE10FA58BFB0EE670ADFEDB57A80EE270A16F075FBFCEE6B
S3250800A220C07ACDED017AD5F805309DF8046000EE103AFFF7E1FA00232360A3802B7803F03E
S3250800A240070343EAC603761146EAC006C0F34710A07023706670B5F8093040EAC300A0700D
S3250800A260B5F809305B11E370B5F809305B0B2371EA7AD20002F00802134323712A7B43EA5D
S3250800A280021323712B7B1B11B0E69FED980AC0E72380A3702B78C3F3000222702A7803F092
S3250800A2A00103C2F3400243EA4203DBB223702A78C2F3800243EA8203DBB223702A78C2F301
S3250800A2C0C00243EAC203DBB223702A78C2F3001243EA0213DBB223702A78C2F3401243EAFB
S3250800A2E04213DBB223702A78C2F3801243EA8213DBB223702A7802F08002134323706B782E
S3250800A300C3F3000262706A7803F00103C2F3400243EA4203DBB263706A78C2F3800243EABD
S3250800A3208203DBB263706A78C2F3C00243EAC203DBB263706A78C2F3001243EA0213DBB207
S3250800A34063706A78C2F3401243EA4213DBB263706A78C2F3801243EA8213DBB263706A7824
S3250800A36002F0800213436370AB78C3F30002A270AA7803F00103C2F3400243EA4203DBB236
S3250800A380A370AA78C2F3800243EA8203DBB2A370AA78C2F3C00243EAC203A370BEE42B681E
S3250800A3A000EE103AFFF7CEFA6B6800EE103A8346FFF7C8FAAB6800EE103A8246FFF7C2FA48
S3250800A3C0EB6800EE103A8146FFF7BCFA2B6900EE103A8046FFF7B6FA6B6900EE103A0746E0
S3250800A3E0FFF7B0FAAB6900EE103A0646FFF7AAFA84F800B0A07184F801A084F8029084F899
S3250800A400038027716671072021E42B6800EE103AFFF798FA6B6800EE103A8146FFF792FA69
S3250800A420AB6800EE103A8046FFF78CFAEB6800EE103A0746FFF786FA2B6900EE103A06461B
S3250800A440FFF780FA84F8009084F80180A770E67020717CE42B6800EE103AFFF773FA019058
S3250800A4606B6800EE103AFFF76DFAAB6800EE103A8346FFF767FAEB6800EE103A8246FFF7B2
S3250800A48061FA2B6900EE103A8146FFF75BFA6B6900EE103A8046FFF755FAAB6900EE103A12
S3250800A4A00746FFF74FFAEB6900EE103A0646FFF749FA019B237084F801B084F802A084F8FB
S3250800A4C0039084F804806771A6712DE60000074300001CC26F12833A0000C8420000C8C2DF
S3250800A4E00000483300007042F1F0703E0000000023800A7812F0010323700A78970754BFA1
S3250800A500C2F34002012243EA420323700A78560754BFC2F38002012243EA820323700A78FB
S3250800A520100754BFC2F3C002012243EAC20323700A78D10654BFC2F30012012243EA02132C
S3250800A54023702A78970654BFC2F34012012243EA421323702A78560654BFC2F3801201224E
S3250800A56043EA8213237095F90020002AAABF2A780122D20943EAC21323706A7812F001031A
S3250800A58063706A78900754BFC2F34002012243EA420363706A78510754BFC2F38002012248
S3250800A5A043EA820363706A78170754BFC2F3C002012243EAC20363706A78D60654BFC2F310
S3250800A5C00012012243EA021363706A78900654BFC2F34012012243EA421363706A785106E0
S3250800A5E054BFC2F38012012243EA8213FFF7A3BB002323702B7803F00303FFF772BB002322
S3250800A600138093700B7803F001031370B1F80120C82A28BFC822052A38BF052243EA42034D
S3250800A6202370B1F80130C82B28BFC823052B38BF0523DB116370FFF771BB40F23233984239
S3250800A64010B565D03BD8B0F5D37F49D2B0F5CC7F14D8022824D8002800F0D980002026E034
S3250800A660A0F2CC400B78052800F2A480DFE810F04D00C104EA026E03B603EA03A0F5CD70BA
S3250800A6800B2869D8DFE810F079009500CC0086019E01F4012102790281028E029A023104FA
S3250800A6A00F2805D803284FF0FF3018BF002010BD163802284FF0FF3098BF0020F7E740F2AE
S3250800A6C0D14398420FD840F2CA439842C8D840F23333984200F08C84B0F54D7F00F08D84FA
S3250800A6E04FF0FF30E3E7A0F26463062BF8D8A0F265600B78052800F25E84DFE810F05C04B8
S3250800A7005C040D005C045F005C0403F00F0353E00B7803F001034FE007EE903A9FEDCB7A2E
S3250800A720F8EE677A67EE877A17EE903A13604B7807EE903AF8EE677A67EE877A17EE903A3E
S3250800A74053608B7807EE903AF8EE677A67EE877A17EE903A936081E70B789FEDBC7A07EEF5
S3250800A760903AF8EE677A67EE877A17EE903A13604B7803F00303137170E70B789FEDB37ACF
S3250800A78007EE903AF8EE677A67EE877A9FEDB27A17EE903A1360B1F8013007EE903AF8EE56
S3250800A7A0677A67EE877A17EE903A5360B1F80330C8E70B7803F0070313704FE703F0070311
S3250800A7C013700B78DB08C2F80130487843EA4013C2F80130887843EA4033C2F80130C878A1
S3250800A7E043EA4053C2F801300B79C2F80530487943EA0023C2F80530887943EA0043C2F802
S3250800A8000530C97943EA0163C2F8053026E70B7803F0010313700B78C3F3420353701DE7E4
S3250800A8200B78907803F0070313700B78C3F3C00353700B78C3F3001363F3000090700B781B
S3250800A840C0B2C3F3401363F3410090700B78C0B2C3F3801363F38200907008789378C0096E
S3250800A86060F3C3039370487860F3041393704B789078C3F3400363F3451090704B78C0B2DD
S3250800A880C3F3800363F3861090704B78C0B2C3F3C00363F3C71090704B78D078C3F30013D6
S3250800A8A063F30000D0704B78C0B2C3F3401363F34100D0704B78C0B2C3F3801363F3820089
S3250800A8C0D0704878D378C00960F3C303D370887860F30413D3708B78D078C3F3400363F3B3
S3250800A8E04510D0708B78C0B2C3F3800363F38610D0708B78C0B2C3F3C00363F3C710D07080
S3250800A9008B781079C3F3001363F3000010718B78C0B2C3F3401363F3410010718B78C0B2F2
S3250800A920C3F3801363F38200107188781379C00960F3C3031371C87860F304131371CB7804
S3250800A9401079C3F3400363F345101071CB78C0B2C3F3800363F386101071CB78C0B2C3F375
S3250800A960C00363F3C7101071CB785079C3F3001363F300005071CB78C0B2C3F3401363F358
S3250800A98041005071CB78C1B2C3F3801363F38201517163E60B889FED2E7A07EE903AF8EE58
S3250800A9A0677A67EE877A17EE903A13604B8807EE903AF8EE677A67EE877A17EE903A5360DF
S3250800A9C08B88BFE60B789FED247A03F0070313700B78DB085370487843EA40135370887858
S3250800A9E04B7800F07F00DB0843EA401307EE903AF8EE677A67EE877A17EE903AC2F802301D
S3250800AA000879CB7800F007005B0043EA4023887843EAD01307EE903AF8EE677A67EE877A96
S3250800AA2017EE903AC2F8063048790B7900F07F00DB0843EA401307EE903AF8EE677A67EE57
S3250800AA40877A17EE903AC2F80A3007E60AD7233CE600E63BCDCCCC3D6F12833A0000483395
S3250800AA600000C8C2F1F0703E0AD7233C3A07543C0B881FED077A5FED0A6A07EE903AF8EE19
S3250800AA80677A67EE877A17EE903A13604B8807EE903AF8EE677A67EE877A17EE903A5360FE
S3250800AAA08B8807EE903AF8EE677A67EEA67A17EE903A9360CB8807EE903AF8EE677A67EE8A
S3250800AAC0877A17EE903AD360C8E50B781FED1F7A03F0070313700B78DB085370487843EAFA
S3250800AAE04013537088784B7800F07F00DB0843EA401307EE903AF8EE677A67EE877A17EEBC
S3250800AB00903AC2F802300879CB7800F007005B0043EA4023887843EAD01307EE903AF8EE16
S3250800AB20677A67EE877A17EE903AC2F8063048790B7900F07F00DB0843EA401307EE903A3B
S3250800AB40F8EE677A67EE877A17EE903AC2F80A30C8798B79497900F007005B0043EA40231E
S3250800AB6043EAD11307EE903AF8EE677A67EE877A17EE903AC2F80E3070E50B881FED4B7A5A
S3250800AB8007EE903AF8EE677A0BE70B681FED4E7A07EE903AF8EE677A67EE877A17EE903A3D
S3250800ABA013605BE50B685FED536A5FED537A07EE103AB8EE477AE7EE267AEFE70B781FEDBF
S3250800ABC0577A03F0070313704B7808785B0143EAD003DBB207EE903AF8EE677A67EE877A0E
S3250800ABE01FED5F7A17EE903AC2F801308B7848785B0143EAD003DBB207EE903AF8EE677A76
S3250800AC0067EE877A17EE903AC2F805308B78DB08A2F80930C87843EA4013A2F80930087945
S3250800AC2000F0070043EA4033A2F809300B79C3F3C003D3720B791B091373497943EA011329
S3250800AC4013730BE5107863F3000010700B78C0B2C3F3400363F3410010700B78C0B2C3F362
S3250800AC60800363F3820010700B78C0B2C3F3C00363F3C30010700B78C0B2C3F3001363F3D0
S3250800AC80041010700B78C0B2C3F3401363F3451010700B78C0B2C3F3801363F3861010703F
S3250800ACA00B78C0B2DB0963F3C71010704878537860F3000353704B785078C3F3400363F382
S3250800ACC0410050704B78C0B2C3F3800363F3820050704B78C0B2C3F3C00363F3C3005070D8
S3250800ACE04B78C0B2C3F3001363F3041050704B78C0B2C3F3401363F3451050704B78C0B240
S3250800AD00C3F3801363F3861050704B78C0B2DB0963F3C71050708878937860F300039370C6
S3250800AD208B789078C3F3400363F3410090708B78C0B2C3F3800363F3820090708B78C1B26E
S3250800AD40C3F3C00363F3C301917087E407EE903A1FEDBA7AF8EE677A67EE877A17EE903AFB
S3250800AD6013604B7807EE903AF8EE677A67EE877A17EE903A53608B7807EE903AF8EE677AA8
S3250800AD8067EE877A17EE903A9360CB7807EE903AF8EE677A67EE877A17EE903AD3600B79E8
S3250800ADA007EE903AF8EE677A67EE877A17EE903A13614B7907EE903AF8EE677A67EE877AC6
S3250800ADC017EE903A53618B7907EE903AF8EE677A67EE877A17EE903A93613FE407EE903A5D
S3250800ADE09FED917AF8EE677A67EE877A17EE903A13604B7807EE903AF8EE677A67EE877AB0
S3250800AE0017EE903A53608B7807EE903AF8EE677A67EE877A17EE903A9360CB7807EE903AFF
S3250800AE20F8EE677A67EE877A17EE903AD3600B7907EE903AF8EE677A67EE877A17EE903AB6
S3250800AE4013610BE407EE903A9FED777AF8EE677A67EE877A17EE903A13604B7807EE903A64
S3250800AE60F8EE677A67EE877A17EE903A53608B7807EE903AF8EE677A67EE877A17EE903A77
S3250800AE809360CB7807EE903AF8EE677A67EE877A17EE903AD3600B7907EE903AF8EE677A86
S3250800AEA067EE877A17EE903A13614B7907EE903AF8EE677A67EE877A17EE903A53618B79C4
S3250800AEC007EE903AF8EE677A67EE877A17EE903A9361CB7907EE903AF8EE677A67EE877AA5
S3250800AEE017EE903AD361FFF7B9BB0878137860F3000313700B781078C3F3400363F3410058
S3250800AF0010700B78C0B2C3F3800363F3820010700B78C0B2C3F3C00363F3C30010700B7893
S3250800AF20C0B2C3F3001363F3041010700B78C0B2C3F3401363F3451010700B78C0B2C3F30A
S3250800AF40801363F3861010700B78C0B2DB0963F3C71010704878537860F3000353704B78F7
S3250800AF605078C3F3400363F3410050704B78C0B2C3F3800363F3820050704B78C0B2C3F3BA
S3250800AF80C00363F3C30050704B78C0B2C3F3001363F3041050704B78C0B2C3F3401363F34B
S3250800AFA0451050704B78C1B2C3F3801363F386115170FFF753BB1360487843EA0023136047
S3250800AFC0887843EA00431360C87843EA006313600B795360487943EA00235360887943EA14
S3250800AFE000435360C97943EA01635360FFF736BB0B7803F00303FFF7DFBB0B7803F001035A
S3250800B00013700B785B08A2F80130487843EAC013A2F80130897801F0010143EAC133A2F8B4
S3250800B0200130FFF71BBB00BF3A07543C08B5FEF7C5FDB0F1FF3F04D0BDE8084080B2FEF73A
S3250800B040C7BD08BD08B5FEF7B9FDB0F1FF3F04D0BDE8084080B2FFF7F0BA08BD0D4908B5E7
S3250800B0600D4B0B60032200234FF43020C1E901234FF48012C1E904024FF480720846CB6023
S3250800B0808A618B8306F0ADF818B1BDE8084004F0B5B808BD38070020006400400E480F4A80
S3250800B0A008B50323C0E90A234FF430214FF48012C0E90E1200234FF48072C0E90C330264F1
S3250800B0C0A0F84430283006F08CF818B1BDE8084004F094B808BD00BF380700200068004003
S3250800B0E010B514228AB0044600210DEB020011F0FFFB23684B4A934245D14B4A136D013359
S3250800B100012B13650BD100230093484B1A6C42F000721A641B6C03F000730093009B434B07
S3250800B120002401941A6B42F001021A631B6B03F001030193019B4FF4C05002234FF0030C9E
S3250800B140CDE9050305A909233948CDE908C307F0E9F822462146142006F092FC142006F0BE
S3250800B160C1FC22462146152006F08AFC152006F0B9FC16202246214606F082FC162006F0FF
S3250800B180B1FC0AB010BD2B4A9342FAD1274B2648002102911A6C42F080621A641A6C02F034
S3250800B1A080620292029A026D0132012A026509D103911A6C42F000721A641B6C03F0007338
S3250800B1C00393039B194B1C48002404941A6B42F002021A631B6B03F0020304936022049B3B
S3250800B1E00223CDE9052303210923CDE9081305A907F098F822462146402006F041FC402026
S3250800B20006F070FC22462146412006F039FC412006F068FC42202246214606F031FC4220F2
S3250800B220ADE700BF00640040380700200038024000000240006800400004024008B51E4ADB
S3250800B2400368934219D11D4A136D013B136523B91B4A136C23F0007313644FF4C0511948A9
S3250800B26007F032F9142006F04BFC152006F048FC1620BDE8084006F043BC134A934219D18A
S3250800B2800F4B0E491A6C22F080621A640A6D013A0A651AB91A6C22F000721A6460210B48A7
S3250800B2A007F012F9402006F02BFC412006F028FC4220DEE708BD00BF0064004038070020D8
S3250800B2C0003802400000024000680040000402400D4908B50D4B0B600A2200234FF46020CE
S3250800B2E0C1E901234FF48012C1E904024FF480720846CB608A618B8305F073FF18B1BDE871
S3250800B300084003F07BBF08BD3807002000640040FFF7A4BE0000000070B504460E4604F0D3
S3250800B32037FE0546204606F083F908B1002070BD04F02EFE401BB042F4D90320F7E7014B1A
S3250800B340187870479007002030B595B01149124801AA12F029F928B101A811F0FDFB0F4B5F
S3250800B360C3E902010E4D0FCD0AAC0FC40FCD0FC495E8030084E803000AA90A4805F0ADFF0C
S3250800B38048F20201074806F010FA064806F02CF815B030BD571D0208691D02089007002034
S3250800B3A0781A02086007002030B50C4D0FCD8BB06C460FC40FCD0FC495E8030084E80300E4
S3250800B3C06946074805F089FF48F21001044806F0ECF9034806F008F80BB030BDA01A0208C5
S3250800B3E03807002073B50E46032104461546FFF793FFB8B9019001AB29462046324606F022
S3250800B400A4F8094B196823680446C91A18BF0121052024B102F07CFC204602B070BD02F061
S3250800B420A3FCF9E70324F7E7600700202DE9F041C14F2DED048B3D78B8B00646002D40F02D
S3250800B44024832022CDE9020529460DEB0200CDE9045506958DF81C500095019511F048FAC6
S3250800B460B6F5D37F6C4627D2B6F5CD7F05D8012038B0BDEC048BBDE8F0816FF4CD731E44E6
S3250800B4800A2EF4D801A353F826F000BF51B600080FB9000833B500086FB40008B7B5000868
S3250800B4A06FB4000885B60008F9B5000803B600087BB90008FDB6000840F2D1439E420DD897
S3250800B4C040F2CD439E42D2D9A6F2CF46022E00F29181DFE816F073029702B102B6F5CD6F3B
S3250800B4E000F0838140F269639E42C0D105EBC5033B448DF82050D3F81120CDF82120D3F8E2
S3250800B5001530BDF80800CDF82530224608A9FEF75FFB0028ABDB069002AA21468748FFF77D
S3250800B52061FF0135012004F055FD062DDED100209EE703F021FA07EE900A9FED818AF8EE5F
S3250800B540E77A67EE887A17EE900A0FF015FC76A3D3E900230FF092FD0FF05EFF0A9003F007
S3250800B5601DFA07EE900AF8EEE77A67EE887A17EE900A0FF001FC6CA3D3E900230FF07EFD76
S3250800B5800FF04AFF089000F087FD9FED6E7AC0EE077ACDED097ABDF80800224608A9FEF79E
S3250800B5A017FB0028FFF663AF069002AA21466348FFF718FF5CE700F04BFD07EE900ADFED05
S3250800B5C0618AF8EE677A87EEA89A00F033FD07EE900AF8EE677A8DED099A87EEA88A8DED40
S3250800B5E0088A00F045FDC0EE287A38EE498ACDED0B7A8DED0A8ACEE702F092FA8DED080A24
S3250800B600C9E702F08DFA10EE100A0FF0B5FB0F46064603F0B1F907EE900A9FED497AF8EE2A
S3250800B620E77A67EE877A17EE900A0FF0A5FB3EA3D3E900230FF022FD32463B460FF0F4FB42
S3250800B640414B00220FF01AFD0FF0E6FE0890A2E7FDF79AFA062809D8DFE800F00408120A9E
S3250800B6600C0E100000238DF8203094E70123FAE70323F8E70423F6E70523F4E70623F2E70C
S3250800B6800223F0E70EF048FC10EE100A0FF074FB27A3D3E900230FF0F1FC2C4B00220FF0AB
S3250800B6A00BFA0FF0B9FE0A900EF0CCFB07EE900AF8EE677A17EE900A0FF05EFB1CA3D3E99A
S3250800B6C000230FF0DBFC214B00220FF0F5F90FF0A3FE09900EF0A8FB07EE900AF8EE677AB8
S3250800B6E017EE900A0FF048FB11A3D3E900230FF0C5FC164B00220FF0DFF9A5E702F06CFBC9
S3250800B7001349002383423FF446AF11F833200E2A26D8DFE802F01F27252C31363B40454C5A
S3250800B72051565B60650000BF2D431CEBE2366A3F7B14AE47E17A0440900700203807002004
S3250800B740CD74E63900401C4600408F40000034404C1C00209DF8202042F001028DF82020FF
S3250800B7600133CFE79DF8202042F00202F6E79DF8202042F00802F1E79DF8202042F01002E7
S3250800B780ECE79DF8202042F02002E7E79DF8202042F04002E2E79DF8202042F08002DDE772
S3250800B7A09DF8212042F001028DF82120D8E79DF8212042F00202F7E79DF8212042F00402F3
S3250800B7C0F2E79DF8212042F00802EDE79DF8212042F01002E8E79DF8212042F02002E3E7BF
S3250800B7E09DF8212042F04002DEE7A94B0993BB680893D0E6A022002110A811F079F810A863
S3250800B80002F094FE9DF840309DF848609DF8C8209DF8D0009DF8C0509DF8D81003F0FD035D
S3250800B820003B06F0010618BF012343EA46039DF8506006F0010643EA86039DF8586006F016
S3250800B840010643EAC6039DF8606006F0010643EA06139DF8686006F0010643EA46139DF8D0
S3250800B860706006F0FD06003E18BF012643EA86139DF8786006F0010643EAC6139DF880600A
S3250800B88006F0010643EA06239DF8886006F0010643EA46239DF8906006F0010643EA8623DF
S3250800B8A09DF8986006F0010643EAC6239DF8A06006F0010643EA06339DF8A86006F0FD064C
S3250800B8C0003E18BF012643EA46339DF8B06006F0010643EA86339DF8B86043EAC633ADF878
S3250800B8E02030530003F0020305F0010580009DF822202B4300F00400C900034301F00801E2
S3250800B9000B4322F00F0213438DF8223043E6614E0025B046062707FB058273788DF8213011
S3250800B92093788DF82230D3788DF8233013798DF8243052799DF82530BDF808008DF8205028
S3250800B94002F0070223F00703134308A922468DF82530FEF73DF90028FFF689AD069002AAB8
S3250800B96021464D48FFF73EFD0135012004F032FB062D06F10606CED1D9E502F040FFADF8AB
S3250800B980290002F0AFFE10EE103ACDF8253002F013FF8DF82B0002F0AFFE07EE900AF8EEA7
S3250800B9A0677A17EE903ACDF8213002F0D7FE8DF82C0002F00BFF8DF82000ECE5072002F0B0
S3250800B9C0F5FB0A208DED080A02F0F0FB0B208DED090A02F0EBFB07208DED0A0A02F0E6FBBE
S3250800B9E009208DED0B0A02F0E1FB06208DED0C0A02F0DCFB0C208DED0D0A02F0D7FB8DED39
S3250800BA000E0AC8E5122002F0D1FB0F208DED0B0A02F0CCFB13208DED080A02F0C7FB112048
S3250800BA208DED0C0A02F0C2FB10208DED0A0A02F0BDFB8DED090AAEE5002002F0B7FB03204A
S3250800BA408DED080A02F0B2FB01208DED0B0A02F0ADFB02208DED090A02F0A8FB04208DED81
S3250800BA600A0A02F0A3FB05208DED0C0A02F09EFB0D208DED0D0A02F099FB0E208DED0E0AD0
S3250800BA8002F094FB8DED0F0A85E50220F0E400BFFBDA436AD60700203807002070B5274EED
S3250800BAA0337890B005460BB1002845D100241222214605A8CDE90B44CDE90D44CDE90344D3
S3250800BAC00A958DF83C4010F013FF40F232339D4225D101A8FCF7D4FD9DF804308DF8183037
S3250800BAE000F0B6FA46F2A713984215D900F0B0FABDF80630ADF81400ADF8163003AA05A95A
S3250800BB002846FDF73BFA002813DB0E900AAA03A90B48FFF767FC0DE046F2A810E8E725B936
S3250800BB2096F86A308DF81430E8E72146052002F0EFF8012010B070BD0220FBE79007002009
S3250800BB4060070020F0B5A1B005461C22002111A810F0CEFE002102AB11AA2846CDE902116B
S3250800BB6005F09DFDA94F29683B68044658B1C91A18BF0121052002F0CBF8A5481D2101F0D7
S3250800BB8023FA21B0F0BD9942FBD10146052002F0EBF8119E331F0B2B0DD8CDE91864CDE910
S3250800BBA01A44159B1C938DF8744018AA02A99948FFF718FCE5E71222214606A810F098FE7E
S3250800BBC006AA02A9B0B2FDF7FFFB002808DA29683B68C91A18BF0121052002F099F8D0E733
S3250800BBE0119BB3F5CF7F0DD2B3F5CC7FC9D9A3F5CD73894C9DF81850032B1ED8DFE803F099
S3250800BC00497093C540F264629342BAD19DF8184004F0BEF99DF818207F4B02EBC20103EBE0
S3250800BC2084040B44E0661A74DDF81920C3F81120DDF81D20C3F81520A3E704F0A9F904EB40
S3250800BC4085050021E8664FF4CF7412220DF16E00CDE90B41CDE90D11CDE904110F918DF8F1
S3250800BC60401010F045FE069B1893079B1993089B1A93BDF82430ADF86C3004AA18A920461A
S3250800BC80FDF7A6FF0028FFF67CAF0F900BAA04A98DE704F07DF904EB8504DFED606AE06682
S3250800BCA0DDF8213000EE103ADDF81D3007EE103ADDF8193027EE267A07EE903ABCEEC77A3A
S3250800BCC067EEA67A17EE103AFCEEE77A9AB217EE903A26EE800A99B2284600F09DF950E718
S3250800BCE004F056F904EB85050021E8664FF4D0740E220DF17200CDE90B41CDE90D11CDE958
S3250800BD0004110F918DF8401010F0F2FD069B1893079B1993089B1A93099B1B93BDF8283053
S3250800BD20ADF87030A9E704F033F904EB8505F3EE046AE866DDF821309FED397A9DF81800D8
S3250800BD4000EE103ADDF81D3007EE903A77EEA67ADDF8193067EE877A30EE260AFCEEE77A2A
S3250800BD6020EE070ACDED007A07EE903A77EEA67A9DF8002067EE877AFCEEE77ACDED017A93
S3250800BD809DF804100EF0E6F8FBE604F001F99DF8191004EB85030039D86618BF012128462E
S3250800BDA0FCF776FC9DF81A20C2F34001C2F300030B4343EA9203DB0729464FF0080021D5F5
S3250800BDC001F0A6FF06235D43164B9DF819209DF818102C442B4484F847209DF81A2084F8FD
S3250800BDE046109A709DF81B20DA709DF81C209DF81D101A715A7901F0070122F007020A4369
S3250800BE005A71BEE601F0B0FFDCE700BF600700207E1D0208380700209007002000401C469F
S3250800BE200AD72340D6070020F0B593B005461C22002103A810F05CFD0023CDE9013303AA63
S3250800BE4001AB0121284605F02AFC2A68044668B13D4B1968891A18BF0121052001F058FF76
S3250800BE603A481D2101F0B0F813B0F0BD384B1B689342F9D1344E3168C91A18BF012105202A
S3250800BE8001F072FF039F3B1F0B2B0DD8079B0E930AAA01A93046CDE90A74CDE90C448DF845
S3250800BEA03C40FFF79FFADFE7202221460AA810F01FFD0AAA01A9B8B2FEF7BFFB002808DAAB
S3250800BEC029683368C91A18BF0121052001F020FFCAE7039C40F232339C420AD11D4B0122EC
S3250800BEE01A709DF82820002A0CBF012203225A70BAE7B4F54D7F0ED1BDF829109DF8280026
S3250800BF0001EB810100384FEA410189B218BF0120FCF794FBA8E7002CA6D1FCF735FE9DF850
S3250800BF20283043B10C4B9DF8292083F86A202046FFF7B4FD98E7022896D8FCF797FB00289C
S3250800BF4092D105F0EFFD8FE7600700207E1D020838070020000000209007002038B50D4677
S3250800BF60044605F09AFA85B1012D17D0204605F038F908B103F042F90F4A236812689342EF
S3250800BF8011D1BDE83840FFF7DFB9032363604FF4302323614FF480136361E7E714236360A1
S3250800BFA04FF46023F5E7054A1268934203D1BDE83840FFF7F9B938BD6007002038070020BF
S3250800BFC038B50C4D002455F8043B5BB103F0E0FF55F8043CC01A632821464FF0070005D902
S3250800BFE001F096FE0134062CEDD138BD01F0BCFEF8E700BFFC07002006484FF01033002137
S3250800C0001822C0E90033C0E9031183604161104410F06EBC18080020054B23F8101003EB83
S3250800C020400103EB80038A8183ED060A00207047180800200023054A184632F8021F01334F
S3250800C040884238BF0846062BF7D1704722080020064A00234AF2104032F8021B0133884285
S3250800C06028BF0846062BF7D1704700BF18080020074ADFED087A0623B2EC017A013B77EE4C
S3250800C080877AF9D1B1EE080A87EE800A704700BF300800200000000008B5FFF7E9FFDFEDE2
S3250800C0A0027A20EE270A08BD0000D84238B5FFF7CFFF0546FFF7BEFF46F2A71300219D4237
S3250800C0C0044608460DD801F023FE4AF210439C424FF000014FF0010006D9BDE8384001F0E9
S3250800C0E017BE01F041FEF0E7BDE8384001F03CBE002303708370704770B50025044629460B
S3250800C10005748574284602F00BFD0646A06043200FF06AFB014605708570304602F023FDEB
S3250800C120012384F853300223637484F85450E56070BD30B50246411E00F13F040020054615
S3250800C14011F8013F082B06D110B1431E98B21554A142F5D103E01B2B02D10023135430BD8D
S3250800C1601354002BFBD0431C98B2F1E738B50D460278202A034600F10100F9D022B9184692
S3250800C1800C4911F08CFD034618460B4A0B4910F00EFC034628600020441CA4B203B938BD00
S3250800C1A0054A0649002010F002FC45F8240003462046F1E79B1D020848080020A8310208B8
S3250800C1C0006890F83D30202BFBD14FF4FA7392B20CF0BBBC08B5C3688068194402F07AFDE0
S3250800C1E0B0FA80F0400908BD30B590F85230412B93B014BF4FF0FF35012501AA294604469B
S3250800C200FFF7E8FF28B3E3682B44E3604022002102A810F06DFB104902A810F071FB0F49FF
S3250800C22002A810F06DFB019D294602A811F8022B10F082FB4322294604F1100011F037FD66
S3250800C24002A80EF02DFC642382B202A920680CF07CFC13B030BD00BF9D1D0208C81A02087E
S3250800C26090F85220037C442A08D1A3B1013B0A49037405220A2300680CF067BC402B0AD076
S3250800C2805A1C0274C218927C0AB90374704703490A230522EFE77047A31D0208A81D020805
S3250800C2A02DE9F0410223B2B0437490F85230A3F14102012A044604D832B0BDE8F041FFF70B
S3250800C2C093BFA3F14302012A04D832B0BDE8F041FFF7C6BF332B24D102AE402200213046EF
S3250800C2E010F006FB8022002112A810F001FB277C04F112083D4640460EF0D2FB854213D97D
S3250800C3000E4A009608EB0703802112A810F042FA12A80EF0C5FB642382B212A920680CF01B
S3250800C32014FC32B0BDE8F08163190549DA7C9A743046013510F0E4FAEDB2DCE7B01D0208F6
S3250800C340AD1D0208012380F8533070472DE9F04106790D2EB2B004460AD80D2E0CD8DFE8B0
S3250800C36006F01D0B0B720B0B0B0B3D0B370B0B201B2E11D07E2E11D0637C012B6ED15B2EA9
S3250800C38003D0002384F852606374237C402B04BF012384F8543001E00123437432B0BDE860
S3250800C3A0F081037CC218527C0A2A05D1013BDBB22374234400229A7401234249206884F823
S3250800C3C0543002220A2332B0BDE8F0410CF0BDBB037CC218527C0D2AE0D1E7E7057C002DC3
S3250800C3E0DCD002AF402200213846013D10F080FAEDB28022002112A810F07AFA2E4625747C
S3250800C40004F1120840460EF04BFB864211D908EB05032D4A0097802112A810F0BBF912A8B1
S3250800C4200EF03EFB642382B212A920680CF08DFBB4E7A3192549DA7C9A743846013610F057
S3250800C4405FFAF6B2DEE70123214980F854300374123032B0BDE8F04111F021BC02AF40221C
S3250800C4600021384610F044FA04F112088022002112A810F03DFA40460EF012FB451C237C7D
S3250800C480EDB2AB4215D3E218802196744344114A009712A810F07EF9237C0133237412A8A7
S3250800C4A00EF0FEFA642382B212A920680CF04DFB6BE7631905495A7C9A74384610F020FA9E
S3250800C4C0013DDCE7E91F0208AF1D0208AD1D0208B61D0208B01D02082DE9F04F90F853307D
S3250800C4E0ADF5885D81B004464BB1002380F85330FFF72CFF20680122211D0DF0F1FA637C41
S3250800C5003BB920460DF5885D01B0BDE8F04FFFF7C7BE94F85460002E71D0002704F11208D7
S3250800C52084F854704046FFF704FE40AD20742A460121A0682F6002F0CDFBA0682A46012131
S3250800C54002F0C8FB012807D02968404602310EF047FAC61B18BF0126237C93B18EB1A06886
S3250800C56002F0C3FB04F11001432211F0A0FB43200FF03AF90023014603708370A06802F097
S3250800C580F2FA4FF480720021684610F0B1F969464046FFF7EBFD1C4B2B60804640F6FC7284
S3250800C5A0002141A810F0A4F994F86090DDF800A06F460026B3B2994511D9E36D504653F89C
S3250800C5C026100EF00DFA4FEA860B01360028F1D1A36D2A4653F80B3039464046984700231A
S3250800C5E00A492374A374E360284610F089F928460EF056FA294682B220680CF059FB0DF5C0
S3250800C600885D01B0BDE8F08F3F0D0A00C81A02081046064A0649137883F001031370054A47
S3250800C620002B08BF0A46044910F0EAB820000020C01D0208B81D0208C91D02080149104625
S3250800C64011F02DBBDE1D020870B50A490A4E1046144611F024FB002520460EF021FAF36D3A
S3250800C66006495A592044043510F0CAF8482DF3D170BD00BFEC1F02084C080020FC1F020878
S3250800C68070B54D6813490646284614460EF0A8F950B9114B114901221A7003225A702046E2
S3250800C6A0BDE8704011F0FBBA0D4928460EF098F928B9094B0B4901221A705A70EFE7012E09
S3250800C6C001D80949EBE72A4620460849BDE8704010F096B82D3002080000002003200208D1
S3250800C6E0EB1B02081B20020834200208752002082DE9F04395B00024154604948DF814405C
S3250800C700FBF7AEFF07EE900AF8EE677AF2EE046A87EEA67A0A2204A903AF06AEFDEEC77AC8
S3250800C72017EE900A0FF05EF80D2221463046ADF80C40BC7010F0DCF82E4B1B78002B48D0AB
S3250800C7402D4A106851681289334603C31A802B4B0A93FCF719FA2A4CDFF8C89004EB800082
S3250800C7600DF1280843680B93264BCDE90C37264B0E93FEF7E4FD254A254B002818BF1346AB
S3250800C7800F93244B1093FBF771FF04EB8004236A1193214BCDE9123600242C7028460EF03B
S3250800C7A07FF9D8F80070064638460EF079F9D8F804300093194909EB00033A46A819013413
S3250800C7C010F01EF8052C08F10808E7D115B0BDE8F083134B324603F1080C186859681446ED
S3250800C7E003C4083363452246F7D118681B7920602371ACE73C1F002023210208B9200208EA
S3250800C80020000020C3200208CF200208AE200208B3200208DE200208EE20020817210208CD
S3250800C82020210208FE2002082DE9F0410D4607462F491046144611F032FA6E682D49304679
S3250800C8400EF0CEF850B92C4B0120198DFBF7F6FE2A492046BDE8F04111F021BA2849304667
S3250800C8600EF0BEF828B9244B198DFBF7E7FE2549EFE7254930460EF0B3F838BBA8681E4DEA
S3250800C88078B10EF093FF00EB80035B009BB2A3F1320292B240F29E718A4288BF4FF496730F
S3250800C8A02B852B8D07EE903AF8EEE77AB2EE047AC7EE877A17EE900A0EF05EFA02460B469A
S3250800C8C020461249BDE8F0410FF09ABF104930460EF086F850B1012F01D80E49B9E72A687D
S3250800C8E00D492046BDE8F0410FF08ABFBDE8F081CC1A02082D300208200000202D2102084B
S3250800C900EB1B020842210208582102085C2102087D21020882210208FF21020870B50025B9
S3250800C9201570144601F058FA2A46034602492046BDE870400FF064BF742202082DE9F043FD
S3250800C940012885B00546144625D1002001F0F2F810EE100A0EF010FA064628460F4601F0B5
S3250800C960E9F810EE100A0EF007FA80460220894601F0E0F810EE100A0EF0FEF9CDE90089E5
S3250800C980CDE90201324611493B4620460FF038FF05B0BDE8F0834E680D4930460EF020F87C
S3250800C9A040B901F093F80B49204605B0BDE8F04311F075B9012D01D80749F5E70749324683
S3250800C9C0204605B0BDE8F0430FF01ABF8F220208C2220208C7220208D82202083823020879
S3250800C9E005F0A0B82DE9F04786B0144601F0E4FE054601F0EBFE114B03EB8003D3F818A0B7
S3250800CA0001F0FDFE064601F06DFE10EE100A0EF0B3F98946804601F06FFE074601F09EFEE5
S3250800CA20CDE90289CDE904700549009653462A4620460FF0E5FE06B0BDE8F087CC1A020886
S3250800CA40902302082DE9F04F1646B1B008A80025DFF884A01D4FDFF884B001F067FD08ACA9
S3250800CA60357030460EF01CF822785AF8043B022A06EB000825D01649002A08BF5946894678
S3250800CA80606807930EF078F994F801C0079BBCF1020F18D00E4ABCF1000F08BF5A46CDE9F1
S3250800CAA0020104920B49CDF800902A46404601350FF0A6FE142D04F10804D2D131B0BDE8EC
S3250800CAC0F08FB946DCE73A46E9E700BF06240208982B020808240208FC1A020894260208DD
S3250800CAE010B50348144601F037FA0023237010BD382300202DE9F0474C68394D2DED028B70
S3250800CB00814688460023374985F86430204616460DF066FF50B9344808F0F2FCBDEC028BF9
S3250800CB2030463249BDE8F04711F0B9B820460EF039FE84B2002C08BF4FF4FA74022705F114
S3250800CB40640A4F453FD30123294885F8A4300DF0A7FF0544002385F86330234DDFED258AC3
S3250800CB6028460DF0A7FE2A6807EE904A936AB8EEE78A0133B0FBF3F307EE903AF8EE677AD7
S3250800CB80284667EE887A87EEA87ABCEEC77A82ED0B7A0DF08FFE2A68936A0133B0FBF3F36E
S3250800CBA007EE903AF8EE677A6FF0010367EE887A136187EEA87A2846BCEEC77A85ED037AD4
S3250800CBC008F064FCAAE70A480DF06AFF58F827200949504401370FF013FEFFB2B1E700BFD9
S3250800CBE04C08002025240208182200202E240208B008002000007A442A24020801282DE97D
S3250800CC00F3410C46154625D102F0F6FC364C374F374E002808BF274602F00AFD334B0028C3
S3250800CC2018BF1C4602F0F6FC324B002808BF3346984602F00BFD2F4B2F49002818BF1E46B7
S3250800CC40CDE9008623463A4628460FF0D9FD02B0BDE8F0810328FAD14F68284938460DF0FD
S3250800CC60BFFEA66888B9224930460DF0B9FE003818BF012002F0C6FCD4E901232049284669
S3250800CC8002B0BDE8F0410FF0BBBD1E4938460DF0A7FE48B9164930460DF0A2FE003818BF7E
S3250800CCA0012002F0CBFCE7E7174938460DF098FE48B90F4930460DF093FE003818BF0120C0
S3250800CCC002F0AEFCD8E7114938460DF089FE0028D2D1074930460DF083FE003818BF012050
S3250800CCE002F0BCFCC8E700BF352402083C2402082D300208EB1B020841240208641C0208D1
S3250800CD00A0240208FA1C02083D1D02089A2402082DE9DF430B461949586814460DF060FE8B
S3250800CD2040B902F021FF1649204604B0BDE8D04310F0B5BF02F03AFF10EE100A0EF01CF8E0
S3250800CD4006460F4602F05CFF10EE100A0EF014F88046894602F04CFF10EE100A0EF00CF8C9
S3250800CD60CDE90089CDE90201324606493B4620460FF046FD04B0BDE8D08300BFAC24020878
S3250800CD80B2240208CB2402082DE9F041032888B00F4616464FD14C68284920460DF020FE8B
S3250800CDA060B1274920460DF01BFEC8B125492246304608B0BDE8F0410FF022BDDFF8908050
S3250800CDC0B86823210FF0ABFD0023CDE90033044648B91D49304608B0BDE8F04110F05FBF5B
S3250800CDE0DFF87080ECE704F8013B20460DF058FE10F00105EDD12946182202A80FF078FD0F
S3250800CE0029461022B8680EF0ADFE029020460DF047FE400806901022294620460EF084FFFA
S3250800CE2002AACDE9000169464046FEF7DBFA357008B0BDE8F0810549CCE700BF022502081E
S3250800CE40062502080E25020877250208C6250208600700203807002010B50A4890F83D30C5
S3250800CE60022B14460BD108F04BFB074B0749002283F864202046BDE8104010F010BF0449C9
S3250800CE80F8E700BF182200204C080020E91F020815260208022838B514463BD14D681E4928
S3250800CEA028460DF09DFD38B900F0C4FF1B492046BDE8384010F0F3BE194928460DF090FDC9
S3250800CEC040B9012000F0B6FF9FED160A00F0C8FF1549ECE728460EF065FCC5B2642D16D82E
S3250800CEE0012000F0A7FF28460DF034FF00220F4B0EF0C4F80EF090FA00EE100A00F0B0FF6A
S3250800CF000B492A462046BDE838400FF079BC09492A46F7E70849CAE71A2602081F2602084D
S3250800CF20EB1B02080000000038260208000059404A260208612602089626020830B51B4CB5
S3250800CF401B4DB4F88430D4F880009DB00122ADF80C30062302900093502102AB05F1A80054
S3250800CF6000F08FFC134B2B60134B144903F12C028033EB651523AA6585F86030104A114B55
S3250800CF8004A80FF03DFC04F1860104A80FF0B8FC2846FFF7B1F804A80DF082FD04A902469A
S3250800CFA02846FFF70DF91DB030BD00BFCC1A02084C0800208023002020000020D026020819
S3250800CFC0C4260208751D020870B51A4B1B78CCB006460D465BB301AC4FF4967200212046EE
S3250800CFE00FF086FC02F0D4FF07EE900A9FED127AF8EE677AC7EE877A17EE900A0DF0BCFE63
S3250800D00002460B4620460D490FF0FAFB314620460FF076FC20460DF043FD054408496019B5
S3250800D02010F03DFE07482A1D2146FFF7C9F84CB070BD00BF2000002000007A441D270208BF
S3250800D040252702084C0800202DE9F0432DED028B2449254E9FED258A87B01046144610F006
S3250800D0601EFE06F11809002520460DF019FDF9EC017A36F8028BC7EE887A2718013517EE84
S3250800D080900A0DF079FECDE90401738907EE903AF8EE677AC7EE887A17EE900A0DF06CFE7A
S3250800D0A007EE908AF8EE677ACDE90201C7EE887A17EE900A0DF060FE2A46CDE900010C49A6
S3250800D0C038460FF09DFB062DCED120460DF0E8FC0849204407B0BDEC028BBDE8F04310F09A
S3250800D0E0DEBD00BF2A2702081808002000401C4647270208E91F02082DE9F0472DED068B09
S3250800D1004D682B7890B006460C469246002B40F09780FEF78FFF07EE900A9FED598ADFED34
S3250800D120598AF8EE677A87EE889AFEF791FF07EE900AF8EE677AC7EE889AFEF7ADFF80EEDF
S3250800D14008AAFEF795FFC0EE08AA01F015FC07EE900AF8EEE77A67EEA87A17EE900A0DF03B
S3250800D1600BFE45A3D3E900230DF088FF0D46044601F008FC07EE900AF8EEE77A67EEA87A6E
S3250800D18017EE900A0DF0F8FD3BA3D3E900230DF075FF0F46064601F001FC07EE900AF8EEBE
S3250800D1A0E77A67EEA87A17EE900A0DF0E5FD32A3D3E900230DF062FF8946804601F0E8FB90
S3250800D1C079EE697A08EE100A17EE900A0DF0D4FDCDE90E0119EE900A0DF0CEFDCDE90C0189
S3250800D1E019EE100A0DF0C8FDCDE90A011AEE900A0DF0C2FDB8EEC88ACDE908011AEE100A46
S3250800D2000DF0BAFD68EE287ACDE9060117EE900A0DF0B2FD18A3D3E900230DF02FFFCDE9D1
S3250800D2200289CDE90401CDE90067174922462B4650460FF0E5FA10B0BDEC068BBDE8F087BA
S3250800D240124928460DF0CCFB48B95246211D304610B0BDEC068BBDE8F047FFF7F5BE0C4912
S3250800D2602A46504610B0BDEC068BBDE8F0470FF0C7BA00BFAFF300802D431CEBE2366A3F2B
S3250800D28000401C46CD74E639672702081C280208202802082DE9F04F2F49304E87B010466E
S3250800D2A014460FF2AC09D9E9008910F0F8FC06F10C0A002520460DF0F3FB27185AF8040BEE
S3250800D2C016F801BB0DF058FD42464B460DF0D6FE234B00220DF0F0FBCDE90401707907EE29
S3250800D2E0900AF8EE677A17EE900A0DF045FD42464B460DF0C3FE1A4B00220DF0DDFB07EEB9
S3250800D30090BAF8EE677ACDE9020117EE900A0DF033FD42464B460DF0B1FE114B00220DF029
S3250800D320CBFB2A46CDE9000101350E4938460FF067FA062DBED120460DF0B2FB0A492044FE
S3250800D34007B0BDE8F04F10F0AABC00BFAFF300807B14AE47E17A044072280208D420002002
S3250800D3600000344095280208E91F0208F0B52DED028B4E68337887B007460D461446002B49
S3250800D38060D10CF05FFD07EE900AF8EE677A17EE900A0DF0F1FC38A3D3E900230DF06EFEF4
S3250800D3A0374B00220DF088FB0EF036F808EE900A0CF03AFD07EE900AF8EE677A17EE900A57
S3250800D3C00DF0DAFC2CA3D3E900230DF057FE2C4B00220DF071FB0EF01FF808EE100A0CF049
S3250800D3E09BFD10EE100A0DF0C7FC23A3D3E900230DF044FE224B00220DF05EFB0EF00CF8E4
S3250800D4000DF0BAFC78EE687A064617EE900A0F460DF0B2FCCDE9040118EE900A0DF0ACFC18
S3250800D420CDE9020118EE100A0DF0A6FC3246CDE900013B46134920460FF0E2F907B0BDECBA
S3250800D440028BF0BD104930460DF0CAFA48B92246291D384607B0BDEC028BBDE8F040FFF70F
S3250800D46019BF0A493246204607B0BDEC028BBDE8F0400FF0C5B900BF7B14AE47E17A044074
S3250800D48000003440BD2802081C28020814290208044B93F8D010012209B983F8A42083F82D
S3250800D4A0D02070474C0800202DE9F0472DED028BC4B0654C0DF110084FF480720021404638
S3250800D4C00FF016FA94F8D030002B00F08E8094F8A430012B40F096805C4DDFED5D7A2B68C9
S3250800D4E0DFF8A49193ED0B8AB8EE488A284628EE278A0DF0DFF92B689B6A0133B0FBF3F021
S3250800D50007EE900AF8EE677AC8EE277A17EE900A0DF032FC0F46064602F03AFD0DF00AFCB9
S3250800D5204C4B00220DF0AAFDCDE90067CDE9020104F16402484949480FF062F9414604F157
S3250800D5406400FEF713FED8F800A00646002759F8041B50460DF044FA054680BBDFF8FC9046
S3250800D56048460DF09DFA3E4B03EB870309EB0002DB6A41463046984748460DF091FA3949CB
S3250800D580484410F08CFB013E2027AE4232DC364A364932480FF00BFA354A03464FF480716D
S3250800D5A034480FF0F7F833480DF07AFA314982B231480BF07DFB002384F8A43015E00137CD
S3250800D5C0152FC4D12D49254810F069FB00231F4884F8643007F094FF20480DF061FA1F49D1
S3250800D5E082B2642324480BF0B0FA44B0BDEC028BBDE8F08722480DF053FA2044013580F845
S3250800D6006470C2E71C4D95F83D30212BEDD0174904F1D40200200FF0CAF9034688B1194A21
S3250800D6204FF4807104F1D8000FF0B4F804F1D8000DF036FA04F1D80182B228460BF038FB98
S3250800D640D3E784F8D000D0E74C0800201822002000007A4400408F4069290208240A00207A
S3250800D660200000209629020820090020E91F0208952402082409002080230020B229020880
S3250800D680B0080020C6290208A0000020014800F0EDB800BFF408002008B50146034800F0F3
S3250800D6A0E7F8BDE80840014800F094B8F4080020F7B501284FF000050F461446157018D1B9
S3250800D6C0FFF7E4FF461E451D20460DF0E9F916F8012F224920440FF093F8AE42F4D12046A6
S3250800D6E00DF0DEF91E49204403B0BDE8F04010F0D6BA07282FD157F8040F0EF053F8C6B213
S3250800D700052E13D86A4600239D4219DC05F108036B440135062D03F8086CECD16846FFF74D
S3250800D720BBFF20460DF0BCF90E49DCE720460DF0B7F90D49324620440FF062F803B0F0BDF1
S3250800D74012F8011BB14203F10103DDD120460DF0A7F90649C7E706491046C5E7CE290208AA
S3250800D760E91F0208212A0208D2290208EB290208592A020830B5044689B02022002168460B
S3250800D7800FF0B6F8A3681248A2880068043369469BB201F071FB0546012D4FF000014FF04F
S3250800D7A00D0012D100F0E0FA2368009A9A4202D0002009B030BDA26801A904F10C0010F053
S3250800D7C076FA0023A3712846F3E700F0A1FAEFE7241A002070B5857990B004461DB90125E4
S3250800D7E0284610B070BD2022002168460FF080F8A66823680093324604F10C0101A810F0E9
S3250800D80056FA331D184EA288306869469BB201F01FFC01284FF000014FF00D0020D100F094
S3250800D820A3FA202200210DEB02000FF061F8A368A288306804339BB208A901F01DFB012854
S3250800D840CDD1042208A968460FF042F8064628B901460E2000F088FAA671C1E700210E203C
S3250800D86000F056FA0025BBE7241A00200C30704710B5826804460C3010F019FA0123A371C2
S3250800D88010BD70B51E46049B0446181D202805D90E4B0F4A0F4817210DF066FF0E48A360E4
S3250800D8A00023A3710368A180226023B90B4A0C49402301F08AFA2046FFF75CFF054618B9E4
S3250800D8C031462046FFF7D4FF284670BD692E0208551B02089A2E0208241A00200008024064
S3250800D8E020200020044BD3ED007A30EE670ADFED037A20EE270A7047281A00204E36174224
S3250800D900044BD3ED017A30EE670ADFED037A20EE270A7047281A002070B46243DFED047A2C
S3250800D92030EE670ADFED037A80EE270A704700BFB072E83E8FC2F53B10B5074C074804F1C7
S3250800D9400801802202F05AFE04F584710448BDE81040802202F052BE281A0020E804002083
S3250800D9603005002038B52DED028BB0EE408A02F00FFB484ADFED487A054602F580710023D6
S3250800D980B0EE677A32F8020B06EE900A31F8020BF8EEE66A013337EE267A06EE900AF8EE5C
S3250800D9A0E66A802B77EEA67AECD1DFED3C6ADFED3C5A3C4C9FED3C6A27EE267A67EEA66A74
S3250800D9C087EE255AC6EEA57AD4ED016A94ED007A67EE867A95EE067AC4ED857A77EEE67A7E
S3250800D9E0DFED326A9FED326A9FED325A67EEA67ADFED316AC4ED837A38EE660A27EE057ABD
S3250800DA00C0EE066AB0EEC76AC4ED846ADFED2B6A84ED827AB4EEE66AF1EE10FA08D5B0EE48
S3250800DA20E76AB4EE666AF1EE10FA48BFF0EE477A9FED237AD4ED866A67EE877A9FED217A2F
S3250800DA40E6EE877A00210420BBEE047AF4EEC77AF1EE10FAC4ED877AC4ED867A14D500F02F
S3250800DA6057F994ED877ADFED187AB4EEE77AF1EE10FA4FF000014FF0040008DD00F048F9E3
S3250800DA80BDEC028B284638BD00F06EF9E9E700F06BF9F5E7301A0020000000003333534025
S3250800DAA000F07F45281A00200000003C70B462438FC2F53B4E361742B072E83E000008424D
S3250800DAC09A99193FCDCCCC3E000034431148002130B50B4600F580740A4630F8025B0131F3
S3250800DAE02A4434F8025B80292B44F6D107EE902A9FED097A0949F8EE677A67EE877AC1ED67
S3250800DB00007A07EE903AF8EE677A67EE877AC1ED017A30BD301A00206740D336281A00200F
S3250800DB20014B93ED870A7047281A002000487047301C002002289DBF034B03EB800393ED31
S3250800DB40820A9FED020A7047281A00200000000010B51C4C2DED028B94ED838AFBEE047AB1
S3250800DB60B4EEE78AF1EE10FA4FF000014FF0040006D500F0CDF80021042000F0F5F80CE07A
S3250800DB8000F0F2F8DFED107AB4EEE78AF1EE10FAF1DD0021042000F0BBF894ED857AF5EE32
S3250800DBA0007AB4EEE77AF1EE10FA07D4BDEC028B0121BDE81040092000F0D6B8BDEC028BEC
S3250800DBC010BD00BF281A00200000344313B5134B002401941A6B42F480021A631B6B03F4BC
S3250800DBE080032246214601933920019B03F048FF392003F077FF224621463A2003F040FFE5
S3250800DC003A2003F06FFF224621463C2003F038FF3C2002B0BDE8104003F064BF0038024053
S3250800DC2000230022436002608360704780ED010A70470023016083607047D0ED027A036801
S3250800DC409FED0C6A80ED020A70EE277AB6EE007ACB1A67EE877A07EE103AB8EE477A0160DC
S3250800DC60C7EE066A90ED017AA7EEA67A80ED017A704700BF00007A4484B004AB03E90700D2
S3250800DC80DFED037A9DED020A80EE270A04B070470000614584B004AB03E907009DED020A7B
S3250800DCA004B0704730B50022064C1346904201D90F2A01D1581830BD54F8045B01322B44D8
S3250800DCC0F4E700BF641B020810B5074C002354F8042B824204D90B780BB101330B7010BD01
S3250800DCE00B70801A0133F2E7641B020807B50DF10701FFF7E9FF054B1A6803EBC2039DF8B1
S3250800DD0007201A71986003B05DF804FB481C00200E2810B520D8124C54F820408C421BD901
S3250800DD200528104C11D104EB8103D3F894210132012AC3F8942101D8002010BDFFF7B2FF3C
S3250800DD400B23044484F89C31F6E7FFF7ABFF044494F89C310133F5E74FF0FF30EDE700BFC7
S3250800DD60641B0208481C00200E2810B513D80B4B53F820308B420ED9094C052802BF04EBCB
S3250800DD8081030022C3F89421FFF78CFF0444002084F89C0110BD4FF0FF30FBE7641B0208B7
S3250800DDA0481C0020F8B50B4D2C680CB12046F8BD05F5CE7717F8013B092B05D92E682046C8
S3250800DDC00136FFF793FF2E600134422CF2D12868EDE700BF481C0020014B1868704700BF99
S3250800DDE0481C002010B50D4B0D4C00221A7020680422082109F0B8F82046B7EE000A01F0E9
S3250800DE0047FC204608219FED070A01F075FC20460821BDE8104001F0B5BC00BF261E00201A
S3250800DE203823002000000000014B1878704700BF261E0020014B1870704700BF261E0020F5
S3250800DE40064B1B6893ED0F0AD3ED0B7AB8EE400AF8EE677A80EE270A704700BF38230020BB
S3250800DE60B7EE007AB4EEC70AF1EE10FA08DCB5EEC00AF1EE10FA03D40248082101F03CBCAC
S3250800DE80704700BF38230020FBEE047AB4EEE70AF1EE10FA23D9DFED157AB4EEE70AF1EED7
S3250800DEA010FA1FDAF3EE0E7AB4EEE70AF1EE10FA15D49FED0F7AB4EEC70AF1EE10FA11DC25
S3250800DEC030EE670AF7EE087A20EE270AB3EE097AC0EE077A9FED077A37EE870A70479FEDA6
S3250800DEE0060A7047B7EE000A704700BF0000704200003442CDCCCC3D0000000030B5C3B204
S3250800DF00144AC0F30720242B0D464EF660241188B4FBF1F485B000FB04F416D0023202EBF5
S3250800DF2043030121002200912846114601F00AFC204602F04FF80021284601F025FC142088
S3250800DF4005B0BDE8304002F045B8204602F042F8F5E700BF3001002038B50A4B04461A785E
S3250800DF60252A05D120460021BDE8384001F00CBC58789D1C214642EA0020FFF7BFFF2B46B0
S3250800DF80EDE700BF7A01002010B500F00102044602210C4804F026FB04F00202094801214C
S3250800DFA004F020FB04F0040206484FF4004104F019FB04F008020348BDE810404FF480412E
S3250800DFC004F010BB0008024010B50A4C94F8DC3073B194F8DE00FFF7D7FF002384F8DC3072
S3250800DFE004F1E0010448BDE81040052202F006BB10BD00BF281E0020A0040020334B93F863
S3250800E000DC2030B5002A60D193F8DE10B3F8E6405D1801EB810295F8C8000244013023F8A1
S3250800E020124093F8D920B3F8E4405532013123F8124093F8D820B3F8E840503201F00F012E
S3250800E04023F8124093F8DA20B3F8E24083F8DE105A3223F8124093F8DB20B3F8E0405F32AF
S3250800E06023F812400522B0FBF2F404EB8404001B85F8C80093F8D9000130B0FBF2F404EB81
S3250800E0808404001B83F8D90093F8D8000130B0FBF2F404EB8404001B83F8D80093F8DA000C
S3250800E0A00130B0FBF2F404EB8404001B83F8DA0093F8DB000130B0FBF2F202EB8202801A78
S3250800E0C0012283F8DB0083F8DC2030BD281E0020884204D990428CBF00200120704704D25D
S3250800E0E091428CBF0220012070470120704738B52B4C23686FF001021A6120460CF0DAFB1F
S3250800E1002568AB6A0133B0FBF3F007EE900AF8EE677A17EE900A0CF02FFE1FA3D3E90023CE
S3250800E1200CF082FE00221F4B0CF0A8FF0DF054F9E86220460CF0BEFB23689B6A0133B0FB08
S3250800E140F3F007EE900AF8EE677A17EE900A0CF013FE11A3D3E900230CF066FE114B00225B
S3250800E1600CF08CFF0DF038F9E060204607F08EF90D4B002203F1C7001C4611460132142A59
S3250800E18019605960198100F8011F03F10A03F5D1012384F8DC3038BD9A9999999999B93F96
S3250800E1A0F022002000408F40281E00200F2811D8134BDFED147A1A1800EB800092F8C820C3
S3250800E1C0104433F8103000EE103AB8EEC00A20EE270A704713280FD8094BDFED0B7A1A18DB
S3250800E1E000EB800092F8C820104433F8103000EE103AB8EEC00AEAE79FED040A704700BFEC
S3250800E200281E00206740533A010D503B000000002DE9F84F534DDFF8548106460F4600244F
S3250800E22040F634190123A340334246D098F800203B40002A51D00D2C22D14FF0000CDFF8F7
S3250800E24030E162466146604640F6341B3EF802AFBAF5597F0FD801300CF1010CBCF1050FD4
S3250800E260F4D1FFF735FF012835D0002B77D090B321460C201FE0DA458CBF01310132EBE78B
S3250800E2800E2C40D1002338481A46194641F27A0E40F63D0A30F802CFF44516D90132013303
S3250800E2A0052BF7D10020FFF713FF02284FF00E014FF00B000DD1FFF757FD0134142C05F1DB
S3250800E2C00A05AFD10120BDE8F88FD445E6D90131E5E7FFF71DFD0020F5E70E2C13D12248EA
S3250800E2E01346114641F27A0E40F63D0A30F802CFF44504D901320133052BF7D1D2E7D445E8
S3250800E300F8D90131F7E74FF0000C0F2CAE4662466146604610D83EF802ABBAF5597F06D86F
S3250800E32001300CF1010CBCF1050FF4D199E7CA458CBF01310132F4E740F64A3B3EF802AB56
S3250800E340BAF5917F06D201300CF1010CBCF1050FF4D186E7DA458CBF01310132F4E7022816
S3250800E36086D1B8E7281E0020B21E00203C1F0020A81E0020F8B5674E73180F2993F8C8402A
S3250800E38094BF9FED657A9FED657A01EB81032344054636F8133007EE903A614BF8EEE77A01
S3250800E3A01B7867EE877A002B48D00D2927D100235C4F1E461A461946184640F6341E37F8EF
S3250800E3C002CFBCF5597F0ED80130B44208BF00230136052EF3D1FFF77BFE6B702870C5ED1C
S3250800E3E0017A2846F8BDF44504D90131B44208BF0223EDE70132B44208BF0123E8E70E2959
S3250800E40039D10023484E18461A46194641F27A0C40F63D0E36F8027F674508D9013284429F
S3250800E42008BF012301300528F4D10020D3E77745F4D90131844208BF0223F3E70E291AD17D
S3250800E440394E18461A46194641F27A0C40F63D0E36F8027F674507D90132844208BF0123B1
S3250800E46001300528F4D1E0E77745F5D90131844208BF0223F4E70F2922D80A2303FB016697
S3250800E48000231F461A461946184640F6341E36F802CBBCF5597F07D80130BC4208BF0023C5
S3250800E4A00137052FF3D196E7F44504D90131BC4208BF0223F4E70132BC4208BF0123EFE7A2
S3250800E4C0132922D80A2303FB016600231F461A461946184640F64A3E36F802CBBCF5917F47
S3250800E4E007D20130BC4208BF00230137052FF3D171E7F44504D90131BC4208BF0223F4E787
S3250800E5000132BC4208BF0123EFE700231A461946184660E7281E00206740533A010D503B41
S3250800E5203C1F0020A81E0020B21E002073B5064600246D4621462846FFF71CFF95E80300CB
S3250800E54006EBC4030134142C83E80300F2D102B070BD00BF30B514228BB00DEB0200002140
S3250800E5600EF0C6F900244A4B00941A6B494842F004021A631A6B02F004020092009A01947A
S3250800E5801A6B42F080021A631A6B02F080020192019A02941A6B42F001021A631A6B02F04C
S3250800E5A001020292029A03941A6B42F002021A631A6B02F002020392039A04941A6B42F04F
S3250800E5C008021A631B6B03F00803049322464CF20371049B04F006F82E480122F02104F042
S3250800E5E001F822462C484FF4004103F0FBFF2B480122042103F0F6FF224629484FF4607137
S3250800E60003F0F0FF4FF4005305A9224807940125CDE9053403F086FE4CF2F37305A91D487E
S3250800E620CDE90535CDE9074403F07CFE4FF4806305A91B480794CDE9053403F073FE41F216
S3250800E6401002032305A916480794CDE9052303F069FE4FF4004305A90F48CDE90535CDE964
S3250800E660074403F05FFE042305A90C48CDE90535CDE9074403F056FE4FF46073084805A97C
S3250800E680CDE90535CDE9074403F04CFE0BB030BD003802400008024000000240000C024042
S3250800E6A000040240034803686FF010021A610C2108F0ADBFF8200020084A136853B192ED4B
S3250800E6C0017A07EE903AB8EE477AF8EE677A87EE270A70479FED020A704700BF141F002006
S3250800E6E00000000008B5FFF7E7FFDFED027A20EE270A08BD0000C84210B5154B2DED028B51
S3250800E700186882B000B3134CDFED138A07EE900A2046B8EE678A0CF0CDF823689B6A0133AD
S3250800E720B0FBF3F007EE900A28EE288AF8EE677A88EE270A88EE800A12F0E6F8FCEEC07A74
S3250800E740CDED017A9DF8040002B0BDEC028B10BD141F0020F820002000007A4410B5134BBC
S3250800E760134CDFED147A2DED028B93ED008AB8EE488A82B0204628EE278A0CF09BF8236830
S3250800E7809B6A0133B0FBF3F007EE900AB8EE670A88EE000A12F0B8F8FCEEC07ACDED017A73
S3250800E7A09DF8040002B0BDEC028B10BD141F0020F820002000007A444FF4005108B5084615
S3250800E7C0FFF726FD80F00100C0B208BD08B5FFF793FF58B10A280AD014280AD01E280AD0DA
S3250800E7E028280AD032280CBF0520FF2008BD0120FCE70220FAE70320F8E70420F6E708B5EC
S3250800E8002DED028BFFF76EFFB0EE408AFFF7DEFF052849D8DFE800F0030D0D22343424488D
S3250800E820042103F0D9FEB0FA80F04009BDEC028B08BDF1EE047A9FED1F7A38EE678AC7EE2F
S3250800E840087AB7EE007A77EEC77A9FED1B7A67EE877AFDEEE77A17EE900AE7E7F2EE0E7ACB
S3250800E860B4EEE78AF1EE10FA1CD4DFED147AB4EEE78AF1EE10FAD4BF4FF0FF300020D5E76B
S3250800E880DFED0F7AB4EEE78AF1EE10FA0CD5DFED0D7AB4EEE78AF1EE10FACCBF01204FF0FE
S3250800E8A0FF30C3E70120C1E74FF0FF30BEE700BF000402400000B442000096440000AA42D4
S3250800E8C000005C420000344238B50F4D02682B689A4210D1037F082B0DD104210B480C4CB0
S3250800E8E003F07AFE0C2138B1284607F039FCA368A060C31A236038BD284607F031FCA368F2
S3250800E900E060C01A6060F6E7F820002000040240141F00200000000008B5064A06490748B6
S3250800E920102300F0F3FC054A0023938153821382D38108BD00080240C81F0020241F0020FA
S3250800E94007B500230B486946CDE9003300F0FFFC60B9084ABDF800309381BDF806305382D0
S3250800E960BDF804301382BDF80230D38103B05DF804FB00BF241F0020014B9889704700BFC4
S3250800E980241F0020014B588A704700BF241F0020014B188A704700BF241F0020014BD8898B
S3250800E9A0704700BF241F002008B51D4B9FED1D7A9B8907EE903AF8EEE77A2DED028B67EE02
S3250800E9C0877ADFED198A17EE900A0CF0D5F912A3D3E900230CF052FB0CF01EFD134B1B786B
S3250800E9E008EE100A8BB1FDF757FBC0EE287A9FED107A67EE877AF4EEC87ABDEC028BF1EE82
S3250800EA0010FA94BF0120002008BDFDF745FB9FED097AC0EE287AECE72D431CEBE2366A3FE7
S3250800EA20241F0020CD74E63900401C463C1F0020AE47613F52B85E3F38B505460C4651B120
S3250800EA400C200CF0D1FE0346286030B10020C3E90140186038BD0420FCE70520FAE738B58B
S3250800EA600C460546D8B1D1B18A680AB10B681360236803B19A60EA686068A24204BFA26849
S3250800EA80EA602A69A24208BF2B610CF0B5FE20460CF0B2FE2B68013B2B60002038BD042000
S3250800EAA0FCE737B50D4604461146B8B1B2B1002301A80193FFF7C0FF70B9019B2A681A60D3
S3250800EAC0E2682B60AA4218BF1A689D6014BF9360E36023680133236003B030BD0420FBE720
S3250800EAE010B5D8B1D2B10468B1EB540F0AD8C3680020844201D1012010BD88420BD09B6871
S3250800EB000130F6E70369601E8442F4D9884202D01B680138F8E713600020EDE70420EBE7C8
S3250800EB2038B5044614200D460CF05EFE28B10023C0E90145C0E90333036038BD70B505461F
S3250800EB4078B1C46824B928460CF056FE204670BD60680CF051FEA66820460CF04DFE3446DC
S3250800EB60F0E70420F3E7036810B50A46044643B90C30FFF761FF18B9E36823610123236013
S3250800EB8010BDBDE81040C168FFF78BBF37B50446B8B1B1B1056825B903B0BDE83040FFF732
S3250800EBA0E2BF002301A80193FFF746FF38B9019B2269986001351A6093602361256003B09C
S3250800EBC030BD0420FBE72DE9F0410E4617460446D0B1CAB1C1B1C5684FF0000823684345FD
S3250800EBE002D80120BDE8F081A36869683046984730B13A4629462046BDE8F041FFF751BFB3
S3250800EC00AD6808F10108E9E70420EBE737B51546044680B17AB10268013A8A420ED301AA1F
S3250800EC20FFF75EFF40B901992A46204603B0BDE83040FFF736BF042003B030BD0120FBE790
S3250800EC40F8B50D460446E8B1E1B14368E3B1C66800272368BB4205D829462046BDE8F84086
S3250800EC60FFF794BF6368716828469847002806DB2A4631462046BDE8F840FFF712BFB66834
S3250800EC800137E6E70420F8BD0320FCE72DE9F0410E4617460446C8B1C1B1BAB18368BBB193
S3250800ECA0D0F80C8000252368AB4201D8012007E0A368D8F804103046984718B13D600020AA
S3250800ECC0BDE8F081D8F808800135ECE70420F7E70220F5E713B5144601AAFFF701FF10B923
S3250800ECE0019B5B68236002B010BD28B1036813B1C368586870471846704728B1036813B1DE
S3250800ED000369586870471846704700B100687047F8B50B461546044688B181B1C7680026BA
S3250800ED202268B24201D80020F8BD796818462A460EF0BDFF0346BF6801362B44F0E704201F
S3250800ED40F2E7F8B50E460446A8B1A1B1C56800272368BB4201D80120F8BDA36869683046F9
S3250800ED60984728B129462046BDE8F840FFF777BEAD680137ECE70420EEE713B5044650B1C4
S3250800ED8001AAFFF7ADFE38B90199204602B0BDE81040FFF764BE042002B010BD2DE9F0417F
S3250800EDA09046044670B10026C76835462368B34202D82846BDE8F0817868C0470136BF6811
S3250800EDC00544F3E74FF0FF35F3E7F8B507460C200E4615461C460CF007FDC0E900653860D8
S3250800EDE00481F8BD00680CF007BD30B585B004468DF8071001F0CCF8054694F851305BB18A
S3250800EE0001F0C6F8C82301220DF10701204605F01BF948B1032005E001F0BAF8401B092882
S3250800EE20EBD9022005B030BD01F0B2F8054694F851306BB101F0ACF8C82301220DF10F017C
S3250800EE40204605F09EFA0028E4D19DF80F00E9E701F09EF8401B0928E9D9E2E708B590F87D
S3250800EE605130002BFBD0C82305F0EEF818B1BDE8084000F0C3B908BD2DE9F74304460E4672
S3250800EE8015461F4601F084F88146236893F85130012B5FFA83F823D12B0A218960688DF8B9
S3250800EEA005304FF0030900228DF806508DF8049003F098FB20684A4601A9FFF7CFFF01F0B1
S3250800EEC067F805462068C8233A46314605F059FA022811D021896068012203F083FB07E0D0
S3250800EEE001F056F8A0EB09000928CED94FF00208404603B0BDE8F08301F04AF8401B092800
S3250800EF00E0D9F3E773B504460523018940688DF8043000228DF8002003F064FB2068012207
S3250800EF2001A9FFF79BFF01F033F806462068C8230122694605F025FA02280FD001F028F8AE
S3250800EF40801B09280FD89DF8005015F00105EDD121896068012203F045FB05E001F018F894
S3250800EF60801B0928E2D90225284602B070BD13B5044601894068002203F034FB062320684F
S3250800EF808DF8043001A90122FFF768FF21896068012203F027FB02B010BD13B50022044623
S3250800EFA00189406803F01EFB04230DEB030120688DF804300122FFF751FF218960680122A3
S3250800EFC003F010FB02B010BD2DE9F7431546026804468846994692F85130012BDFB2FAD107
S3250800EFE02046FFF7C4FF0223218960688DF8043000222B0A8DF805308DF8065003F0F2FAC9
S3250800F0002068032201A9FFF729FF0525206864234A46414605F018F80228064606D10520A6
S3250800F020013D00F0D7FF15F0FF05EFD121896068012203F0D7FA2046FFF764FF2046FFF781
S3250800F040ACFF012E08BF0327384603B0BDE8F0832DE9F04712F01F080746894614461D463F
S3250800F06003F01F0A20D11F2B15D95D0902EB4515ADB22023224649463846FFF7A5FF0128B6
S3250800F08010D12034A4B2AC4209F12009F1D15346224649463846FFF797FF012802D101204D
S3250800F0A0BDE8F0870320FBE7C8F120061F2BB6B20FD85645EFD23346FFF786FF0128F1D16E
S3250800F0C0AAF120034344A2199BB292B209EB0601E0E73346FFF778FF0128E3D1203D18FA9D
S3250800F0E085F534441FFA85F8C5F34A151FFA84FA04EB45144E44A4B2A24505D118F01F03B5
S3250800F100CDD052463146C5E72023524631463846FFF75AFF0128C5D10AF1200A1FFA8AFAE9
S3250800F1202036E9E737B5044601258DF805108DF80450FFF71CFF21896068002203F052FAE8
S3250800F140206801A90222FFF789FE218960682A4603F048FA2046FFF720FF03B030BD00009C
S3250800F16030B595B01022002109A80DF0C1FB1422002102A80DF0BCFB00251E4B00951A6C3C
S3250800F18042F080521A641B6C03F080530093009B194B01951A6842F440421A601B6803F43C
S3250800F1A0404301930122019B4FF48033CDE9072302244FF480030821CDE90D4307A8B423F4
S3250800F1C0CDE90F13CDE91144139404F0CFFB03F0F5FA0F23CDE902344FF4A0504FF4805390
S3250800F1E0CDE90503052102A8049503F0C1FD15B030BD00BF0038024000700040704700BF18
S3250800F20073B504460D46164601894068002203F0E9F91E2300932A46B3B22946206804F002
S3250800F220C0FF218905460122606803F0DBF9284602B070BD07B580B1890041F00201130A46
S3250800F2408DF804108DF8062001A903228DF80530FFF7D6FF03B05DF804FB0120FAE707B543
S3250800F26020B94FF0FF3003B05DF804FB8900FF238DF80410032201A98DF805308DF80630AA
S3250800F280FFF7BEFF0028ECD1BDF80500C0BAEAE730B50C4685B010B309B34FF0FF33002A3D
S3250800F2A0CDE901334FF00B02CDF80B3001A90CBF052315238DF80430FFF7A2FF68B9A11E05
S3250800F2C001AB06345A7813F8025F120202F470622A4321F8022FA142F4D105B030BD0120FE
S3250800F2E0FBE708B50021FFF7BAFF40F3072008BD08B50021FFF7B3FFC0F3C01008BD08B5E7
S3250800F3000021FFF7ACFF00F07F0008BD10B5044660B1C0E900120381642000F05BFE204657
S3250800F3200022BDE810401421FFF784BF012010BD08B510B94FF6FF7008BD0431890001F09E
S3250800F340FC01FFF78CFF0028F4DB80B2F4E713B50C46A8B100230122694600930193FFF798
S3250800F36097FF58B9BDF800302380BDF802306380BDF80430A380BDF80630E38002B010BDAD
S3250800F3800120FBE70000000070B5144D144C00262846266026710BF08DFA2B68DFED116A69
S3250800F3A09A6A0132B0FBF2F207EE902AF8EE677AB1EE047A67EE877A6FF0020287EEA67A98
S3250800F3C031462846BCEEC77A83ED0D7A1A6107F079FE00F0DDFDA06070BD00BF88210020F0
S3250800F3E0401F002000007A4438B5674C2379002B40F0C38001232371236823680A22B3FB40
S3250800F400F2F102FB1133CBBB40F29B10FCF70EF84FF4D170FCF70AF840F2A310FCF706F80F
S3250800F42040F29D10FCF702F84FF4CF70FBF7FEFF40F29F10FBF7FAFF40F2A510FBF7F6FFE7
S3250800F44040F2CE40FBF7F2FFFFF77AFA58B9FFF79FFA07EE900A9FED4D0AF8EEE77A27EEA3
S3250800F460800AFEF77FFA00F093FDA368C01AB0F57A7F01D3FCF71AFEFEF76AFB2568142386
S3250800F480B5FBF3F203FB125545BB4FF4D070FBF7CDFF40F2A110FBF7C9FF4FF4D270FBF70F
S3250800F4A0C5FF4FF4CE70FBF7C1FF40F2CF40FBF7BDFF4FF49A60FBF7B9FF40F2D140FBF73C
S3250800F4C0B5FF0AF0CDFC4FF48061314803F084F8014600284CD10A20FEF71AFC23682368C4
S3250800F4E06422B3FBF2F102FB113383B94FF4CD60FBF79CFF40F26960FBF798FF00F048FDB4
S3250800F500A368C01AB0F57A7F01D3FCF759FD2368C822B3FBF2F102FB1133EBB9FEF784FCDD
S3250800F520D0B90AF081FC07EE900AF8EE677A17EE900A0BF021FC12A3D3E900230BF09EFD86
S3250800F540144B00220BF0B8FA0BF066FF00EE100AFEF79AFCFEF784FC23684FF47A72B3FB9F
S3250800F560F2F102FB113343B9BDE8384000F0F6BA29460A20FEF7F8FBB0E738BDAFF3008071
S3250800F5807B14AE47E17A0440401F0020CD74E639000402400000344038B503685D6A037F00
S3250800F5A0012B044623D10BF085F92268DFED106A936A0133B0FBF3F307EE903AF8EE677A42
S3250800F5C0B1EE047A67EE877A87EEA67AFCEEC77A17EE903A2B445363064B1A68013204BF2D
S3250800F5E000221A601A6801321A6000221A7138BD00007A44401F00200148202102F0ECBF2C
S3250800F6000008024002462021014802F0EBBF00BF000802400148802102F0DEBF000402405C
S3250800F62002468021014802F0DDBF00BF000402400148042102F0D0BF000C0240024604214D
S3250800F640014802F0CFBF00BF000C024002484FF4806102F0C1BF00BF0008024002464FF452
S3250800F6608061014802F0BEBF0008024010B504460120FFF7C7FF0120FFF7E0FF14B120468C
S3250800F68000F0A8FCBDE810400120FFF7C9BF00BF10B504462DED028BB0EE408A0BF00AF959
S3250800F6A02268DFED148A936A0133B0FBF3F307EE903AF8EE677A204667EE887A87EEA87AAC
S3250800F6C0BCEEC77A82ED0B7A0BF0F4F823689B6A0133B0FBF3F007EE900AF8EE677A27EE99
S3250800F6E0880AC0EE287ABDEC028BFCEEE77AC4ED037A10BD00007A44B5EEC00AF1EE10FA8A
S3250800F7001FD4F7EE007AB4EEE70AF1EE10FA18DC0368D3ED0B7AF8EE677A67EE807AFCEE69
S3250800F720E77A11B9C3ED0D7A7047042902D1C3ED0E7A7047082902D1C3ED0F7A7047C3ED0F
S3250800F740107A70472DE9F0410D4C9DF818800D460646174619464FEA480204F10A000EF0B2
S3250800F760A6FA0023C4E90035012384F80880A777E37729463046BDE8F04107F015BD00BFF3
S3250800F7804C1F002007F010BD034BDA7F0AB10022DA7707F067BD00BF4C1F002010B40123EA
S3250800F7A00B7400230B72094B93F82020032A0AD0541C83F8204003EB82035DF8044B5962D9
S3250800F7C0096807F0F1BC5DF8044B70474C1F00202DE9F04F2DED048B974CE37F85B08146E1
S3250800F7E093B30368DFED958A93ED0B8A0BF062F8D9F80060A77FB36A2568B8EE488A013348
S3250800F800B0FBF3F007EE900A28EE288AF8EE677A012F88EE277A87EE288A32D0022F23D09A
S3250800F820002F3FD09FED867AD6ED0B7A6368F8EE677A67EE877AFCEEE77A002B40F0B480E6
S3250800F840C6ED0D7A0135256094F820707D4E9FED7E7A0024A446E3B29F4200F2B18005B0DE
S3250800F860BDEC048BBDE8F08F217A6789DFED746A0020B7EE006AC3B2994279D807EE901A7A
S3250800F8800BE0227A6789DFED6E6A0021B7EE006ACBB29A4255D807EE902AF8EEE77A86EE1F
S3250800F8A0A77AC1E7A246DFED668A1AF8088FB7EE009AFBB2984508D84FEA480807EE908AE3
S3250800F8C0F8EEE77A88EEA77AAEE73AF802BF07EE90BAB8EEE77A013727EE087AC9EE077A67
S3250800F8E0FCEEE77A17EE900AB5FBF0F300FB13500BF020FACDE9000158460BF02BFA4CA3A6
S3250800F900D3E900230BF090FACDE9020118EE100A0BF032FA02460B46DDE902010BF084FA9A
S3250800F92002460B46DDE900010BF07EFA0BF074FD00EE100A10F0AEFF30EE090A78EE808A24
S3250800F940B7E707EE907AB8EEE77A013127EE087AC6EE077AFCEEE77A17EE903AB5FBF3F04A
S3250800F96003FB1050B0EB530F88BF76EE866A8FE707EE907AB8EEE77A013027EE087AC6EE8B
S3250800F980077AFCEEE77A17EE903AB5FBF3F203FB125207EE902AB8EE677A07EE903AF8EEEC
S3250800F9A0677AC7EE276A66E7042B02D1C6ED0E7A48E7082B0CBFC6ED0F7AC6ED107A41E7BA
S3250800F9C056F8043B1A7CFAB1197ADA6891422BD2D9F800205D68D2ED0B6AD3F800E0481CAD
S3250800F9E0C0B218726B5C06EE103AB8EE466AF8EE666AC6EE077A67EEA67AFCEEE77ABEF148
S3250800FA00000F03D1C2ED0D7A013424E7BEF1040F02D1C2ED0E7AF7E7BEF1080F0CBFC2ED95
S3250800FA200F7AC2ED107AEFE783F810C0ECE700BF182D4454FB2119404C1F002000007A44A8
S3250800FA4000000000701F002000007F430000000007B51848FEF7E4F81748FEF7E1F80823E2
S3250800FA600093144B183345F2555203F108003021FDF707FF1148FDF7F9FE90ED000A0D48F6
S3250800FA80FEF7D4F800F084FA01460A48FEF7D1F80A48FDF7EBFE90ED010A0748FEF7C6F819
S3250800FAA000F076FA0146044803B05DF804EBFEF7C0B800BF801F00208C1F0020A01F0020B9
S3250800FAC0F0B52DED028B224C83B0064604F12000FDF7CCFE03C8CDE90001FEF75FFF07EE42
S3250800FAE0900A9FED1C7AF8EEE77AB2EE048A67EE877A9FED197AC7EE878AFEF711F8314617
S3250800FB00204604F10C0520EE280A80EE080AFEF794F8FEF705F83146284620EE280A80EEA5
S3250800FB20080AFEF78AF895E80700FEF7B3F894E807008DED010AFEF7ADF8694604F12000A4
S3250800FB408DED000AFDF794FE03B0BDEC028BF0BD801F00206666E63F00F07F450148FDF756
S3250800FB6039BE00BFA01F002008B52DED028B9FED0C8A0C48B0EE480AFEF758F80021094861
S3250800FB80FEF757F80848B0EE480AFEF74FF8BDEC028B0548BDE808400021FEF74AB800BF50
S3250800FBA0000000008C1F0020801F002008B50E4B93E80700FEF760F810EE100A0BF0DCF8E1
S3250800FBC007A3D3E900230BF059FA084B00220BF02BF90BF021FC00EE100A08BDAFF30080A5
S3250800FBE0CDCCCCCCCC4CB8408C1F002000005940024B93E80700FEF73FB800BF801F002019
S3250800FC00024B93E80700FEF737B800BF8C1F002010B5044608461146002202F0E3FC94F866
S3250800FC205130012BFBD110BD10B403460846114693F85140012CE2B2FAD15DF8044B02F080
S3250800FC40D1BC104A08B5104B13604FF482710023C2E901131146D360136153614FF40070A7
S3250800FC601822C1E906020B624B628B6208460A23CB6204F076F918B1BDE80840FFF7BEBA54
S3250800FC8008BD00BFC81F0020003001401048114A08B54FF48273C0E916230023C0E91833B9
S3250800FCA0C0E91A33C0E91E33C0F880304FF4007128220A23C0E91C12C0F88430583004F0F4
S3250800FCC050F918B1BDE80840FFF798BA08BD00BFC81F0020003800401048114A08B54FF419
S3250800FCE08273C0E92C2301214FF400720023C0E931122822C0E92E33C0E93323C0E93533BF
S3250800FD00C0F8C0300A23C0F8DC30B03004F029F918B1BDE80840FFF771BA08BDC81F0020A3
S3250800FD20003C0040F0B504468DB01422002107A80CF0DEFD2368414A934223D1404B0021A5
S3250800FD4000915A6C42F480525A645A6C02F480520092009A01911A6B42F001021A631B6B6F
S3250800FD6003F001030193E020019B0223CDE9070303240523CDE90A43324807A902F0D2FA2F
S3250800FD800DB0F0BD304A934221D12D4B002102911A6C42F480421A641A6C02F480420292B0
S3250800FDA0029A03911A6B42F002021A631B6B03F002030393039B4FF460420223CDE9072331
S3250800FDC003210523CDE90A13204807A9D6E7204A9342D5D11A4B1F48002404941A6C42F4F8
S3250800FDE000421A641A6C02F400420492049A05941A6B42F004021A631A6B02F0040205925C
S3250800FE00059A06941A6B42F002021A631B6B03F002030693069B02274FF4C05303260625D8
S3250800FE2007A9CDE90737CDE90A6502F07BFA0823CDE90737CDE909460B95C5E700300140A3
S3250800FE4000380240000002400038004000040240003C00400008024008B5174A03689342F6
S3250800FE600BD102F584321548536C23F480535364E021BDE8084002F027BB114A934209D162
S3250800FE8002F500324FF46041136C23F4804313640C48EEE70C4A93420CD102F5FE324FF4DC
S3250800FEA0C051136C094823F40043136402F00CFB0821EDE708BD00BF003001400000024055
S3250800FEC00038004000040240003C0040000802407047704710B5094B4FF0FF3200241A62F9
S3250800FEE01C625A625C621A611C615A615C619A619C61FFF7EEFF204610BD00BF0038024045
S3250800FF0070B50E4E4FF47A733278B3FBF2F30C4A05461068B0FBF3F001F016FE044650B9E6
S3250800FF200F2D08D8024629464FF0FF3001F0A8FD7560204670BD0120FCE700BF600200202F
S3250800FF406802002008B50B4B1A6842F400721A601A6842F480621A601A6842F480721A601A
S3250800FF60032001F07BFD0020FFF7CAFF02F06AFB002008BD003C0240034A044B11681B78A6
S3250800FF800B441360704700BFD020002060020020014B1868704700BFD0200020014B58682B
S3250800FFA0704700BF6002002038B5064C2578854206D020706068FFF7A3FF00B1257038BD97
S3250800FFC00020FCE760020020014B1878704700BF6002002038B50446FFF7DAFF631C1CBF5A
S3250800FFE0054B1B78054618BFE418FFF7D1FF431BA342FAD338BD00BF600200204FF0E022A5
S32508010000136923F00203136170474FF0E022136943F00203136170474FF084707047024BBB
S325080100201868000C704700BF002004E0024B1868C0F30B00704700BF002004E0024A53689F
S3250801004043F0010353607047002004E0024A536823F0010353607047002004E0024A536859
S3250801006043F0020353607047002004E0024A536823F0020353607047002004E0024A536837
S3250801008043F0040353607047002004E0024A536823F0040353607047002004E0024B0122AA
S325080100A0C3F80024704700BF00002742024B0022C3F80024704700BF00002742014BD3F82F
S325080100C0100A70470070FF1F014BD3F8140A70470070FF1F014BD3F8180A70470070FF1FBA
S325080100E0704738B50446002800F09B80056C25B9F8F746F9656484F83C50236CDB0600F121
S325080101008E80236C23F4885323F0020343F002032364454B5A6822F440325A605A6861684B
S325080101200A435A60236821695A6822F480725A605A6842EA01225A605A68A16822F04072B6
S325080101405A605A680A435A609A68E16822F400629A609A680A439A603449A26A8A4252D090
S32508010160996821F07061996099680A439A609A68E16A22F040529A609A680A439A609A6816
S3250801018022F002029A609A68217E42EA41029A6094F82020002A3ED05A68616A42F400620D
S325080101A05A605A6822F460425A605A68013942EA41325A60DA6AE16922F47002DA62DA6A57
S325080101C0013942EA0152DA629A6822F400729A609A6894F8301042EA41229A609A68616974
S325080101E022F480629A609A68002042EA81229A606064236C23F0030343F0010323640023C6
S3250801020084F83C3038BD9A6822F070629A609A6822F04052B2E75A6822F40062C9E70120C8
S32508010220EDE70120EEE700BF002301400100000F704738B50446A0B1036C43F00203036465
S3250801024003689A6822F001029A609D6815F0010503D1F8F79BF965642564002084F83C0082
S3250801026038BD0120FCE782B00023019390F83C30012B69D0012380F83C3003689A68D207E6
S325080102800BD59A68D1071AD4036C43F010030364436C43F0010343644CE09A682B4942F02A
S325080102A001029A602A4A1268B2FBF1F202EB42020192019A002AE4D0019A013AF8E7026C54
S325080102C022F4E06222F0010242F4807202645A68520541BF026C22F4405242F48052026477
S325080102E0026C12F480521CBF426C22F006024264002280F83C206FF022021A60154A516855
S3250801030011F01F0F14491CD18B4207D001F580718B420CD1526812F01F0F0BD19A6812F056
S32508010320405F07D19A6842F080429A6002E00B498B4202D0002002B07047526812F0100F0E
S32508010340EBE78B42F6D1E9E70220F4E740420F006802002000230140002001400022014018
S3250801036090F83C30012B14D003689A6822F001029A609B68DB0707D4036C23F4885323F0BA
S32508010380010343F001030364002380F83C30184670470220704703689A68520570B5044684
S325080103A00D460BD59B68DE0508D5036C43F020030364002380F83C30012070BDFFF7E8FDDC
S325080103C0064623681A6891070CD56FF012021A60226C42F4007222649A6812F0405F17D009
S325080103E00020EAE7681CEDD065B923681B6813F00203E6D1226C84F83C3042F0040222649D
S325080104000320DAE7FFF7C4FD801BA842EDD8D8E7227E002AE4D1DA6A12F4700F02D09B680C
S325080104205A05DDD4236C23F480732364236CDB04D6D4236C43F001032364D1E7F8B5044669
S325080104400D461646FFF7A4FD074623681A6835EA02020AD1012D226C1ED142F480322264D6
S325080104606FF001021A6000200FE0721CEED06EB923681B6835EA0303E7D0236C43F004035C
S325080104802364002384F83C300320F8BDFFF780FDC01BB042ECD8D8E742F480622264626CB4
S325080104A042F0020262646FF02002DBE782B00023019390F83C30012B6FD0012380F83C309E
S325080104C003689A68D2070BD59A68D1071AD4036C43F010030364436C43F00103436452E044
S325080104E09A682F4942F001029A602E4A1268B2FBF1F202EB42020192019A002AE4D0019AEA
S32508010500013AF8E7026C22F4E06222F0010242F4807202645A68520541BF026C22F440521A
S3250801052042F480520264026C12F480521CBF426C22F006024264002280F83C206FF0220236
S325080105401A605A6842F0806242F020025A60164A516811F01F0F15491CD18B4207D001F501
S3250801056080718B420CD1526812F01F0F0BD19A6812F0405F07D19A6842F080429A6002E0BE
S325080105800B498B4202D0002002B07047526812F0100FEBE78B42F6D1E9E70220F4E700BF03
S325080105A040420F006802002000230140002001400022014090F83C30012B1DD0012380F840
S325080105C03C3003689A6822F001029A609A68D2070DD45A6822F0806222F020025A60036C55
S325080105E023F4885323F0010343F001030364002380F83C30184670470220704737B513460B
S325080106000022019290F83C20012A044600F088800568012280F83C20AA68D00752D5AA683F
S32508010620D20562D4AA68D00771D5206C20F4E06020F0010040F4807020646A68520541BFAD
S32508010640206C20F4405040F480502064226CA06B12F480521CBF626C22F0060262640022B7
S3250801066084F83C202F4AC2632F4A02642F4AC2646FF022022A606A6842F080626A60AA68A8
S3250801068042F48072AA600A4605F14C0101F025FC274A2368516811F01F0F264934D18B424F
S325080106A007D001F580718B4224D1526812F01F0F23D19A6812F0405F1FD19A6842F0804244
S325080106C09A601AE0AA6842F00102AA601A4A10681A4AB0FBF2F000EB40000190019A002A78
S325080106E09DD0019A013A0192F8E7AA6822F48072AA6097E712498B4202D0002003B030BDDA
S32508010700526812F0100FD3E78B42F6D1D1E7236C43F010032364636C43F001036364ECE7ED
S325080107200220EBE701090108C1070108EB08010800230140002001406802002040420F00F6
S325080107400022014010B590F83C30012B044630D00268012380F83C30936823F00103936081
S32508010760936813F0010322D19168806B21F48071916090F83520022A17D101F0E7FB18B10D
S32508010780236C43F0400323642268536823F080635360236C23F4885323F0010343F0010301
S325080107A02364002384F83C3010BD1846ECE70020F7E70220F8E70368D86C704770477047C7
S325080107C008B5806BFFF7FBFF08BD70477047036870B51E685D68B20704462BD5A80629D5B5
S325080107E0226CD1065EBF226C42F4007222649A6812F0405F17D1227EAAB9DA6A12F4700F55
S3250801080002D09A6852050ED45A6822F020025A60236C23F480732364236CD8045EBF236CD5
S3250801082043F0010323642046F7F7EEFE23686FF012021A60710733D52A0631D5236CDB060D
S325080108405EBF236C43F40053236423689A6812F4401F1ED19A6B12F4401F02D09A68500558
S3250801086017D45A68510514D49A6812F0405F10D1227E72B95A6822F080025A60236C23F479
S3250801088080532364236CDA055EBF236C43F001032364204600F0B2FB23686FF00C021A60A2
S325080108A0F30710D568060ED523681B68D9070AD5236C43F4803323642046FFF786FF2368C0
S325080108C06FF001021A60B2060ED56B010CD5636C43F00203636423686FF020051D60204685
S325080108E0FFF774FF23681D6070BD806B08B540230364436C43F004034364FFF767FF08BD28
S32508010900836B1A6C12F0500F10B51A6C23D142F400721A641A68916811F0405F17D1197EF4
S32508010920A9B9D16A11F4700F02D0916848050ED4516821F0200151601A6C22F480721A64E5
S325080109401A6CD1045EBF1A6C42F001021A641846F7F75AFE10BDD20603D51846FFF736FF2D
S32508010960F8E79B6BBDE81040DB6C1847F7B50023019390F83C30012B054600F08680012300
S3250801098080F83C3008682B688E68092884B233D904EB4402DF681E3A4FF0070C0CFA02FCCE
S325080109A027EA0C07DF60DF6806FA02F23A43DA604968062901EB81022DD8596B053A1F2637
S325080109C0964021EA06015963596B04FA02F20A435A632F4A93420AD1122837D12D4B5A68FF
S325080109E022F400025A605A6842F480025A60002085F83C0003B0F0BD1A6900EB400C0727C1
S32508010A0007FA0CF722EA07021A611A6906FA0CF616431E61CCE70C294FF01F010BD81E6B23
S32508010A20233A914026EA01011963196B04FA02F20A431A63CDE7DE6A413A914026EA010151
S32508010A40D962D96A94400C43DC62C2E7124B984201D01128CBD10F4B5A6822F480025A60B4
S32508010A605A6842F400025A600B4B9842BFD10B4B0B4A1B68B3FBF2F30A2253430193019B40
S32508010A80002BB4D0019B013BF8E70220B2E700BF00200140002301401200001068020020F6
S32508010AA040420F0010B590F83C30012B024626D0012380F83C300368087C012858680CBFC8
S32508010AC040F0400020F04000586058680C6820F4400020F400705860586820435860486840
S32508010AE05862886898625868898920F01F005860586801430020596082F83C0010BD022008
S32508010B00FCE7006C7047406C704700BF806B40230364436C43F004034364FFF757BE806B63
S32508010B20FFF74DBE836B1A6C12F0500F23D11A6C42F400721A641A68916811F0405F17D12D
S32508010B40197EA9B9D16A11F4700F02D0916849050ED4516821F0200151601A6C22F48072A9
S32508010B601A641A6CD2045EBF1A6C42F001021A641846F7F749BD9B6BDB6C184782B00023E3
S32508010B80019390F83C30012B4FD0012380F83C3003689A68D1070BD59A68D2071AD4036C0E
S32508010BA043F010030364436C43F00103436439E09A681F4942F001029A601E4A1268B2FBAB
S32508010BC0F1F202EB42020192019A002AE4D0019A013AF8E7026C22F4405222F0010242F4D0
S32508010BE080520264026C12F4807208BF4264002280F83C206FF004021A600F4A526812F0F1
S32508010C001F0F9A6859680AD102F4401201F480610A4302BF9A6842F480029A6002E00748E8
S32508010C208342F1D0002002B070470220FBE700BF40420F00680200200023014000200140F3
S32508010C4082B00023019390F83C30012B53D0012380F83C3003689A68D1070BD59A68D20751
S32508010C601AD4036C43F010030364436C43F0010343643DE09A68214942F001029A60204AAC
S32508010C801268B2FBF1F202EB42020192019A002AE4D0019A013AF8E7026C22F4405222F021
S32508010CA0010242F480520264026C12F4807208BF4264002280F83C206FF004021A605A684A
S32508010CC042F080025A600F4A526812F01F0F9A6859680AD102F4401201F480610A4302BF8A
S32508010CE09A6842F480029A6002E007488342F1D0002002B070470220FBE700BF40420F009D
S32508010D0068020020002301400020014090F83C20012A034624D0012280F83C20026CD005EF
S32508010D2018D41A685168490514D4916821F0010191609268D20704D50020002283F83C2085
S32508010D4070471A6C22F4885222F0010242F001021A64F1E71A6C42F020021A640120ECE76B
S32508010D600220704770B504460D46FFF711F9064623681A6850070CD56FF00C021A60226CC3
S32508010D8042F4005222649A6812F4401F15D000200CE06A1CEDD055B923681B6813F0040375
S32508010DA0E6D10422226484F83C30032070BDFFF7EFF8801BA842EFD8DAE79A6B12F4401F35
S32508010DC002D09A685105E2D45A685205DFD49B6813F0405FDBD1237E002BD8D1236C23F4EC
S32508010DE080532364236CDB05D1D4236C43F001032364CCE790F83C20012A034628D0012203
S32508010E0080F83C20026CD2051CD402685168480518D4916821F0010191609168C90704D5BF
S32508010E200020002283F83C207047516821F0800151601A6C22F4885222F0010242F0010217
S32508010E401A64EDE71A6C42F020021A640120E8E70220704782B00023019303686FF0040257
S32508010E6001391A60032905D8DFE801F00B0907029B6C0193019802B070475B6CF9E71B6C06
S32508010E80F7E7DB6BF5E737B513460022019290F83C20012A04466BD00122056880F83C2051
S32508010EA0AA68D2070BD5AA68D0071BD4236C43F010032364636C43F00103636451E0AA6814
S32508010EC042F00102AA602B4A10682B4AB0FBF2F000EB40000190019A002AE4D0019A013ACA
S32508010EE00192F8E7206C20F4E06020F0010040F4807020646A68520541BF206C20F440507F
S32508010F0040F480502064226CA06B12F480521CBF626C22F006026264002284F83C20174AE5
S32508010F20C263174A0264174AC2646FF002022A606A6842F080626A6094F83050124A9DB1DC
S32508010F40556845F4005555600A46104900F0C5FF23689A6812F0405F02BF9A6842F0804240
S32508010F609A60002003B030BD556825F40055EAE70220F7E76802002040420F00250B010858
S32508010F801F0B01080D0B0108002301400823014010B590F83C30012B044625D0012380F85E
S32508010FA03C3003689A6822F001029A609B68DB0718D40E4A806B536823F40053536000F05E
S32508010FC0C5FF2268536823F080635360236C23F4885323F0010343F001032364002384F85B
S32508010FE03C3010BD0020F9E70220FAE700230140014B9868704700BF002301407047F0B5C0
S3250801100090F83C30012B064600F0B580012380F83C300C6803688868092CA5B26CD905EB98
S325080110204502DF681E3A4FF0070C0CFA02FC27EA0C07DF60DF6800FA02F23A43DA609A6B11
S32508011040D1F810C022F440129A639A6B0CF1FF3042EA005248689A63C21CA2EB0C02D2B22A
S325080110609F6B02EB82024FF01F0C0CFA02FC27EA0C079F639F6B95403D438A699D633F4D74
S32508011080AA4248D09D6825F470259D609D682A439A609A68CD6922F440129A609A682A4318
S325080110A09A604A7D002A3ED05A6842F480625A600A7D002A3BD05A6842F480525A6002282A
S325080110C0CA682F4937D003283CD0012841D158690140596159690A435A612A4A934207D137
S325080110E0122C3DD1D2F8043343F48003C2F80433002086F83C00F0BD1A6904EB440C072772
S3250801110007FA0CF722EA07021A611A6900FA0CF01043186193E79A6822F470229A609A68C7
S3250801112022F44012BCE75A6822F48062BFE75A6822F48052C2E798690140996199690A4357
S325080111409A61CAE7D8690140D961D9690A43DA61C3E7186A01401962196A0A431A62BCE777
S32508011160094B9C4201D0112CC2D1084A536843F400035360BCE70220BDE700BF01000F005B
S3250801118000F0FFFF00200140120000100023014010B590F83C30012B02461CD00F4B586838
S325080111A020F01F00586058680C6820435860586820F44040586058684C682043586058688F
S325080111C020F4706058605868896801430020596082F83C0010BD0220FCE700BF00230140EB
S325080111E0704738B5044600286ED090F820300BB9F9F776FF2268136843F001031360FEF7E7
S32508011200C7FE054623685A68D10751D51A6822F002021A60FEF7BCFE054623685A68920772
S3250801122054D4227E012A1A680CBF42F0800222F080021A60627E012A1A680CBF42F04002D1
S3250801124022F040021A60A27E012A1A680CBF42F0200222F020021A60E27E012A1A680CBF3F
S3250801126022F0100242F010021A60227F012A1A680CBF42F0080222F008021A60627F012A86
S325080112801A680CBF42F0040222F004021A60D4E902210A4321690A4361690A43616801390A
S325080112A00A43DA6100200123606284F820300CE0FEF76EFE401B0A28A4D9636A43F4003337
S325080112C06362052384F82030012038BDFEF760FE401B0A28A1D9F0E7704730B590F820308B
S325080112E0013B012B77D83F4BD3F8002242F00102C3F80022D3F8002222F47C52C3F80022F1
S32508011300D3F80022486A42EA0022C3F800224A69D3F81C5202F01F040120A04025EA0005DE
S32508011320C3F81C52CD69C443002D35D1D3F80C522540C3F80C52CB688D8845EA0345D300CC
S3250801134003F1804303F5C8430A88C3F840528D6842EA0542C3F844228A69224B8ABBD3F8EC
S3250801136004222240C3F804220A6972BBD3F814221440C3F814420B6A012B1A4B02BFD3F85D
S325080113801C220243C3F81C22D3F8002222F00102C3F80022002030BD012DDDD1D3F80C52D1
S325080113A00543C3F80C520B688D8845EA0345D30003F1804303F5C8438A89C3F840528D68DC
S325080113C0C6E7D3F804220243CCE7D3F814220243C3F81422CFE7436A43F48023436201202E
S325080113E0D9E700BF0064004038B590F82030012B04461FD10268022380F82030136823F0AB
S3250801140001031360FEF7C4FD05462368586810F0010001D1606238BDFEF7BAFD401B0A2837
S32508011420F3D9636A43F400336362052384F820300120F0E7436A43F400234362F8E738B571
S3250801144090F82030022B044622D10268136843F001031360FEF79CFD054623685A68D207AD
S3250801146008D51A6822F002021A60012384F82030002038BDFEF78CFD401B0A28EDD9636ACB
S3250801148043F400336362052384F820300120F0E7436A43F480134362F8E710B5044670B1F7
S325080114A0FFF7CDFF2046F9F7C9FE22681368002043F400431360606284F8200010BD0120E0
S325080114C0FCE790F82030013B012B06D80268136843F00203136000207047436A43F480230E
S325080114E043620120704713B50022019290F82020013A012A034617D802680D4C116821F030
S32508011500020111600199013101910199A14205D95A6A42F400325A62012003E0506810F0EB
S325080115200200EFD102B010BD426A42F48022F2E740420F0090F82030013B012B9DBF036866
S325080115405868C0F3400000207047F0B590F820600568013E012EAC6844D814F0E05F3DD0EA
S32508011560C4F30164032C05D1436A43F40003436201202BE00120A0401860D1E9020704F152
S32508011580180320BB08681B0147EA4057EF5005EB04130E69C3F88461097D012908BFD3F853
S325080115A084114FEA041004BF41F48071C3F8841105445168C5F88C111268C5F88821D3F8FA
S325080115C0802142F00102C3F880210020F0BD4E6838431B0140EAC600E850D8E7436A43F4E5
S325080115E00013C4E7436A43F48023C0E790F82030013B012B16D8CB0741BF0268936843F058
S32508011600800393608A0741BF0268936843F4004393604B0741BF0268936843F400039360FE
S3250801162000207047436A43F4802343620120704790F82030013B012B0CD8036898689A682F
S325080116409B681201C0F3806048BF0130DB0002D5013070470020704790F82030013B012BE9
S3250801166009D803689B6803EA8163B3EB816F14BF0120002070470020704790F82030013BF7
S32508011680012B0AD891FAA1F30268B3FA83F3183302EB03135868000C704700207047F0B534
S325080116A090F82040013C012C6CD8066841B9F468A40707D1436A43F4001343620120F0BDD4
S325080116C03469F5E706EB01150C01D5F8B07107F004079760002F4BD1D5F8B0717F0D17604B
S325080116E0D5F8B07107F00207D760D5F8B47107F00F071761D5F8B471D5F8B4512644C7F357
S3250801170007272D0C97615561D6F8B8211A7002682244D2F8B821120A5A7002682244D2F881
S32508011720B821120C9A7002682244D2F8B821120EDA7002682244D2F8BC211A7102682244EA
S32508011740D2F8BC21120A5A7102682244D2F8BC21120C9A7102682244D2F8BC21120EDA716A
S32508011760036851B9DA6842F02002DA600020A6E7D5F8B071FF085760B2E71A6942F020024C
S325080117801A61F3E7436A43F4802396E790F82030013B012B07D8036819B9D86800F0030052
S325080117A070471869FAE70020704790F82030013B012B05D802685369194351610020704702
S325080117C0436A43F4802343620120704790F82030013B012B06D80268536923EA01015161F1
S325080117E000207047436A43F480234362012070477047704770477047704770477047704747
S32508011800704770477047704770472DE9F84F03685E69D3F80490D3F80880D3F80CB0D3F893
S3250801182010A09F6916F00104054627D018F0010F07D0012218F0020F9A6000F0A580FFF764
S32508011840D7FF002418F4807F0AD02B684FF4807218F4007F9A6000F0A6802846FFF7C9FF0B
S3250801186018F4803F0AD02B684FF4803218F4003F9A6000F0A8802846FFF7BCFF310707D59C
S325080118801BF0100F1FBF2B68102244F40074DA60720708D51BF0080F05D02B680822DA6042
S325080118A02846FFF7ACFFB30706D52B68DB68980702D02846FAF746F9710607D51AF0100F14
S325080118C01FBF2B68102244F480641A61B20608D51AF0080F05D02B6808221A612846FFF798
S325080118E090FFF30606D52B681B69980702D02846FAF79AFAB10308D519F0100F05D02B68DA
S3250801190010225A602846FFF77DFFF20308D519F0080F05D02B6808225A602846FFF773FFD8
S32508011920330428D519F0040F2A6822D0F00544BF07F001031C43B10503D5BB0748BF44F0E7
S325080119400204700503D5790748BF44F0040433050FD517F070030CD0402B54D043D8202BFB
S325080119604BD0302B4CD0102B44D0936923F070039361042353602CB16B6A23436B622846D4
S32508011980FFF742FFBDE8F88F18F0040F05D118F0080F05D1FFF72FFF53E74FF4006451E7B2
S325080119A04FF480544EE718F4806F02D044F4005456E718F4006F02D044F4804450E7284648
S325080119C0FFF71AFF4CE718F4802F02D044F4004454E718F4002F02D044F480344EE72846D6
S325080119E0FFF70BFF4AE7502B10D0602BBDD144F48074BAE744F00804B7E744F01004B4E7A5
S32508011A0044F02004B1E744F04004AEE744F08004ABE790F820200346D0B2013A012A0AD895
S32508011A201B685A68920705D41B6813F0020F18BF0320704704207047406A704790F8203084
S32508011A40013B012B8BBF436A002343F4802343628ABF436218460120704700BF0749CA6811
S32508011A6022F4E0620302120403F4E063120C134343F0BF6343F40033CB60704700ED00E0C8
S32508011A80164B30B5DC68C4F30224C4F10703251D042B28BF0423062D4FF0FF358CBF033C62
S32508011AA0002405FA03F321EA0303A54022EA0502A340002843EA0203ACBF00F16040084A6A
S32508011AC04FEA0313B8BF00F00F00DBB2AABF00F56140135480F8003330BD00BF00ED00E01B
S32508011AE014ED00E0002807DB4109044A00F01F000123834042F82130704700BF00E100E09C
S32508011B0000280CDB4309064900F01F0020330122824041F82320BFF34F8FBFF36F8F704752
S32508011B2000E100E0BFF34F8F0549064BCA6802F4E0621343CB60BFF34F8F00BFFDE700BFC9
S32508011B4000ED00E00400FA050138B0F1807F0BD24FF0E023054A5861F02182F823100020C8
S32508011B60072298611A6170470120704700ED00E0BFF35F8F044B5A6A22F480325A62002204
S32508011B80C3F89420704700BF00ED00E0064B40F00100C3F894005A6A42F480325A62BFF399
S32508011BA04F8FBFF36F8F704700ED00E0144A437810B5C2F898300178E9B14368C2F89C3060
S32508011BC0C37A047B1B0643EA04730B43817A43EAC143417B43EA8143817B43EA4143C17B65
S32508011BE043EA0143417A43EA0123017A43EA4103C2F8A03010BDC2F89C10C2F8A010F9E766
S32508011C0000ED00E0024BD868C0F30220704700BF00ED00E070B50028AEBF00F16040124C9A
S32508011C2000F00F0001F00701AABF00F56140205C90F80003C1F107040D1D042C28BF042471
S32508011C40062D4FEA10108CBF033900214FF0FF3505FA04F420FA01F68D4026EA040420EAD7
S32508011C6005001460186070BD14ED00E0002808DB4309044900F01F0001224033824041F812
S32508011C802320704700E100E00028A1BF43094033054A52F82330A3BF00F01F0023FA00F0C9
S32508011CA000F001000020704700E100E0002808DB4309044900F01F0001226033824041F828
S32508011CC02320704700E100E00028A1BF43098033054A52F82330A3BF00F01F0023FA00F049
S32508011CE000F001000020704700E100E04FF0E02304281A690CBF42F0040222F004021A61C5
S32508011D007047704708B5FFF7FCFF08BD036810B5084C0246D9B210391820B1FBF0F0205CF3
S32508011D20D06523F47F7020F003005F2988BF0430906510BDA01B020870B50446FEF728F937
S32508011D400546002C60D0022384F835302268002384F83430136823F0010313602268136830
S32508011D60D8072ED413683248A1691840D4E901352B43E5682B4325692B4365692B43E5697A
S32508011D800B432B43256A2B430343606A042802BFD4E90B5635432B4313605369042823F00C
S32508011DA0070343EA000335D1A06AE56A03438DB391B9012820D030F002012BD1E90129D58B
S32508011DC01DE0FEF7E5F8401B0528C7D920230320636584F8350070BDB1F5005F16D10328DA
S32508011DE018D801A151F820F0FF1D0108BD1D0108FF1D0108F91D0108B5F1C07F0AD140237A
S32508011E006365012384F835300120E4E70228F6D90328D3D053612046FFF778FFE26D3F23FB
S32508011E209340836000200123606584F83530D2E73F8010F038B5054620B390F83530022B56
S32508011E40DCB21DD003681A6822F0010200241A6021221C605C609C60DC601C615A61FFF777
S32508011E6055FFEA6D3F239340C5E90F44C5E91144C5E9134483606C6585F8344085F83540D3
S32508011E80204638BD0124FBE730B590F83440012C21D0012480F8344090F83540012C4FF058
S32508011EA0000416D1022580F8355044650468256825F48025256063608368402B0BBFA2603A
S32508011EC0A160E160E260236843F001032360002030BD80F834400220FAE770B590F834400D
S32508011EE0866D012C30D0012480F8344090F83540012C4FF0000425D1022580F83550446572
S32508011F000468256825F48025256063608368402B0EBFA260A160E260C26D08BFE1603F23B2
S32508011F209340B360236843F016032360036C1BB1236843F008032360236843F00103236086
S32508011F40002070BD80F834400220FAE770B50446866DFEF71DF894F83530022B054606D08B
S32508011F60802363650120002384F8343070BD23681A6822F016021A605A6922F080025A61D3
S32508011F80226C0AB9A26C1AB11A6822F008021A601A6822F001021A602368186810F00100D3
S32508011FA007D1E26D3F239340B360012384F83530D9E7FDF7EDFF401B0528EDD9202303204A
S32508011FC0636584F83500CEE790F83530022B03D080234365012070470268052380F8353045
S32508011FE0136823F001031360002070472DE9F84F04460E469046FDF7CBFF94F83530022B49
S32508012000814605D080236365002384F8343006E023681B68D90504D54FF4807363650120DD
S3250801202031E0E76DF6B92023A56D296803FA07F74FF0080A4FF0010B0F4202D1636DDA072B
S3250801204012D5636D002B44D0636DDB0741D52046FFF77CFFE26D30239340AB60012384F8BC
S325080120603530D1E71023DFE7B8F1FF3F13D0B8F1000F0AD120236365012384F835300023AB
S3250801208084F834300320BDE8F88FFDF781FFA0EB09004045EED8E36D29680AFA03F20A4289
S325080120A01FBF606D40F001006065AA600BFA03F20A421FBF606D40F002006065AA6004224E
S325080120C002FA03F30B421FBF606D10436065AB60B2E7E26D4EB930239340AB60012384F824
S325080120E0353084F834600020CDE710239340AB60F9E7F7B5002301935B4B856D1F68C36DE5
S325080121002E6808229A40324204460CD001680868400708D5086820F004000860AA60626DBA
S3250801212042F00102626501229A40324208D021684969090641BFAA60626D42F0020262652B
S3250801214004229A40324208D021680968880741BFAA60626D42F00402626510229A40324243
S3250801216010D02368196809070CD5AA601A68500337D51B68190301D4236C00E0A36C0BB1DA
S3250801218020469847E16D20228A4032423AD023681868C60636D5AA6094F83520052A1A6895
S325080121A027D122F016021A605A6922F080025A61226C0AB9A26C1AB11A6822F008021A6020
S325080121C03F238B40AB60012384F83530002384F83430236D002B45D0204603B0BDE8F040F2
S325080121E018471A68D2055EBF1A6822F008021A60C2E7500327D51B68190331D4636C0BB1BC
S3250801220020469847636D6BB3636DDA0719D522684FF41653B7FBF3F7052384F83530136887
S3250801222023F001031360019B0133BB42019302D81368DB07F7D4012384F83530002384F8FE
S325080122403430E36CC6E71A6812F4807208D1196821F010011960012384F8353084F83420CB
S32508012260E36BCCE703B0F0BD6802002010B5034690F8340001281DD093F83540012CE0B2C5
S3250801228016D1052906D8DFE801F003090B0D0F11DA630020002283F8342010BD1A64F8E7C8
S325080122A05A64F6E79A64F4E7DA64F2E71A65F0E70120EFE70220F0E710B590F83420012A72
S325080122C0034627D090F835400122944280F83420E0B21DD10022062907D8DFE801F0040A77
S325080122E00C0E10171200DA630020002283F8342010BD1A64F8E75A64F6E79A64F4E7DA6452
S32508012300F2E7C3E90F22C3E91122DA641A65EBE71046EAE70220EBE790F835007047406D4E
S32508012320704700BF2DE9F74FDFF89891634A00230D6801249C4004EA0506AC4340F0AB8033
S325080123404D68032705F003044FEA430807FA08FC671E012F6FEA0C0C34D8876807EA0C0EDE
S32508012360CF6807FA08F747EA0E078760476827EA060EC5F300179F4047EA0E074760C7684C
S3250801238007EA0C0E8F6807FA08F747EA0E07022CC76019D14FEAD30A00EB8A0A03F0070B0D
S325080123A0DAF820704FEA8B0B4FF00F0E0EFA0BFE27EA0E0E0F6907FA0BF747EA0E07CAF8C0
S325080123C0207001E0032CDAD1076804FA08F407EA0C073C4315F4403F04605CD000240194E6
S325080123E0D9F8444044F48044C9F84440D9F8444023F0030707F1804704F4804407F59C377C
S32508012400019403F0030C019CD7F808E04FEA8C0C0F2404FA0CF42EEA040E294CA04241D02E
S3250801242004F58064A0423FD004F58064A0423DD004F58064A0423BD004F58064A04239D061
S3250801244004F58064A04237D004F58064A04214BF0724062404FA0CF444EA0E04BC6094686A
S32508012460F74315F4801F0CBF3C4034439460D46815F4001F0CBF3C403443D460546815F49E
S32508012480003F0CBF3C40344354601468ED0354BF3C40344314600133102B7FF449AF03B009
S325080124A0BDE8F08F0024D5E70124D3E70224D1E70324CFE70424CDE70524CBE7003C01403B
S325080124C000000240003802402DE9F04F404C00224FF0010A4FF00F084FF0030B0AFA02FC3F
S325080124E03CEA01030CEA010660D122F0030505F1804505F59C3502F00307AB68BF0008FA05
S3250801250007F909EA030E334B984254D003F58063984252D003F58063984250D003F58063A5
S3250801252098424ED003F5806398424CD003F5806398424AD003F58063984214BF0723062319
S32508012540BB40734513D1236823EA06032360636823EA06036360E36823EA0603E360A3685E
S3250801256023EA0603A360AB6823EA0903AB60056853000BFA03F3D60825EA030500EB8606D5
S32508012580056002F00705376AAD0008FA05F527EA05073762C56825EA0305C560456825EAA4
S325080125A00C054560856825EA030383600132102A94D1BDE8F08F0023C2E70123C0E70223BF
S325080125C0BEE70323BCE70423BAE70523B8E700BF003C01400000024000690840003818BFB1
S325080125E0012070470AB1816170470904FBE7436901EA030221EA030141EA024181617047FF
S3250801260082B04FF480330193019B0B430193019BC361C161019BC361C3690193C06980F472
S325080126208030C0F3004002B070477047044A5169014208B502D05061FFF7F7FF08BD00BFCD
S32508012640003C014082B00C4B002100915A6C42F480425A645A6C02F480420092009A0191FB
S325080126601A6C42F080521A641B6C03F080530193019B02B0704700BF0038024038B50A4BE2
S325080126800A4D0122C3F8A420FDF782FC04466B681B0701D5002038BDFDF77AFC001BB0F56C
S325080126A07A7FF4D90320F6E700000E420070004038B50A4B0A4D0022C3F8A420FDF768FCB3
S325080126C00446686810F0080000D138BDFDF760FC001BB0F57A7FF4D90320F6E700000E42DD
S325080126E000700040014B01225A62704700000E42014B00225A62704700000E42024B1868EB
S3250801270000F44040704700BF0070004073B50022274C0092236C43F080532364236C03F023
S3250801272080530093009BA36803F00C03082B05463CD0204B1A66FDF72BFC0646236813F012
S3250801274000731ED11C4A0193136823F440432B4313601368164D03F440430193019B154B30
S3250801276001221A66FDF714FC04462B689A0110D5FDF70EFC104D04466B685B040FD500206B
S3250801278005E0FDF705FC801B0228D7D9032002B070BDFDF7FDFB001B0228E6D9F6E7FDF718
S325080127A0F7FB001BB0F57A7FE6D9EFE70120EEE700380240000047420070004037B5002312
S325080127C00193184B184D1A6C42F080521A641B6C03F080530193019B144B01221A64FDF715
S325080127E0D7FB04466B68DA030BD5104B0E4D01225A64FDF7CDFB04466B689B030AD5002011
S3250801280006E0FDF7C5FB001BB0F57A7FEAD9032003B030BDFDF7BCFB001BB0F57A7FEBD9A8
S32508012820F5E700BF003802400070004000000E4237B5184B184D002101911A6C42F0805283
S325080128401A641B6C03F080530193019B134B5964FDF79EFB04466B6813F4003310D10F4A35
S325080128600D4D1364FDF794FB0446686810F480300DD0FDF78DFB001BB0F57A7FF5D905E062
S32508012880FDF786FB001BB0F57A7FE4D9032003B030BD00BF003802400070004000000E4242
S325080128A082B000230193154B1A6C42F080521A641B6C134A03F080530193019B536843F4EC
S325080128C040235360136843F440231360136823F4406323F00303034313600A4B1A69012942
S325080128E042F004021A6107D130BF1A69002022F004021A6102B0704720BFF6E7003802407A
S325080129000070004000ED00E0002070472DE9F341044640B30368DE0710D423689D075BD43B
S325080129202368190700F19D8023685A0700F1BD80A369002B40F0248100202CE08D4B9A68A3
S3250801294002F00C02042A07D09A6802F00C02082A0BD15B68590208D5864B1B689A03DCD5B6
S325080129606368002BD9D1012015E06368814DB3F5803F13D12B6843F480332B60FDF708FBAF
S325080129807C4E054633689B03C7D4FDF701FB401B6428F7D9032002B0BDE8F081B3F5A02F36
S325080129A004D12B6843F480232B60E3E72A6822F480322A602A6822F480222A60002BDDD1E0
S325080129C0FDF7E6FA06462B689F03A6D5FDF7E0FA801B6428F7D9DDE7664B9A6812F00C0FBF
S325080129E007D09A6802F00C02082A11D15B685D020ED4604A1368990702D5E368012BB2D141
S32508012A001368216923F0F80343EAC103136087E7E268594BB2B101221A60FDF7B9FA554D8B
S32508012A2006462B689B0707D52B68226923F0F80343EAC2032B6073E7FDF7AAFA801B0228CA
S32508012A40EFD9A7E71A60FDF7A3FA4A4E054633689F077FF565AFFDF79BFA401B0228F6D97D
S32508012A6098E76269444B82B10122C3F8802EFDF78FFA404E0546736F9B073FF555AFFDF7A9
S32508012A8087FA401B0228F6D984E7C3F8802EFDF77FFA384E0546736F9F077FF545AFFDF75C
S32508012AA077FA401B0228F6D974E7324B1A6C12F0805228D101921A6C42F080521A641B6CF5
S32508012AC003F080530193019B01272C4D2B68D8051BD5A368274D012B27D12B6F43F001037C
S32508012AE02B67FDF755FA234E054641F28838336F9A0739D5002F3FF41BAF1E4A136C23F0CC
S32508012B008053136414E70027DFE72B6843F480732B60FDF73DFA06462B68D905D9D4FDF7A3
S32508012B2037FA801B0228F7D934E7052B04D12B6F43F004032B67D0E72A6F22F001022A6744
S32508012B402A6F22F004022A67002BCAD1FDF720FA41F2883806462B6F9B07CBD5FDF718FA2F
S32508012B60801B4045F7D915E7FDF712FA401B4045BDD90FE70038024000004742007000403B
S32508012B803A4DAA6802F00C02082A3ED0022B384B4FF000021A662BD1FDF7FAF906462B681A
S32508012BA099011FD4D4E907321343626A43EA8213E26A43EA0263A26A5208013A43EA0243AE
S32508012BC06B602B4B294D01221A66FDF7E1F904462B689A013FF5B0AEFDF7DAF9001B0228A8
S32508012BE0F6D9D7E6FDF7D4F9801B0228D7D9D1E6FDF7CEF904462B689B017FF59DAEFDF766
S32508012C00C7F9001B0228F6D9C4E6012B3FF4ABAE6B68E26903F4800191427FF4A4AE216AB6
S32508012C2003F03F028A427FF49EAE616A47F6C0721A40B2EB811F7FF496AEA26A520803F4E1
S32508012C404031013AB1EB024F7FF48DAEE16A03F07062B2EB016F7FF486AE226B03F0E043B7
S32508012C60B3EB027F14BF0120002094E6003802400000474270B5224C88B00E461546F8B96A
S32508012C800190236B43F001032363236B079003F001030193019B4FF4807C0223CDE903C31D
S32508012CA00323CDE9050303A91648FFF73BFBA36823F0EC6343EA06012943A16008B070BDF8
S32508012CC000230293226B104842F004022263226B079302F004020292029A4FF40071022264
S32508012CE0CDE90312032203A9CDE90532FFF71AFBA36823F0784343EA060141EAC501DCE770
S32508012D00003802400000024000080240014B0122DA64704700004742014B0022DA6470474E
S32508012D2000004742104908B58B6803F00C03082B18D14A684B6849680C4813F48003C1F32C
S32508012D40881118BF002302F03F02A1FB000108F003FC054B5B68C3F3014301335B00B0FBC3
S32508012D60F3F008BD0148FCE7003802400024F4002DE9F0410D46044610B90120BDE8F081FA
S32508012D80434B1A6802F00F028A4228D321688F072DD4C80740D43E4B1A6802F00F02AA424D
S32508012DA065D8226851076BD4130707D5394A2169936823F4604343EAC103936000F0EEFC30
S32508012DC0344B354A9B68C3F30313D35CD840334B1860334B1868FDF793F80020CEE7CAB20C
S32508012DE01A701B6803F00F038B42C6D1CEE7294B11F0040F1EBF9A6842F4E0529A600E07BB
S32508012E0042BF9A6842F460429A609A68A06822F0F00202439A60BCE762681E4B012A1CD193
S32508012E201B6813F4003FA8D01A4EB36823F003031343B360FDF7ACF841F288380746B3684A
S32508012E40626803F00C03B3EB820FA4D0FDF7A0F8C01B4045F3D9032090E7911E01291B6846
S32508012E6002D813F0007FDEE713F0020FDBE7EAB21A701B6803F00F03AB427FF47EAF90E79A
S32508012E800449E0688B6823F4E05303438B608BE7003C024000380240A81B0208680200205F
S32508012EA064020020014B1868704700BF68020020044B054A9B68C3F38223D35C034A1068C1
S32508012EC0D840704700380240B81B020868020020044B054A9B68C3F34233D35C034A106873
S32508012EE0D840704700380240B81B0208680200200F2303601E4B1A68510356BF1A684FF465
S32508012F00A02202F4803242601A6802F00102C2601A68C2F3C40202611A6F520756BF1B6F1C
S32508012F20052303F001038360114B5A6F02F0010242611A6812F0807F0CBF0122022282614B
S32508012F405A6802F48002C2615A6802F03F0202625A68C2F3881242625A6802F4403202F5D6
S32508012F608032D20B82625B68C3F30363C3627047003802400F2303600B4B9A6802F00302B6
S32508012F8042609A6802F0F00282609A6802F4E052C2609B68DB0803F4E0530361034B1B6827
S32508012FA003F00F030B60704700380240003C0240704710B5044CE3681B0603D5FFF7F8FFE6
S32508012FC08023A37310BD00BF0038024003682DE9F74313F0010604460BD0AE49866BD1F888
S32508012FE08C2022F0C0623243B6FA86F6C1F88C2076099A070CD5A748E16BD0F88C2022F01A
S32508013000C0520A43C0F88C20002908BF46F0010613F0040512D09F49256BD1F88C20B5F52C
S32508013020801F22F4401242EA050218BFB5FA85F5C1F88C2012BF6D09002501261F0710D544
S325080130409448616BD0F88C2022F440020A43B1F5800FC0F88C2000F06E81002908BF45F003
S325080130600105980633D5002301938A4B8A4F1A6C42F080521A641B6C03F080530193019BAB
S325080130803B6843F480733B60FCF782FF80463B68D90540F152817F4F3B6F13F4407340F098
S325080130A05781236C03F44072B2F5407F794A40F07481916823F0704021F4F81120F4407005
S325080130C001439160116FC3F30B030B4313672368D80642BF714B94F85820C3F8E02123682F
S325080130E0190608D56B49E06CD1F8942022F440020243C1F894205A0608D56649A06CD1F87D
S32508013100942022F080620243C1F89420DF050DD56048616DD0F8942022F000620A43C0F815
S325080131209420B1F1006F08BF45F00105980508D55849606CD1F8942022F080520243C1F873
S325080131409420590540F12D815249226DD1F8943023F000531343B2F1005FC1F8943040F04D
S3250801316043814F4B4B4F00229A66FCF711FF06463B681A0100F11D812268D30701D5A36B42
S325080131801BB1970715D5E36B9BB94249D1F88430D1F8840003F4403300F07060034360689D
S325080131A00343A06843EA8013606943EA0073C1F88430560703D5236BB3F5801F05D0100726
S325080131C020D5636BB3F5800F1CD13249D1F88430D1F8840003F4403300F0E040034360682C
S325080131E00343A06843EA8013206943EA0063C1F88430D1F88C00A36A20F01F00013B034319
S32508013200C1F88C3051051BD5236DB3F1005F17D120486668D0F88410D0F8843003F0E04345
S325080132203343A668C1F30141013143EA861343EA4163E1684908013943EA0143C0F884308B
S32508013240120511D52369A2681B0643EA821362681343626943EA0273E2685208013A43EA50
S3250801326002430C4AC2F884300D4B0A4F01229A66FCF78EFE06463B681B0140F1A180012D58
S3250801328057D1074B034E00221A67FCF781FE054608E000BF0038024000700040001047428A
S325080132A00000474233689F0000F1918021684D0701D5236B1BB108071AD5636BC3B94B4A50
S325080132C0A069D2F8883003F440330343E06943EA8013606A43EA0063C2F88830D2F88C3049
S325080132E0E06A23F4F853013843EA0023C2F88C30CA0514D5636DB3F1006F10D13B49A26909
S32508013300D1F8883003F070631343E26943EA8213226A5208013A43EA0243C1F88830344B71
S32508013320324D01221A67FCF733FE04462B689B0054D5002009E0012693E6FCF729FEA0EB48
S32508013340080002287FF6A3AE032003B0BDE8F083226C02F4407293423FF4A3AE3B6F244AD1
S325080133600121C2F8401E23F440730021C2F8401E3B673B6FDA077FF594AEFCF709FE41F2F1
S32508013380883980463B6F9B073FF58BAEFCF700FEA0EB08004845F5D9D6E7916821F4F8112B
S325080133A08FE6012E3FF4DDAEB3F5006F7FF467AFD7E6FCF7EDFD801B02287FF6D9AEC3E7F7
S325080133C0FCF7E6FD801B02287FF655AFBCE7FCF7DFFD401B02287FF665AFB5E7FCF7D8FDE6
S325080133E0001B0228A2D9AFE7012EDFE7003802400000474240F2FF7303603C4BD3F8842073
S3250801340002F03F024260D3F88420C2F388128260D3F88420C2F3014201325200C260D3F84F
S325080134208420C2F303620261D3F88420C2F302724261D3F8882002F03F028261D3F8882025
S32508013440C2F38812C261D3F88820C2F30142013252000262D3F88820C2F303624262D3F89B
S325080134608C2002F01F028262D3F88C20C2F30422C262D3F88C2002F440120263D3F88C2089
S3250801348002F440024263D3F88C2002F0C0628263D3F88C2002F0C052C26399681A6F01F4B1
S325080134A0F81102F440720A430264D3F8942002F080628264D3F8942002F44002C264D3F8B8
S325080134C0942002F000624265D3F8942002F080524264D3F8942002F000520265D3F88C3094
S325080134E0C3F3006380F85830704700BF003802400138072815D8DFE800F06477140414148D
S3250801350014044C4BD3F88C2002F47002B2F5401F61D008D8B2F5801F0ED0B2F5001F40D0FD
S325080135201AB300207047B2F5000F3AD0B2F5400F56D0B2F5800FF4D15A68D3F884303E4A38
S3250801354003F03F03B2FBF3F33A4AD2F88410D2F88400C0F388105843C1F30363B0FBF3F0D6
S32508013560D2F88C3003F01F0317E05A68D3F88830314A03F03F03B2FBF3F32E4AD2F8881048
S32508013580D2F88800C0F388105843C1F30363B0FBF3F0D2F88C30C3F304230133B0FBF3F017
S325080135A070475A6823495B68234A03F03F03B2FBF3F34A684868C0F388105843C2F30273AD
S325080135C0ECE71C4BD3F88C2002F0C062B2F1806F24D002D8A2B119487047B2F1C06FA0D109
S325080135E0144B15485B687047124BD3F88C2002F0C052B2F1805F11D0ECD9B2F1C05FEEE7EF
S325080136005A68D3F884300C4A03F03F03B2FBF3F3084AD2F88400D2F88420CCE75A685B68F6
S32508013620054A03F03F03B2FBF3F3024A50685268C1E700BF003802400024F4000080BB0072
S32508013640044B1A6F01280CBF42F0080222F008021A677047003802401A4B002270B59A66D9
S325080136600446FCF795FC184D06462B681A011CD4E36862681B0643EA8213226813432269BB
S3250801368043EA0273A2685208013A43EA0243C5F884300C4B0C4D01229A66FCF779FC044672
S325080136A02B681B0108D5002005E0FCF771FC801B0228DAD9032070BDFCF76AFC001B0228A4
S325080136C0EED9F7E7000047420038024038B5094B094D00229A66FCF75BFC0446286810F056
S325080136E0006000D138BDFCF753FC001B0228F5D90320F7E70000474200380240194B0022B6
S3250801370070B51A670446FCF743FC174E054633689A0019D4E3686268134D1B0643EA82134E
S3250801372022681343A2685208013A43EA0243C6F888300C4B01221A67FCF72AFC04462B6822
S325080137409B0008D5002005E0FCF722FC401B0228DDD9032070BDFCF71BFC001B0228EED92B
S32508013760F7E700BF000047420038024038B5094B094D00221A67FCF70BFC0446286810F08C
S32508013780005000D138BDFCF703FC001B0228F5D90320F7E7000047420038024010B51C4CCE
S325080137A0A36803F00C03082B03D00C2B1AD0194810BD626863686168164813F48003C1F39E
S325080137C0881118BF002302F03F02A1FB000107F0C3FE0F4B5B68C3F3014301335B00B0FB6E
S325080137E0F3F0E5E76268636861680A4813F48003C1F3881118BF002302F03F02A1FB0001BA
S3250801380007F0AAFE024B5B68C3F30273E7E700BF003802400024F40070B54F4CFCF7B8FB3A
S32508013820236843F001030546236023689E076ED5236843F080032360FCF7AAFB0023A360F4
S32508013840454C054641F28836A36813F00C0F65D1FCF79EFB236823F4502323603E4C054634
S325080138602368980360D4FCF793FB236823F080732360394C0546236899015BD4FCF788FBB0
S32508013880236823F080632360334C054623681A0156D4FCF77DFB236823F0805323602E4CA2
S325080138A0054623689B0051D42C4B6360C4F8843003F16043C4F88830E368294A23F4F8538E
S325080138C0E360E36823F40053E360E36823F48043E360E36843F41F03E360E36843F40013BA
S325080138E0E360E36843F48003E360636F23F001036367636F43F0807363671A4B1A601A4B75
S325080139001868FCF7FDFA003818BF012005E0FCF73FFB401B022888D9032070BDFCF738FB90
S32508013920401BB04290D9F7E7FCF732FB401B642896D9F1E7FCF72CFB401B02289BD9EBE7B1
S32508013940FCF726FB401B0228A0D9E5E7FCF720FB401B0228A5D9DFE70038024010300024C5
S325080139600024F40068020020640200202DE9F3410446002831D00368DF0710D423689E07EE
S3250801398067D42368190700F1B28023685A0700F1D280A369002B40F03981002034E0984BA8
S325080139A09A6802F00C02042A10D09A6802F00C02082A02D15B685D0208D4914B9A6802F013
S325080139C00C020C2A0BD15A68510208D58C4B1B689A03D3D56368002BD0D1012014E06268B1
S325080139E0B2F5803F13D11A6842F480321A60FCF7CFFA834E054633689B03BFD4FCF7C8FA31
S32508013A00401B6428F7D9032002B0BDE8F0817C4DB2F5A02F2B6807D143F480232B602B6853
S32508013A2043F480332B60E2E723F480332B602B6823F480232B60002AD9D1FCF7A9FA064656
S32508013A402B689F039AD5FCF7A3FA801B6428F7D9D9E76B4B9A6812F00C0F10D09A6802F0C3
S32508013A600C02082A02D15B685E0208D5644A936803F00C030C2B11D153685D020ED4604ABA
S32508013A801368990702D5E368012BA6D11368216923F0F80343EAC103136072E7E268594B79
S32508013AA0B2B101221A60FCF773FA554D06462B689B0707D52B68226923F0F80343EAC2037A
S32508013AC02B605EE7FCF764FA801B0228EFD99AE71A60FCF75DFA4A4E054633689F077FF54C
S32508013AE050AFFCF755FA401B0228F6D98BE76269444B82B10122C3F8802EFCF749FA404ED3
S32508013B000546736F9B073FF540AFFCF741FA401B0228F6D977E7C3F8802EFCF739FA384EAF
S32508013B200546736F9F077FF530AFFCF731FA401B0228F6D967E7324B1A6C12F0805228D1C0
S32508013B4001921A6C42F080521A641B6C03F080530193019B01272C4D2B68D8051BD5A36832
S32508013B60274D012B27D12B6F43F001032B67FCF70FFA234E054641F28838336F9A0739D53F
S32508013B80002F3FF406AF1E4A136C23F080531364FFE60027DFE72B6843F480732B60FCF7AE
S32508013BA0F7F906462B68D905D9D4FCF7F1F9801B0228F7D927E7052B04D12B6F43F0040343
S32508013BC02B67D0E72A6F22F001022A672A6F22F004022A67002BCAD1FCF7DAF941F288388D
S32508013BE006462B6F9B07CBD5FCF7D2F9801B4045F7D908E7FCF7CCF9401B4045BDD902E7DA
S32508013C000038024000004742007000403C4DAA6802F00C02082A41D0022B3A4B4FF0000211
S32508013C201A662ED1FCF7B4F906462B68990122D4D4E907321343626A43EA8213E26A43EA94
S32508013C400263226B43EA0273A26A5208013A43EA02436B602B4B2A4D01221A66FCF798F9CF
S32508013C6004462B689A013FF598AEFCF791F9001B0228F6D9C7E6FCF78BF9801B0228D4D91C
S32508013C80C1E6FCF785F904462B689B017FF585AEFCF77EF9001B0228F6D9B4E6012B3FF466
S32508013CA09CAE6B68E26903F4800191427FF495AE216A03F03F028A427FF48FAE616A47F649
S32508013CC0C0721A40B2EB811F7FF487AEA26A520803F44031013AB1EB024F7FF47EAEE16A84
S32508013CE003F07062B2EB016F7FF477AE226B03F0E043B3EB027F14BF0120002084E600BF4C
S32508013D0000380240000047420F230360204B1A68510356BF1A684FF4A02202F480324260D5
S32508013D201A6802F00102C2601A68C2F3C40202611A6F520756BF1B6F052303F001038360F8
S32508013D40134B5A6F02F0010242611A6812F0807F0CBF0122022282615A6802F48002C261C0
S32508013D605A6802F03F0202625A68C2F3881242625A6802F4403202F58032D20B82625A68D0
S32508013D80C2F30362C2625B68C3F30273036370470038024082B000230093134B45F6C052BE
S32508013DA01B68B3FBF2F36422534301930368019A9AB9426D42F0400242651A6822F0400235
S32508013DC01A605A6822F0E0025A60DB680093009B072380F8513002B07047019A013A019284
S32508013DE09A689207E3D5E8E76802002003685A6822F080025A601A6822F040021A60072313
S32508013E0080F8513070472DE9F3411C4616460F460546FCF7BDF83444241AFCF7B9F8244BCA
S32508013E201B68C3F3CB336343804601932A68936837EA030301D000202EE0731CF7D0FCF740
S32508013E40A7F8A0EB0800A04229D32B685A6822F0E0025A606A68B2F5827F0AD1AA68B2F532
S32508013E60004F02D0B2F5806F03D11A6822F040021A60AA6AB2F5005F07D11A6822F400527C
S32508013E801A601A6842F400521A60012385F85130002385F85030032002B0BDE8F081019A4D
S32508013EA0019B002A03F1FF33019308BF1446BDE76802002038B513464268B2F5827F044642
S32508013EC006D00A460121FFF79EFFB8B9002038BD8268B2F5004F02D0B2F5806F07D12568C5
S32508013EE02868B2F5806F20F04000286003D00A4680212046E7E70A460121FAE7636D43F067
S32508013F00200363650320E2E737B51346124A1568124AB5FBF2F54FF47A72554342680195A3
S32508013F20B2F5827F04460BD10A468021FFF76BFF78B1636D43F020036365032003B030BD79
S32508013F40019B33B1019B013B019323689B681B06F6D40020F2E700BF6802002000366E0106
S32508013F60704710B50446002855D0436A002B4ED14268B2F5827F00D0C3610023A36294F82E
S32508013F80513003F0FF0223B984F850202046FBF7C9FE2168A068A269022384F851300B6885
S32508013FA023F040030B60636800F4044003F482730343E06800F400600343206900F002009F
S32508013FC00343606900F00100034302F400700343E06900F038000343206A00F080000343E9
S32508013FE0A06A00F4005003430B60636A120C03F0100302F004021A434A60CB6923F4006315
S32508014000CB6100200123606584F8513010BD0023C0E90433B1E70120F8E7704710B5044631
S3250801402080B10268022380F85130136823F040031360FBF711FF0020606584F8500084F845
S32508014040510010BD0120FCE72DE9F7431F4690F85030012B04460D46904600F0A08001239F
S3250801406080F85030FBF794FF94F85130012B8146D8B240F09280002D61D0B8F1000F5ED0A4
S32508014080032384F8513000236365C4E91033A4F83680A363A387E387A36826682563B3F55E
S325080140A0004FA4F8348007D1336823F040033360336843F4804333603368E2685B065EBF6B
S325080140C0336843F040033360B2F5006F63683FD113B1B8F1010F07D135F8023BF3602563A2
S325080140E0E38E013B9BB2E386E38E9BB2A3B94A4639462046FFF708FF00284BD1A36833B987
S3250801410001932368DA6801929B680193019B606D003818BF012012E022689368980705D57C
S32508014120236B33F8021BD1602363D9E7FBF730FFA0EB0900B842D7D3791CD5D00320012349
S3250801414084F85130002384F8503003B0BDE8F08313B1B8F1010F08D12B783373236B013308
S325080141602363E38E013B9BB2E386E38E9BB2002BBDD023689A68920703D5226B12781A732F
S32508014180ECE7FBF705FFA0EB0900B842EDD37B1CEBD0D3E720236365B0E70220CFE7022051
S325080141A0D3E72DE9F7431E4690F85030DDF82880012B04460D46914600F0E180012380F870
S325080141C05030FBF7E5FE94F851306268012B0746D9B20AD0B2F5827F40F0CF80A368002B69
S325080141E040F0CB80042940F0C88015B1B9F1000F09D10120012384F85130002384F85030D6
S3250801420003B0BDE8F083002EF3D094F85130C4F83890042B1CBF052384F851300023636528
S32508014220C4E910332368E687E6861968A687490658BF1968256358BF41F04001A68658BF32
S325080142401960E168B1F5006F48D10AB1012E07D135F8022BDA60E38E2563013B9BB2E3861E
S325080142600125E38E9BB263B9E38F9BB24BB93A4641462046FFF748FE002872D0202363654E
S32508014280B7E721688B689A070DD5E38E9BB253B145B1236B33F8022BCA602363E38E013B77
S325080142A09BB2E38600258A6812F001020CD0E38F9BB24BB1A36BC96823F8021BA363E38F97
S325080142C0013B9BB2E3871546FBF762FEC01B4045C7D3B8F1FF3FC4D003208BE70AB1012E3B
S325080142E008D12A781A73236B01332363E38E013B9BB2E3860125E38E9BB21BB9E38F9BB285
S32508014300002BB4D0226893689B070ED5E38E9BB25BB14DB1236B1B781373236B013323631E
S32508014320E38E013B9BB2E38600252268916811F001010DD0E38F9BB253B1A36BD2681A70EE
S32508014340A36B0133A363E38F013B9BB2E3870D46FBF71EFEC01B4045CDD3B8F1FF3FCAD0BF
S32508014360BAE7A368002B7FF445AF23680190DA6801929B680193019B3CE702203AE7022044
S325080143803EE72DE9F7431D464368B3F5827F0446894617460CD1836853B9042380F8513078
S325080143A0134600950A46FFF7FCFE03B0BDE8F08394F85030012B7FD0012384F85030FBF75C
S325080143C0E7FD94F85130012B8046D8B272D1B9F1000F5CD0002F5AD0A268C4F8389000262C
S325080143E00423B2F5004F84F85130C4E9106666652368E787A7872663A686E68607D11A6804
S3250801440022F040021A601A6822F480421A601A6856065EBF1A6842F040021A60E368F3B191
S32508014420E38F9BB2FBB123689A68D20736D5DA68A36B23F8022BA363E38F013B9BB2E3878E
S32508014440EEE723689A68D00718D5A26B1B7B1370A36B0133A363E38F013B9BB2E387E38FE2
S325080144609BB2002BEDD1424629462046FFF722FDE8B9606D003818BF012008E0FBF788FD88
S32508014480A0EB0800A842EAD3691CE8D00320012384F85130002384F8503086E7FBF778FD5F
S325080144A0A0EB0800A842BBD36B1CB9D0EEE720236365DEE70220EAE7022076E7034690F8EA
S325080144C0500001283DD0012083F8500000292DD0002A2BD093F85100012830D1032083F86C
S325080144E05100002058651963DA8617499A869863164A9887D8871864D868002818BF0A463F
S3250801450099685A64B1F5004F1A6807D1116821F040011160116841F480411160516841F078
S32508014520A00151601168490604D50020002283F850207047116841F040011160F5E702203B
S32508014540F4E70220704700BFE54B0108C54B010830B5044690F85000012844D0012084F8A6
S32508014560500094F851000128C5B208D06068B0F5827F34D1A068002831D1042D2FD1002988
S325080145802FD0002A2DD0002B2BD094F85100A38604281CBF052084F8510000206065A387B2
S325080145A0E386E387E3682163A26383B90F4A104BC4E9102323685A6842F0E0025A601A68D8
S325080145C0520607D50020002384F8503030BD094A094BEDE71A6842F040021A60F2E7022086
S325080145E0F1E70120EFE70220F0E700BF694D0108394D0108CF4D0108994D01081346826880
S3250801460070B404460D4652B94668B6F5827F06D1042280F8512070BC0A46FFF799BF94F829
S32508014620501001293CD0012184F8501094F851100129C8B232D13DB333B30020042184F8AC
S325080146405110A38760651749E3872063164BA086E0866064E068A563002818BF0B46B2F5B6
S32508014660004F2364236807D11A6822F040021A601A6822F480421A605A6842F060025A60BE
S325080146801A68520605D50020002384F8503070BC70471A6842F040021A60F4E70220F3E7EE
S325080146A00220F4E77F4C01085F4C010838B590F85030012B044654D0012380F8503090F833
S325080146C05130012BDDB24AD1002931D0002A2FD0032380F8513000234365C0E91033C28603
S325080146E083638387C38783688286B3F5004F0268016307D1136823F040031360136843F4EB
S3250801470080431360A06C184B0364184BC363184BC36400230365E38E0C329BB2FDF7DDFB18
S3250801472058B1636D43F010036365012384F85130002384F85030284638BD23681A6852067B
S325080147405EBF1A6842F040021A605A6842F020025A605A6842F002025A600025E8E7022520
S32508014760E6E70225E7E700BF1F4B0108274E0108054E010838B5044690F85000012870D0E4
S32508014780012084F8500094F851000128C5B208D06068B0F5827F62D1A06800285FD1042D96
S325080147A05DD1002933D0002A31D0002B2FD094F85100A38604281CBF052084F8510000201C
S325080147C06065E386E387A38794F851302163042BC4E9100018BF2449E06C12BF234B24494F
S325080147E0244BA263C0E90F31234BC364002321680365E38F0C319BB2FDF76FFB034658B1F8
S32508014800636D43F010036365012384F851300120002384F8503038BD2268A06C516841F0D5
S3250801482001015160C0E90F33C0E91333E38E216B9BB20C32FDF751FB0028E1D123681A682D
S3250801484052065EBF1A6842F040021A605A6842F020025A605A6842F002025A60D8E7022001
S32508014860D6E70220D7E700BF374B0108F74E01082B4B0108914E0108054E01082DE9F041EA
S32508014880876804460D4613465FB94268B2F5827F07D1042280F85120BDE8F0410A46FFF7B7
S325080148A069BF94F85020012A55D0012284F8502094F85120012AD6B24BD1002D31D0002B41
S325080148C02FD0042284F85120B7F5004F4FF000026265C4E91022E3872168A563A387A28688
S325080148E0E28607D10B6823F040030B600B6823F480430B60E06C194B0364194BC363194B78
S32508014900C36400230365E38F2A469BB20C31FDF7E4FA60B1636D43F010036365012384F809
S325080149205130002384F850303046BDE8F08123681A6852065EBF1A6842F040021A605A6888
S3250801494042F020025A605A6842F001025A600026E7E70226E5E70226E6E700BF2B4B01086E
S32508014960914E0108054E01081FB5454B45F6C0521B68B3FBF2F3642253430193019B00933E
S3250801498003685A6822F020025A605A68110604460AD53C4A4264009A002A59D1626D42F0D0
S325080149A040026265019A00925A6852060AD5364A2264009A002A53D1626D42F040026265C1
S325080149C0019A00925A68900714D5A06C90B100230365FDF7BBFA08B14023636523685A68A7
S325080149E022F002025A60009A002A41D1626D42F0400262655A68D20711D5E06C78B10023DF
S32508014A000365FDF7A3FA08B14023636523681A6822F040021A605A6822F001025A6000221C
S32508014A20E287E286616D402918BF62650292D968029199680291029903929B680393039B5E
S32508014A4014BF10460120012384F8513004B010BD009A013A009294F85120072A9BD1A1E7D2
S32508014A60009A013A009294F85120072AA1D1A7E7009A013A00929A689107B4D5BAE700BFA8
S32508014A8068020020ED3D0108953D010890F85020012A1CBF01684A6803461FBF22F0030218
S32508014AA000204A6083F8500008BF0220704790F85020012A1CBF01684A6803461FBF42F040
S32508014AC0030200204A6083F8500008BF0220704738B50446806CA0B90025E06C38B1FDF7C3
S32508014AE035FA20B1636D43F01003636501252268536823F003035360012384F85130284603
S32508014B0038BDFDF723FA0028E6D0636D43F0100363650125E1E7704770477047704708B53D
S32508014B20806BFFF7FBFF08BD704708B5806BFFF7FBFF08BD704708B5806BFFF7FBFF08BD9E
S32508014B40704713B51E4B45F6C0521B68B3FBF2F36422534304460093FBF71AFA2368024629
S32508014B60009919BB616D41F020016165596821F0A001596020466421FFF7C6F918B1636D6E
S32508014B8043F020036365A36833B901932368DA6801929B680193019B012384F85130636DD9
S32508014BA0204653B1FFF7CCFF02B010BD00990139009199688907D3D5D8E7FFF7ACFFF3E765
S32508014BC068020020016B026809781173026B01320263C28E013A92B2C286C38E9BB203B9EB
S32508014BE0AFE77047026B016810B432F8024BCC600263C28E013A92B2C286C38E9BB213B936
S32508014C005DF8044B9DE75DF8044B70470268536823F0600313B553600446FBF7B9F9642179
S32508014C2002462046FFF746F918B1636D43F020036365A36833B901932368DA6801929B68DD
S32508014C400193019B012384F85130636D20461BB9FFF762FF02B010BDFFF772FFFAE7016863
S32508014C60826B097B1170826B01328263C28F013A92B2C287C38F9BB203B9C7E770470268EB
S32508014C80D168826B22F8021B8263C28F013A92B2C287C38F9BB203B9B8E7704713B5254BC1
S32508014CA004461B6845F6C052B3FBF2F3642253430093FBF76DF92368596821F0200102466B
S32508014CC05960009921BB636D43F02003636564212046FFF719F918B1636D43F020036365FF
S32508014CE0A36833B901932368DA6801929B680193019B636DB3B994F85130042B4FF00103CC
S32508014D0084F8513020460AD1FFF706FF02B010BD00990139009199688907D2D5D7E7FFF77C
S32508014D20FCFEF3E7012384F851302046FFF708FFECE700BF68020020016B02680978117315
S32508014D40026B01320263C28E013A92B2C286C28E92B242B901684A6822F080024A60C38FEE
S32508014D609BB203B99AE770470168826B097B1170826B01328263C28F013A92B2C287C28F19
S32508014D8092B242B901684A6822F060024A60C38E9BB203B982E77047026B016810B432F84E
S32508014DA0024BCC600263C28E013A92B2C286C28E92B24AB94A6822F080024A60C38F9BB2C9
S32508014DC013B95DF8044B69E75DF8044B70470168826B10B4CC6822F8024B8263C28F013A83
S32508014DE092B2C287C28F92B24AB94A6822F040024A60C38E9BB213B95DF8044B4EE75DF837
S32508014E00044B7047806B026808B5536823F003035360436D43F010034365012380F8513029
S32508014E20FFF78EFE08BD37B50546846BFBF7B0F82B681B68DB05024626D42368596821F0C7
S32508014E4020015960596821F00201596020466421FFF75AF818B1636D43F020036365A368E6
S32508014E6033B901932368DA6801929B680193019B0023E386012384F85130636D23B1204659
S32508014E80FFF75EFE03B030BD2046FFF744FEF9E738B50546846BFBF77BF82B681B68DB0511
S32508014EA0024624D42368596821F020015960A168C9B96168B1F5827F15D1596821F00301B5
S32508014EC0596020466421FEF7F5FF08B1202363650023E387012384F85130636D3BB12046A2
S32508014EE0FFF72EFE38BD596821F00101E8E72046FFF712FEF6E738B50546846BFBF748F847
S32508014F002B681B68DB0502461ED421684B6823F020034B6020466421FEF7F6FF18B1636DC7
S32508014F2043F0200363652268536823F0030353600023E386E387012384F85130636D1BB180
S32508014F402046FFF7FDFD38BD2046FFF7E6FDFAE7F0B503685D689A68560685B004464FEAEC
S32508014F609211C2F3801708D4D60706D56E0604D5036C05B0BDE8F0401847960704D5280656
S32508014F8002D5636C2046F4E741EA521102F4807001F0010101434FEA521657D0AA0655D5CE
S32508014FA07FB194F85120032A4FF0000148D0626D42F0040262650091DA6800929A68009269
S32508014FC0009AF1070CD5626D42F001026265002202929A6802921A6822F040021A60029A4C
S32508014FE040B1626D42F008026265002203929A680392039A626D4AB35A6822F0E0025A60B8
S32508015000012284F85120AA0722D05A68E06C22F003025A6040B1104B0365FCF7D5FF18B1AB
S32508015020636D43F040036365A06C78B10A4B0365FCF7CAFF50B1636D43F04003636505E0B1
S325080150400191DA6801929B680193019B05B0F0BD2046FFF775FDF9E75D50010808B5806B39
S325080150600023C387C386FFF76BFD08BD704730B5454B85B045F6C0521B68B3FBF2F36422FE
S3250801508053430193019B009303685A6822F020025A605A68044610060AD53C4A6264009AA6
S325080150A0002A3ED1626D42F040026265019A00925A6851060AD5364A2264009A002A38D1A6
S325080150C0626D42F040026265019A0092A06C28B15A6812F0020218BF2E4A0265E16C29B100
S325080150E05A6812F0010218BF2B4A0A655B689A0709D540B1FCF768FF054628B1A36C00223D
S325080151001A6540236365012523685B68DB071DD5E06CD8B1FCF758FF98B90025284605B0D6
S3250801512030BD009A013A009294F85120072AB6D1BCE7009A013A009294F85120072ABCD192
S32508015140C2E7E36C00221A6540236365002DE4D00023E387E386626D402A226818BF636543
S325080151600293D1680291916802910299039318BF1D4693680393039B012384F85130204612
S32508015180FFF774FFCAE700BF68020020ED3D0108953D01080D5201089D51010813B5846B79
S325080151A023681A6822F040021A60E26C002111655A6822F001025A60FAF7EAFE64210246E9
S325080151C02046FEF7A1FE18B1636D43F040036365A36C0BB11B6DBBB90023E387E386626D63
S325080151E0402A226818BF63650093D1680091916800910099019393680193019B012384F82E
S3250801520051302046FFF732FF02B010BD1FB5806B836C00221A651C4B45F6C0521B68B3FBBE
S32508015220F2F364225343019303685A6822F002025A60019A02BB426D42F040024265C26C7D
S325080152400AB1126DAAB90022C287C286416D402918BF42650292D9680291996802910299C3
S3250801526003929B680393039B012380F85130FFF7FDFE05B05DF804FB019A013A01929A68D1
S325080152809207D6D5DBE700BF6802002090F851007047406D704700BF036A23F0010370B554
S325080152A00362036A446882690D6822F073022A438D6823F002032B430C4DA84203D005F582
S325080152C08065A8420BD1CD6823F008032B43D1E9055624F44074354323F004032C434460CD
S325080152E082614A684263036270BD00BF00000140036A23F4807370B50362036A4468C2698E
S325080153000D6822F073022A438D6823F4007343EA05230D4DA84203D005F58065A8420DD183
S32508015320CD6823F4006343EA0523D1E9055624F44054354323F4806344EA05144460C26119
S325080153404A68C263036270BD00000140036A23F4805330B50362036A4468C2690D6822F424
S32508015360E64242EA05228D6823F4005343EA0533084DA84203D005F58065A84204D14D6979
S3250801538024F4804444EA85144460C2614A680264036230BD0000014070477047022310B591
S325080153A080F83D300368196A41F211121142044608D1196A40F24442114202BF1A6822F05C
S325080153C001021A60204605F0C7F9002084F8460084F83C0084F83E0084F83F0084F840005B
S325080153E084F8410084F8420084F8430084F8440084F8450084F83D0010BD90F83D30012B3C
S325080154002CD10223164A80F83D30036893421AD0B3F1804F17D0A2F57C42934213D002F58E
S32508015420806293420FD002F5806293420BD002F57842934207D002F57052934203D0A2F5E9
S325080154409432934204D19A6802F00702062A03D01A6842F001021A600020704701207047ED
S32508015460000001400368196A41F21112114208D1196A40F24442114202BF1A6822F0010286
S325080154801A60012380F83D300020704790F83D30012B30D1022380F83D300368DA6842F098
S325080154A00102DA60154A93421AD0B3F1804F17D0A2F57C42934213D002F5806293420FD08E
S325080154C002F5806293420BD002F57842934207D002F57052934203D0A2F59432934204D16F
S325080154E09A6802F00702062A03D01A6842F001021A60002070470120704700BF00000140BD
S325080155000368DA6822F00102DA60196A41F21112114208D1196A40F24442114202BF1A68AA
S3250801552022F001021A60012380F83D300020704710B5134690F83D20022A0446D0B204D01E
S3250801554094F83D20012A01D0012010BD09B9002BFAD1206A022284F83D201C4AC2631C4A39
S3250801556002641C4AC26422682C32FCF7B6FC0028EAD12368DA6842F48072DA60164A934256
S325080155801AD0B3F1804F17D0A2F57C42934213D002F5806293420FD002F5806293420BD095
S325080155A002F57842934207D002F57052934203D0A2F59432934204D19A6802F00702062AEA
S325080155C0C3D01A6842F001021A60BEE78F610108A761010879640108000001400268D3687D
S325080155E010B523F480730446D360006AFCF7ECFC2368196A41F21112114208D1196A40F2C6
S325080156004442114202BF1A6822F001021A60012384F83D30002010BD70477047022310B57E
S3250801562080F83D300368196A41F211121142044608D1196A40F24442114202BF1A6822F0D9
S3250801564001021A602046FFF7E8FF002084F8460084F83C0084F83E0084F83F0084F84000B0
S3250801566084F8410084F8420084F8430084F8440084F8450084F83D0010BD70477047022347
S3250801568010B580F83D300368196A41F211121142044608D1196A40F24442114202BF1A68C6
S325080156A022F001021A602046FFF7E8FF002084F8460084F83C0084F83E0084F83F0084F87E
S325080156C0400084F8410084F8420084F8430084F8440084F8450084F83D0010BD70477047CC
S325080156E0022310B580F83D300368196A41F211121142044608D1196A40F24442114202BFC3
S325080157001A6822F001021A602046FFF7E8FF002084F8460084F83C0084F83E0084F83F0017
S3250801572084F8400084F8410084F8420084F8430084F8440084F8450084F83D0010BD7047A6
S325080157407047022310B580F83D300368196A41F211121142044608D1196A40F2444211426C
S3250801576002BF1A6822F001021A602046FFF7E8FF002084F8460084F83C0084F83E0084F835
S325080157803F0084F8420084F8430084F83D0010BD30B5034690F83E5093F83F4093F842108D
S325080157A093F84320012DE8B2E4B2C9B2D2B22CD1012C29D1012927D1012A25D1022283F889
S325080157C03E2083F83F2083F8422083F843201B681A6A22F001021A621A6A42F001021A62FA
S325080157E01A6A22F010021A621A6A42F010021A62074A934203D002F58062934203D15A6CF1
S3250801580042F400425A64002030BD0120FCE700BF0000014003681A6A22F001021A621A6A2E
S325080158201A621A6A22F010021A621A6A1A62174A934203D002F5806293420DD1196A41F26E
S325080158401112114208D1196A40F24442114202BF5A6C22F400425A64196A41F21112114293
S3250801586008D1196A40F24442114202BF1A6822F001021A60012380F83E3080F83F3080F877
S32508015880423080F843300020704700BF0000014030B5034690F83E5093F83F4093F842109A
S325080158A093F84320012DE8B2E4B2C9B2D2B234D1012C31D101292FD1012A2DD1022283F868
S325080158C03E2083F83F2083F8422083F843201B68DA6842F00202DA60DA6842F00402DA60DD
S325080158E01A6A22F001021A621A6A42F001021A621A6A22F010021A621A6A42F010021A62E7
S32508015900074A934203D002F58062934203D15A6C42F400425A64002030BD0120FCE700BF31
S32508015920000001400368DA6822F00202DA60DA6822F00402DA601A6A22F001021A621A6AED
S325080159401A621A6A22F010021A621A6A1A62174A934203D002F5806293420DD1196A41F24D
S325080159601112114208D1196A40F24442114202BF5A6C22F400425A64196A41F21112114272
S3250801598008D1196A40F24442114202BF1A6822F001021A60012380F83E3080F83F3080F856
S325080159A0423080F843300020704700BF0000014070477047022310B580F83D300368196A79
S325080159C041F211121142044608D1196A40F24442114202BF1A6822F001021A602046FFF730
S325080159E0E8FF002084F8460084F83C0084F83E0084F83F0084F8420084F8430084F83D006C
S32508015A0010BD30B5034690F83E0093F83F2093F8425093F84340C0B2D2B2EDB2E4B2B9B904
S32508015A20012844D1012D12D1022283F83E2083F842201B681A6A22F001021A621A6A42F0E0
S32508015A4001021A621A6842F001021A60002030BD042911D1012A2AD1012C28D1022283F880
S32508015A603F2083F843201B681A6A22F010021A621A6A42F01002E4E7012818D1012AE6D1AC
S32508015A80012DE4D1012CE2D1022283F83E2083F83F2083F8422083F843201B681A6A22F089
S32508015AA001021A621A6A42F001021A62DCE70120CDE710B5036859B1042905D01A6A22F0B9
S32508015AC001021A621A6A1A621A6A22F0100202E01A6A22F001021A621A6A1A621C6A41F2E0
S32508015AE01112144208D11C6A40F24442144202BF1A6822F001021A60012331B104290AD1D1
S32508015B0080F83F3080F8433003E080F83E3080F84230002010BD80F83E3080F83F3080F8BF
S32508015B204230EFE730B5034690F83E0093F83F2093F8425093F84340C0B2D2B2EDB2E4B2DA
S32508015B40D9B9012858D1012D16D1022283F83E2083F842201B681A6A22F001021A621A6A47
S32508015B6042F001021A62DA6842F00202DA601A6842F001021A60002030BD042915D1012A37
S32508015B803AD1012C38D1022283F83F2083F843201B681A6A22F010021A621A6A42F010026A
S32508015BA01A62DA6842F00402E0E7012824D1012AE2D1012DE0D1012CDED1022283F83E2065
S32508015BC083F83F2083F8422083F843201B681A6A22F001021A621A6A42F001021A621A6AD0
S32508015BE022F010021A621A6A42F010021A62DA6842F00202DA60D4E70120BDE7036810B550
S32508015C001A6AF9B922F001021A621A6A1A62DA6822F00202DA601C6A41F21112144208D111
S32508015C201C6A40F24442144202BF1A6822F001021A60012309B3042925D180F83F3080F88D
S32508015C4043301EE0042908D122F010021A621A6A1A62DA6822F00402DCE722F001021A6270
S32508015C601A6A1A621A6A22F010021A621A6A1A62DA6822F00202DA60EBE780F83E3080F82F
S32508015C804230002010BD80F83E3080F83F3080F84230D4E72DE9F341044690F83E0094F83E
S32508015CA03FC094F8426094F843501F46C0B2BDF820305FFA8CFCF6B2EDB2002934D102282D
S32508015CC005D0022E00F0B080012803D0012002B0BDE8F081012EF9D10AB9002BF6D1606A33
S32508015CE0022184F83E1084F842105149C163514901645149C16421683431FCF7EEF800286F
S32508015D00E4D12368DA6842F40072DA601A6A22F001021A621A6A42F001021A621A6842F012
S32508015D2001021A600020D2E704292CD1BCF1020F78D0022D7AD0BCF1010FC7D1012DC5D13C
S32508015D400FB9002BC2D1A06A2168022284F83F2084F84320364AC263364A0264364AC2640C
S32508015D6038313A46FCF7B9F80028AFD12368DA6842F48062DA601A6A22F010021A621A6A18
S32508015D8042F01002C9E70228A1D0BCF1020F49D0022E49D0022D49D0012897D1BCF1010FAF
S32508015DA094D1012E92D1012D90D102B10FB9002B8CD1022184F83E10606A84F83F1084F84D
S32508015DC0421084F843102168DFF86480194E1A4DC0F83C800664C56434310193FCF77DF819
S32508015DE000287FF473AFA06A2168019BC564C0E90F863A463831FCF770F800287FF466AF4D
S32508015E002368DA6842F40072DA60DA6842F48062DA601A6A22F001021A621A6A42F0010262
S32508015E201A62A8E7604652E7304650E728464EE7B5610108316201087964010838B5036820
S32508015E4004461A6A0D4619BB22F001021A621A6A1A62DA68406A22F40072DA60FCF7B4F860
S32508015E602368196A41F21112114208D1196A40F24442114202BF1A6822F001021A600123FF
S32508015E8055B3042D2ED184F83F3084F8433027E004290AD122F010021A621A6A1A62DA68F0
S32508015EA022F48062DA60A06AD8E722F001021A621A6A1A621A6A406A22F010021A621A6AF5
S32508015EC01A62DA6822F40072DA60DA6822F48062DA60FCF779F8E6E784F83E3084F84230B6
S32508015EE0002038BD84F83E3084F83F3084F84230CBE7F8B5154690F84620022A04460F4648
S32508015F00D0B21946DDE9066336D094F84620012A04D101B97EB9022284F84620B5F5006F5A
S32508015F2032D00AD8B5F5007F27D0B5F5806F29D0B5F5807F0CD001201EE0B5F5005F25D01A
S32508015F40B5F5804F27D0B5F5805FF4D1206B15E0206A134AC263134A0264134AC264226818
S32508015F604C32FBF7BAFF0028E5D123683E439E64DA682A43DA600020F8BD606A0B4AC263FB
S32508015F800B4AE9E7A06AF9E7E06AF7E7606B094AC263094AE0E7A06B084AC263084ADBE7C8
S32508015FA08F610108A7610108796401086B620108D762010891870108A387010855640108B4
S32508015FC06D64010837B5069D2C0A0134CDE90054FFF78FFF03B030BDB1F5006F38B5044664
S32508015FE00D4627D00AD8B1F5007F1FD0B1F5806F1ED0B1F5807F0CD0012038BDB1F5005F33
S325080160001AD0B1F5804F19D0B1F5805FF4D1006B00E0006AFBF7D8FF2268D36823EA050387
S32508016020D360012384F846300020E6E7406AF1E7806AEFE7C06AEDE7406BEBE7806BE9E7A3
S32508016040F8B50F4690F84610022904461546C8B21A46DDE9066336D094F84610012904D191
S3250801606002B97EB9022184F84610B5F5006F32D00AD8B5F5007F27D0B5F5806F29D0B5F5D1
S32508016080807F0CD001201EE0B5F5005F25D0B5F5804F27D0B5F5805FF4D1206B15E0206A31
S325080160A01349C163134901641349C16421684C31FBF713FF0028E5D123683E439E64DA68D7
S325080160C02A43DA600020F8BD606A0C49C1630C49E9E7A06AF9E7E06AF7E7606B0949C1637A
S325080160E00949E0E7A06B0949C1630949DBE700BF8F610108A761010879640108B561010815
S325080161003162010891870108A3870108556401086D64010837B5069D2C0A0134CDE90054E0
S32508016120FFF78EFF03B030BDFFF756BF90F83C20012A03464FF0020009D01A6883F83D0076
S3250801614051610020012283F83D2083F83C0070470268536823F080030B4353600020704762
S32508016160082910D004D841B1042909D0002070470C29FBD10368186C70470368586B7047C8
S325080161800368986B70470368D86B70477047806B08B5036ADB6913B9012380F83D3004F08D
S325080161A075FB08BD704708B5806BFFF7FBFF08BD7047704710B5846B626A82420DD10123D3
S325080161C02377D2691AB984F83E3084F842302046F8F77AFB0023237710BDA36A83420AD12F
S325080161E002222277DB69002BF1D1012384F83F3084F84330EBE7E36A83420AD10422227726
S32508016200DB69002BE3D1012384F8403084F84430DDE7236B8342DAD108222277DB69002B58
S32508016220D5D1012384F8413084F84530CFE7704710B5846B636A834207D1012323772046F8
S32508016240FFF7F5FF0023237710BDA36A834201D10223F3E7E36A834201D10423EEE7236BAA
S325080162608342ECD10823E9E7704710B5846B626A82420BD101232377D2690AB984F83E3015
S32508016280204604F0F7FA0023237710BDA36A834208D102222277DB69002BF1D1012384F8E1
S325080162A03F30EDE7E36A834208D104222277DB69002BE5D1012384F84030E1E7236B834292
S325080162C0DED108222277DB69002BD9D1012384F84130D5E7704710B5846B636A834207D182
S325080162E0012323772046FFF7F5FF0023237710BDA36A834201D10223F3E7E36A834201D170
S325080163000423EEE7236B8342ECD10823E9E7704703681A69910710B504460ED5DA6892075D
S325080163200BD56FF002021A61012202779B699B0777D0F8F7C9FA0023237723681A69500733
S3250801634010D5DA6851070DD56FF004021A61022222779B6913F4407F204668D0F8F7B4FA2B
S325080163600023237723681A6912070FD5DA6810070CD56FF008021A6104222277DB69990785
S3250801638020465AD0F8F7A0FA0023237723681A69D20610D5DA68D0060DD56FF010021A6167
S325080163A008222277DB6913F4407F20464BD0F8F78BFA0023237723681A69D10708D5DA684A
S325080163C0D20705D56FF001021A61204604F05EFA23681A69100608D5DA68110605D56FF0D9
S325080163E080021A61204602F0E4F923681A69520608D5DA68500605D56FF040021A61204625
S32508016400FFF785FF23681A69910622D5DA6892061FD56FF0200220461A61BDE8104002F040
S32508016420B6B904F015FA204604F024FA83E704F00FFA204604F01EFA92E704F009FA2046B4
S3250801644004F018FAA0E704F003FA204604F012FAAFE710BD806B08B5836BDB6913B901231C
S3250801646080F83D30FFF753FF08BD704708B5806BFFF7FBFF08BD704710B5846B636A83420A
S3250801648009D10123237784F83E302046FFF7F3FF0023237710BDA36A834205D1022323772C
S325080164A0012384F83F30F0E7E36A83424FF0010304D10422227784F84030E6E7226B8242F4
S325080164C003BF0822227784F8413084F83D30DCE790F83D00704790F83D00704790F83D00D2
S325080164E0704790F83D00704790F83D00704790F83D007047007F704719B990F83E00C0B222
S325080165007047042902D190F83F00F8E708290CBF90F8400090F84100F1E790F84600704725
S32508016520254A0368904212D0B0F1804F0FD0A2F57C4290420BD002F58062904207D002F5F4
S325080165408062904203D002F57842904208D14A6823F070031343CA6823F44073134316E073
S32508016560164A9042F7D002F580629042F3D002F580629042EFD0A2F598329042EBD002F556
S3250801658080629042E7D002F580629042E3D04A6923F08003134303608B68C3620B688362B1
S325080165A0054B984203D003F58063984201D10B69036301234361704700000140004001402D
S325080165C010B5044630B390F83D3003F0FF021BB980F83C2003F01AFF0223206884F83D3087
S325080165E0211DFFF79DFF012384F84630002084F83E3084F83F3084F8403084F8413084F85C
S32508016600423084F8433084F8443084F8453084F83D3010BD0120FCE710B5044630B390F8F5
S325080166203D3003F0FF021BB980F83C20FEF7F4FF0223206884F83D30211DFFF771FF0123FC
S3250801664084F84630002084F83E3084F83F3084F8403084F8413084F8423084F8433084F812
S32508016660443084F8453084F83D3010BD0120FCE710B5044630B390F83D3003F0FF021BB93D
S3250801668080F83C20FEF7F9FF0223206884F83D30211DFFF745FF012384F84630002084F86A
S325080166A03E3084F83F3084F8403084F8413084F8423084F8433084F8443084F8453084F85F
S325080166C03D3010BD0120FCE710B5044630B390F83D3003F0FF021BB980F83C20FEF7FEFFF8
S325080166E00223206884F83D30211DFFF719FF012384F84630002084F83E3084F83F3084F822
S32508016700403084F8413084F8423084F8433084F8443084F8453084F83D3010BD0120FCE795
S3250801672038B50D46044630B390F83D3003F0FF021BB980F83C20FFF702F80223214684F854
S325080167403D3051F8040BFFF7EBFE036823F00803036003682B430360012384F84630002028
S3250801676084F83E3084F83F3084F8423084F8433084F83D3038BD0120FCE7F8B50D4604462C
S3250801678000284CD090F83D3003F0FF021BB980F83C20FFF70DF92146022384F83D3051F85B
S325080167A0040B836823F4804323F007038360FFF7B7FE81682A688369AE69076A1143AA68F6
S325080167C023F4407323F0030342EA06221A432B69EE691B0143EA0623EE6833432E6A22F43F
S325080167E07C4222F0FC0243EA063313436E696A68816027F0AA0742EA061283611743012308
S32508016800076284F84630002084F83E3084F83F3084F8423084F8433084F83D30F8BD01207D
S32508016820FCE7036A23F0100370B50362036A446882690D6822F4E64242EA05228D6823F037
S32508016840200343EA05130D4DA84203D005F58065A8420DD1CD6823F0800343EA0513D1E939
S32508016860055624F44064354323F0400344EA8504446082614A688263036270BD000001407C
S3250801688010B590F83C30012B04461DD0082A17D007D862B1042A0FD00120002384F83C3089
S325080168A010BD0C2AF8D10068FEF750FD02E00068FEF7F2FC0020F0E70068FFF7B2FFF9E740
S325080168C00068FEF715FDF5E70220E9E738B590F83C30012B04464FD00120082A84F83C00EB
S325080168E03AD006D8BAB1042A26D0002384F83C3038BD0C2AF9D12068FEF728FDC3690A69D1
S3250801690043F40063C361C36923F48063C361C36943EA02232EE02068FEF7BEFC83690A693E
S3250801692043F008038361836923F0040383618369134383610020D8E72068FFF772FF83695C
S325080169400A6943F400638361836923F480638361836943EA0223ECE72068FEF7C9FCC369EE
S325080169600A6943F00803C361C36923F00403C361C3691343C361DDE70220B9E770B5046A0A
S32508016980194E24F001040462B0428469056A26D0B0F1804F23D0A6F57C46B0421FD006F522
S325080169A08066B0421BD006F58066B04217D006F57846B04213D006F57056B0420FD0A6F590
S325080169C09436B0420BD044F0010263F3071201F00A0125F00A0319438261016270BD24F06A
S325080169E003042243F1E700BF00000140F8B590F83C30012B05460C4600F082800120082A95
S32508016A0085F83C005CD006D842B3042A36D0002385F83C30F8BD0C2AF9D12B68CE68D1E937
S32508016A200027196A21F480511962D969186A21F44071120341EA072120F4204002F420427E
S32508016A4066F30F310243D9611A62DA69A16822F44062DA61DA6942EA01224FE02868CB68D0
S32508016A60D1E90012FFF78AFF8369A26823F00C0383618369134383610020C8E72B68CE6802
S32508016A80D1E90027196A21F0100119629969186A21F44071120141EA072120F0A00002F094
S32508016AA0A00266F30F31024399611A629A69A16822F440629A619A6942EA01229A61DBE703
S32508016AC02B68E768186A20F48070D1E900211862DE69186A26F003061202314320F42060E6
S32508016AE002F4206267F307110243D9611A62DA69A16822F00C02DA61DA690A43DA61BBE78E
S32508016B00022087E770B59A4288B005460C461E4678D090F83C30012B4FF002001AD00123E5
S32508016B2085F83C3085F83D000B6801934B6802938B680393CB6804930B6906934B690793A6
S32508016B4052B1042A3DD00120012385F83D30002385F83C3008B070BD286801A9FEF79CFB02
S32508016B60002E33D0042EEED12B68196A21F01001D4E90626246A19629969186A21F4407170
S32508016B80120141EA062120F0A00002F0A002024364F30F3199611A629A6922F440629A6135
S32508016BA09A6822F070029A609A6842F060029A609A6822F007029A609A6842F006029A6069
S32508016BC01EE0286801A9FFF72CFEC9E72868A169D4E90723FFF7D2FE836923F00C03836165
S32508016BE0836823F070038360836843F050038360836823F007038360836843F006038360E9
S32508016C000020A1E70120A5E710B584680A4324F47F4442EA03222243826010BD70B590F825
S32508016C203C30012B04460D4616464FF0020021D0012384F83C3084F83D00486830B1984252
S32508016C4011D01846012384F83D3010E02268936823F47F439360082E33D012D8D6B1042EBC
S32508016C6024D00020EEE7C96829B184F83D00002384F83C3070BD2B69AA682068FFF7C4FF39
S32508016C80E9E70C2EEDD12A68236832B3DA6942F400421CE02A68236822B19A6942F08002BD
S32508016CA09A61DEE79A6922F08002F9E72A6823681AB19A6942F40042F2E79A6922F40042F7
S32508016CC0EEE72A68236822B1DA6942F08002DA61C7E7DA6922F08002F9E7DA6922F40042AE
S32508016CE0F5E738B590F83C30012B04464FF0020000F08E8084F83D000122206884F83C20D7
S32508016D00836823F47F4323F0770383600B68602B4FD032D8402B64D016D8202B0DD00AD872
S32508016D2033F0100109D0012384F83D30002384F83C30104638BD302BF5D1826822F0700245
S32508016D40134343F0070328E0502BECD14A68CD68016A036A23F001030362836921F00A010E
S32508016D6023F0F00343EA05130A4383610262836823F0700343F057030FE0B3F5805F0DD0D3
S32508016D80B3F5005F0CD0702BCDD1CB68D1E90121FFF73AFF836843F0770383600022C2E744
S32508016DA0CB68D1E90121FFF72FFF836843F48043F3E7036A4D68C96823F010030362826909
S32508016DC0036A22F4704223F0A00343EA051342EA013282610362836823F0700343F06703BF
S32508016DE0DBE74A68CD68016A036A23F001030362836921F00A0123F0F00343EA05130A43E7
S32508016E0083610262836823F0700343F04703C4E702468EE700684B68826822F0700210B577
S32508016E201A430C6822F007022243502B82602AD00ED8402B17D049D8202B12D005D823F025
S32508016E401003181E18BF012010BDB3F13000F9E7602B28D0702B39D10B69D1E90221FFF7F2
S32508016E60D3FE0020F0E7052C30D0026A036A096923F001030362836923F0F00343EA011310
S32508016E8083610262EDE78A680C69016A036A23F001030362836921F00A0123F0F00343EAD1
S32508016EA004130A43ECE7036A8C68096923F0100303628269036A22F4704223F0A00342EA2C
S32508016EC0013243EA041382610362CAE70120BBE738B590F83C30012B04464FF002031BD0EA
S32508016EE0012580F83C5080F83D30FFF793FF28B1002384F83D5084F83C3038BD2368DA683D
S32508016F0042F04002DA60DA6822F48042DA6084F83D5084F83C00F0E71846EEE738B590F820
S32508016F203C30012B04464FF002031BD0012580F83C5080F83D30FFF76DFF28B1002384F848
S32508016F403D5084F83C3038BD2368DA6822F04002DA60DA6822F48042DA6084F83D5084F884
S32508016F603C00F0E71846EEE7036A10B501F01F0101248C4023EA04030362036A8A401A437B
S32508016F80026210BD08B529B990F83E30012B1FD0012035E0042907D190F83F30012BF7D1DB
S32508016FA0022380F83F3016E008290CBF90F8403090F84130013B18BF0123002BE8D1082987
S32508016FC04FF002030CBF80F8403080F8413002E0022380F83E3000680122FFF7C5FF164B2F
S32508016FE0984203D003F5806398420AD1436C43F400434364836803F00703062B17D1002054
S3250801700008BDB0F1804FF5D00C4B9842F2D003F580639842EED003F580639842EAD003F59A
S325080170209A339842E6D0A3F594339842E2D0036843F001030360E2E70000014000040040A6
S32508017040FFF7A0BF38B50022044600680D46FFF78BFF1A4B984203D003F5806398420DD193
S32508017060026A41F211131A4208D1026A40F244431A4202BF436C23F400434364026A41F278
S3250801708011131A4208D1026A40F244431A4202BF036823F00103036001231DB984F83E307D
S325080170A0002038BD042D02D184F83F30F8E7082D0CBF84F8403084F84130F1E700000140EC
S325080170C0FFF7C0BF08B529B990F83E30012B25D001203FE004290BD190F83F30012BF7D142
S325080170E0022380F83F300068C36843F004031CE008290CBF90F8403090F84130013B18BFAC
S325080171000123002BE4D108294FF0020323D180F840300068C36843F0080306E0022380F8B7
S325080171203E300068C36843F00203C3600122FFF71BFF1B4B984203D003F58063984213D105
S32508017140436C43F400434364836803F00703062B20D1002008BD0C2980F84130B8D1006852
S32508017160C36843F01003E0E7B0F1804FECD00D4B9842E9D003F580639842E5D003F580636C
S325080171809842E1D003F59A339842DDD0A3F594339842D9D0036843F001030360D9E700BFA3
S325080171A00000014000040040FFF78CBF082938B504460D4643D004D851B104293AD00120F6
S325080171C038BD0C29FBD10068C36823F0100303E00068C36823F00203C36000222946FFF7B9
S325080171E0C3FE1F4B984203D003F5806398420DD1026A41F211131A4208D1026A40F24443F8
S325080172001A4202BF436C23F400434364026A41F211131A4208D1026A40F244431A4202BF58
S32508017220036823F00103036001236DB984F83E300020C5E70068C36823F00403CCE7006892
S32508017240C36823F00803C7E7042D02D184F83F30EEE7082D0CBF84F8403084F84130E7E7BD
S3250801726000000140FFF7A2BF38B50D460446114655B990F83E00A0F1020CDCF1000040EB1B
S325080172800C0070B1022014E0042D02D190F83F00F1E7082D02D190F84000ECE790F841008D
S325080172A0E9E73DB994F83E00421E5042504170B9012038BD042D02D194F83F00F4E7082D8E
S325080172C002D194F84000EFE794F84100ECE709B9002BEDD102224DBB606A84F83E20424A83
S325080172E0C263424A0264424AC26422683432FAF7F4FD0028DCD12068C36843F40073C3608F
S3250801730001222946FFF730FE3A4B984203D003F5806398424CD1436C43F4004343648368E9
S3250801732003F00703062B59D10020C2E7042D13D1A06A84F83F202C4AC2632C4A02642C4A36
S32508017340C26422683832FAF7C8FD0028B0D12068C36843F48063D2E7082D13D1E06A84F840
S325080173604020214AC263214A0264214AC26422683C32FAF7B2FD00289AD12068C36843F497
S325080173800063BCE70C2D84F8412091D1206B164AC263164A0264164AC26422684032FAF717
S325080173A09CFD002884D12068C36843F48053A6E7B0F1804FB3D0104B9842B0D003F58063DB
S325080173C09842ACD003F580639842A8D003F59A339842A4D0A3F594339842A0D0036843F0C1
S325080173E001030360A0E700BF6B620108D7620108796401080000014000040040FFF734BF65
S32508017400082938B504460D464BD004D861B1042940D0012038BD0C29FBD10268006BD36835
S3250801742023F48053D36005E00268406AD36823F40073D360FAF7C8FD206800222946FFF76A
S3250801744093FD214B984203D003F5806398420DD1026A41F211131A4208D1026A40F24443C4
S325080174601A4202BF436C23F400434364026A41F211131A4208D1026A40F244431A4202BFF6
S32508017480036823F00103036001238DB984F83E300020BFE70268806AD36823F48063D36022
S325080174A0C8E70268C06AD36823F40063D360C1E7042D02D184F83F30EAE7082D0CBF84F8AE
S325080174C0403084F84130E3E700000140FFF798BF08B50346002939D190F83E0093F84220FC
S325080174E0C0B20128D2B25ED1012A2ED10222002942D183F83E2083F8422018680122FFF756
S3250801750033FD2A4B98421AD0B0F1804F17D0A3F57C43984213D003F5806398420FD003F5FC
S32508017520806398420BD003F57843984207D003F57053984203D0A3F5943398422ED18368B5
S3250801754003F00703062B29D1002008BD042905D190F83F0093F84320C0B2C2E708290BBF41
S3250801756090F8400093F8410093F8442093F845200CBFC0B2C0B2B4E7042904D183F83F2063
S3250801758083F84320B9E708290BBF83F8402083F8412083F8442083F84520AEE7036843F0BA
S325080175A001030360D0E70120CFE700BF0000014038B50446006800220D46FFF7D5FC026A80
S325080175C041F211131A4208D1026A40F244431A4202BF036823F00103036001232DB984F863
S325080175E03E3084F84230002038BD042D04D184F83F3084F84330F6E7082D0BBF84F8403063
S3250801760084F8413084F8443084F84530EBE708B500293DD190F83E2090F84230D2B2012A38
S32508017620DBB271D1012B6FD10223002946D180F83E3080F842300068C36843F00203C360DD
S325080176400122FFF791FC314B98421AD0B0F1804F17D0A3F57C43984213D003F58063984215
S325080176600FD003F5806398420BD003F57843984207D003F57053984203D0A3F59433984287
S325080176803DD1836803F00703062B38D1002008BD042905D190F83F2090F84330D2B2BEE7B8
S325080176A008290BBF90F8402090F8412090F8443090F845300CBFD2B2D2B2B0E7042908D186
S325080176C080F83F3080F843300068C36843F00403B5E7082908D180F8403080F8443000681A
S325080176E0C36843F00803AAE70C2980F8413080F8453009D10068C36843F010039FE70368D2
S3250801770043F001030360C1E70120C0E700000140082938B504460D4630D004D851B1042949
S3250801772027D0012038BD0C29FBD10068C36823F0100303E00068C36823F00203C3600022A0
S325080177402946FFF711FC026A41F211131A4208D1026A40F244431A4202BF036823F00103EC
S32508017760036001237DB984F83E3084F842300020D8E70068C36823F00403DFE70068C36880
S3250801778023F00803DAE7042D04D184F83F3084F84330ECE7082D0BBF84F8403084F8413070
S325080177A084F8443084F84530E1E72DE9F843064617469846894671B990F83E0096F842406A
S325080177C0C0B20228E4B204D0022C5CD0012818D00120BDE8F883042905D190F83F0096F890
S325080177E04340C0B2EDE708290BBF90F8400096F8410096F8444096F845400CBFC0B2C0B24B
S32508017800DFE7012CE4D117B9B8F1000FE0D10223B9F1000F39D186F83E3086F84230356817
S32508017820012249462846FFF79FFBB9F1080F00F086803ED8B9F1000F54D0B9F1040F68D0EA
S325080178404C4B9D421AD0B5F1804F17D0A3F57C439D4213D003F580639D420FD003F58063D0
S325080178609D420BD003F578439D4207D003F570539D4203D0A3F594339D4276D1AB6803F0DE
S325080178800703062B71D12046A3E7B9F1040F04D186F83F3086F84330C1E7B9F1080F0BBFC9
S325080178A086F8403086F8413086F8443086F84530B5E7B9F10C0FC3D1306B2F4BC3632F4B4D
S325080178C003642F4BC3643A46434605F14001FAF704FB044600287FF47BAF3568EB6843F42B
S325080178E0805314E0706A244BC363244B0364244BC3643A46434605F13401FAF7EEFA044680
S3250801790000287FF465AF3568EB6843F40073EB6096E7B06A184BC363184B0364184BC36450
S325080179203A46434605F13801FAF7D7FA044600287FF44EAF3568EB6843F48063E7E7F06A2A
S325080179400D4BC3630D4B03640D4BC3643A46434605F13C01FAF7C1FA044600287FF438AFA8
S325080179603568EB6843F40063D1E72B6843F001032B6088E700000140B561010831620108F6
S325080179807964010838B500220D4604460068FFF7EBFA082D31D004D85DB1042D27D001209A
S325080179A038BD0C2DFBD1C36823F48053C360206B04E0C36823F40073C360606AFAF704FB85
S325080179C02368196A41F21112114208D1196A40F24442114202BF1A6822F001021A60012384
S325080179E08DB984F83E3084F842300020D8E7C36823F48063C360A06AE0E7C36823F40063BD
S32508017A00C360E06ADAE7042D04D184F83F3084F84330EAE7082D0BBF84F8403084F84130A0
S32508017A2084F8443084F84530DFE700BF036A10B501F01F0104248C4023EA04030362036AB4
S32508017A408A401A43026210BD10B5846B636A834209D10123237784F842302046FEF70BFD90
S32508017A600023237710BDA36A834205D102232377012384F84330F0E7E36A834201BF042323
S32508017A802377012384F84430E7E710B5846B626A82420BD101232377D2690AB984F8423091
S32508017AA0204602F0E7FE0023237710BDA36A834208D102222277DB69002BF1D1012384F8B7
S32508017AC04330EDE7E36A834208D104222277DB69002BE5D1012384F84430E1E7236B834252
S32508017AE0DED108222277DB69002BD9D1012384F84530D5E7704770B50E4688B00446002841
S32508017B0058D090F83D3003F0FF021BB980F83C20FFF7F0FF0223206884F83D30211DFEF7EF
S32508017B20FFFCB368316820680322FEF727FF20687268836923F00C03836183691343836145
S32508017B40436843F080034360836823F070038360836843F040038360836823F0070383608F
S32508017B60836843F00403836070230025019301A9F3680293CDE90555CDE903550795FEF759
S32508017B8050FE23685A6822F070025A605A6842F050025A60012384F84630284684F83E308F
S32508017BA084F83F3084F8423084F8433084F83D3008B070BD0120FBE77047022310B580F804
S32508017BC03D300368196A41F211121142044608D1196A40F24442114202BF1A6822F0010289
S32508017BE01A602046FFF7E8FF002084F8460084F83C0084F83E0084F83F0084F8420084F870
S32508017C00430084F83D0010BD38B5044690F83E5094F83F1094F8423094F84320012DE8B2AF
S32508017C20C9B2DBB2D2B23DD1012935D1012B33D1012A31D1022384F83E30206884F83F308C
S32508017C40002184F8423084F84330FFF78DF92368154A93421AD0B3F1804F17D0A2F57C4243
S32508017C60934213D002F5806293420FD002F5806293420BD002F57842934207D002F5705211
S32508017C80934203D0A2F59432934206D19A6802F00702062A01D1002038BD1A6842F0010259
S32508017CA01A60F8E70120F7E700000140002210B5044611460068FFF757F92368196A41F2A5
S32508017CC01112114208D1196A40F24442114202BF1A6822F001021A60012384F83E3084F85C
S32508017CE03F3084F8423084F84330002010BD38B5044690F83E5094F83F1094F8423094F88A
S32508017D004320012DE8B2C9B2DBB2D2B241D1012939D1012B37D1012A35D10223206884F8C9
S32508017D203E3084F83F3084F8423084F84330C36843F00203C3600021FFF716F92368164A67
S32508017D4093421AD0B3F1804F17D0A2F57C42934213D002F5806293420FD002F580629342B3
S32508017D600BD002F57842934207D002F57052934203D0A2F59432934206D19A6802F0070255
S32508017D80062A01D1002038BD1A6842F001021A60F8E70120F7E700BF00000140002210B5C7
S32508017DA0044611460068FFF7DFF82368DA6822F00202DA60196A41F21112114208D1196A39
S32508017DC040F24442114202BF1A6822F001021A60012384F83E3084F83F3084F8423084F854
S32508017DE04330002010BDF8B5044690F83E3094F84250022B0E461746D8B2EDB204D0022DFF
S32508017E004ED0012801D00120F8BD012DFBD109B9002AF8D1022384F83E30206884F8423031
S32508017E2001220021FFF7A0F8606A1E4B2168C3631D4B03641D4BC36432463B463431FAF7D2
S32508017E404CF80028DFD12368DA6842F40072DA60174A93421AD0B3F1804F17D0A2F57C4279
S32508017E60934213D002F5806293420FD002F5806293420BD002F57842934207D002F570520F
S32508017E80934203D0A2F59432934204D19A6802F00702062AB8D01A6842F001021A60B3E7A4
S32508017EA02846B1E7B561010831620108796401080000014010B50022044611460068FFF7E5
S32508017EC053F82268606AD36823F40073D360FAF77BF82368196A41F21112114208D1196A85
S32508017EE040F24442114202BF1A6822F001021A60012384F83E3084F84230002010BD08B5F0
S32508017F0029B990F84230012B1DD001204EE0042907D190F84330012BF7D1022380F843300A
S32508017F2014E0082907D190F84430012BEDD1022380F844300AE090F84530012BE5D1022350
S32508017F4080F8453002E0022380F8423000680422FFF76CFD436C43F400434364144B98423E
S32508017F601AD0B0F1804F17D0A3F57C43984213D003F5806398420FD003F5806398420BD079
S32508017F8003F57843984207D003F57053984203D0A3F59433984204D1836803F00703062BDF
S32508017FA003D0036843F001030360002008BD00BF0000014038B50446006800220D46FFF7EB
S32508017FC035FD026A41F211131A4208D1026A40F244431A4202BF436C23F400434364026A0A
S32508017FE041F211131A4208D1026A40F244431A4202BF036823F00103036001231DB984F849
S325080180004230002038BD042D02D184F84330F8E7082D0CBF84F8443084F84530F1E708B582
S3250801802029B990F84230012B25D001205AE004290BD190F84330012BF7D1022380F84330D1
S325080180400068C36843F004031CE008290BD190F84430012BE9D1022380F844300068C368B5
S3250801806043F008030EE090F84530012BDDD1022380F84530D9E7022380F842300068C3687A
S3250801808043F00203C360C36843F08003C3600422FFF7CCFC436C43F400434364144B984285
S325080180A01AD0B0F1804F17D0A3F57C43984213D003F5806398420FD003F5806398420BD038
S325080180C003F57843984207D003F57053984203D0A3F59433984206D1836803F00703062B9C
S325080180E001D1002008BD036843F001030360F8E700000140042938B504460D4637D00829A6
S325080181003AD0002944D10068C36823F00203C36000222946FFF78AFC026A40F244431A42AC
S3250801812002BFC36823F08003C360026A41F211131A4208D1026A40F244431A4202BF436CA2
S3250801814023F400434364026A41F211131A4208D1026A40F244431A4202BF036823F0010353
S32508018160036001236DB984F84230002038BD0068C36823F00403CAE70068C36823F0080331
S32508018180C5E7042D0CBF84F8433084F84430ECE70120EBE738B50D460446114655B990F80C
S325080181A04200A0F1020CDCF1000040EB0C0070B102206CE0042D02D190F84300F1E7082D60
S325080181C002D190F84400ECE790F84500E9E73DB994F84200421E5042504170B9012056E0BA
S325080181E0042D02D194F84300F4E7082D02D194F84400EFE794F84500ECE709B9002BEDD1C5
S325080182000222002D44D1606A84F84220384AC263384A0264384AC26422683432F9F75DFECF
S325080182200028DBD12068C36843F40073C36004222946FFF7FBFB436C43F4004343642F4B10
S3250801824098421AD0B0F1804F17D0A3F57C43984213D003F5806398420FD003F58063984297
S325080182600BD003F57843984207D003F57053984203D0A3F59433984204D1836803F0070352
S32508018280062B03D0036843F001030360002038BD042D13D1A06A84F84320154AC263154AD0
S325080182A00264154AC26422683832F9F716FE002894D12068C36843F48063B7E7082D14D1BA
S325080182C0E06A84F844200A4AC2630A4A02640A4AC26422683C32F9F700FE00287FF47EAF0A
S325080182E02068C36843F40063A0E784F8452075E78B7A0108D7620108497A01080000014001
S32508018300042938B504460D4632D0082937D0002943D10268406AD36823F40073D360F9F724
S3250801832053FE206800222946FFF780FB026A41F211131A4208D1026A40F244431A4202BF19
S32508018340436C23F400434364026A41F211131A4208D1026A40F244431A4202BF036823F0A6
S325080183600103036001238DB984F84230002038BD0268806AD36823F48063D360CFE702683E
S32508018380C06AD36823F40063D360C8E7042D0CBF84F8433084F84430E8E70120E7E7FFF77E
S325080183A0AEBDFFF707BEFFF73ABEFFF7A3BEFFF7F1BEFFF7A5BFF8B5044690F83E7090F88F
S325080183C03F0094F8422094F84330012F0D46FEB2C0B2D2B2DBB221D101281DD1012A1BD18C
S325080183E0012B19D1022384F83E30206884F83F30042284F8423084F84330FFF717FBB5FA1C
S3250801840085F1490932468900FEF7AEFD2268536C43F40043536400263046F8BD0126FBE710
S3250801842038B5002204460D460068FFF7FFFAB5FA85F1490900228900FEF796FD2368196A72
S3250801844041F21112114208D1196A40F24442114202BF5A6C22F400425A64196A41F2111287
S32508018460114208D1196A40F24442114202BF1A6822F001021A60012384F83E3084F83F3068
S3250801848084F8423084F84330002038BDF8B5044690F83E7090F83F0094F8422094F84330FA
S325080184A0012F0D46FEB2C0B2D2B2DBB229D1012825D1012A23D1012B21D12068022384F878
S325080184C03E3084F83F3084F8423084F84330C36843F00203C360C36843F00403C360042223
S325080184E0FFF7A4FAB5FA85F1490932468900FEF73BFD2268536C43F400435364002630461E
S32508018500F8BD0126FBE738B504460068C36823F00203C360C36823F00403C3600D460022AC
S32508018520FFF784FAB5FA85F1490900228900FEF71BFD2368196A41F21112114208D1196A76
S3250801854040F24442114202BF5A6C22F400425A64196A41F21112114208D1196A40F2444224
S32508018560114202BF1A6822F001021A60012384F83E3084F83F3084F8423084F843300020D1
S3250801858038BD10B590F83C30012B044624D0012380F83C3031F03003036806D1986820F006
S325080185A070009860986801439960596841F001015960596821F00401596059680A435A6002
S325080185C0DA6822F02002DA60DA68002022F40052DA6084F83C0010BD0220FCE710B590F801
S325080185E03C30012B044624D0012380F83C3031F03003036806D1986820F070009860986880
S3250801860001439960596841F001015960596821F00401596059680A435A60DA6822F400525F
S32508018620DA60DA68002042F02002DA6084F83C0010BD0220FCE710B590F83C30012B044648
S325080186402BD0012380F83C3031F03003036806D1986820F0700098609868014399605968FC
S3250801866041F001015960596821F00401596059680A435A60626B0A49D1630A4911640A4938
S32508018680D164DA6822F02002DA60DA68002042F40052DA6084F83C0010BD0220FCE700BF79
S325080186A091870108A38701087964010830B590F83C30012B02464FF0020032D0136882F8EC
S325080186C03D005C680D68986824F070042C435C60144CA3421AD0B3F1804F17D0A4F57C4480
S325080186E0A34213D004F58064A3420FD004F58064A3420BD004F57844A34207D004F5705437
S32508018700A34203D0A4F59434A34204D1496820F08000014399600123002082F83D3082F854
S325080187203C0030BD0000014090F83C30012B02461ED0CB68886823F440730343486823F470
S3250801874080630343086823F400630343086923F4805303434869C96923F40053034323F466
S3250801876080430B43116800204B6482F83C0070470220704790F83C20012A18BF02680346B2
S325080187801DBF0020116583F83C0002207047704708B5806B012380F83D30FFF7F8FF08BDAE
S325080187A0704708B5806B012380F83D30FFF7F8FF08BD704790F83D00704719B990F84200C1
S325080187C0C0B27047042902D190F84300F8E708290CBF90F8440090F84500F1E7026802F1ED
S325080187E00C0353E8003F23F490730C3242E8003102680029F2D102F1140353E8003F23F041
S32508018800010302F1140C4CE800310029F3D1036B012B0BD102F10C0353E8003F23F01003C8
S3250801882002F10C0C4CE800310029F3D1202380F83E300023036370470268C16838B5136967
S3250801884023F440530B431361054683680069D168034368690343E86921F4164121F00C018D
S3250801886003430B43D3605369A96923F440730B4353611F4B9A4203D003F580639A4224D1C3
S32508018880FAF726FBEA691921B2F5004FD5E90043A0FB01011CD1DA184FF0000545EB05033B
S325080188A002F05AFE6422B0FBF2F102FB1103DB003233B3FBF2F303F007025B0002EB011210
S325080188C003F4F8731344A36038BDFAF7F1FAD9E79A009B0F02F040FE6422B0FBF2F102FBB7
S325080188E011031B013233B3FBF2F303EB0113EAE700100140F8B504460E4617461D46226888
S32508018900136836EA030301D1002028E06B1CF7D025B1F7F73DFBC01B8542F0D2226802F182
S325080189200C0353E8003F23F4D0730C3242E8003021680028F2D101F1140353E8003F23F0A3
S32508018940010301F1140040E80032002AF3D1202384F83D3084F83C2084F83E300320F8BDF0
S32508018960704710B5044640B390F83D3003F0FF021BB980F83C2001F0D1FF2268242384F890
S325080189803D30D36823F40053D3602046FFF754FF23681A6922F490421A615A6922F02A0262
S325080189A05A61DA6842F40052DA6000202023206484F83D3084F83E3010BD0120FCE710B599
S325080189C0044660B390F83D3003F0FF021BB980F83C2001F0A3FF2268242384F83D30D36812
S325080189E023F40053D3602046FFF726FF23681A6922F490421A615A6922F022025A615A6962
S32508018A0042F008025A61DA6842F40052DA6000202023206484F83D3084F83E3010BD0120A4
S32508018A20FCE738B50D460446002833D090F83D3003F0FF021BB980F83C2001F06FFF226815
S32508018A40242384F83D30D36823F40053D3602046FFF7F2FE23681A6922F400621A615A69EF
S32508018A6022F02A025A611A6942F480421A611A6922F020021A611A692A431A61DA6842F4E3
S32508018A800052DA6000202023206484F83D3084F83E3038BD0120FCE770B50D46164604466A
S32508018AA0002836D090F83D3003F0FF021BB980F83C2001F033FF2268242384F83D30D368D0
S32508018AC023F40053D3602046FFF7B6FE23681A6922F490421A615A6922F02A025A611A692A
S32508018AE022F00F021A611A6915431D61D96821F40061D960D9683143D960DA6842F40052C8
S32508018B00DA6000202023206484F83D3084F83E3070BD0120FCE7704710B5044698B10268A8
S32508018B20242380F83D30D36823F40053D36001F033FF0020206484F83C0084F83D0084F86E
S32508018B403E00206310BD0120FCE72DE9F843984690F83D30202B04460E46174648D10029C8
S32508018B6044D0002A42D090F83C30012B40D0012380F83C3000252123056480F83D30F7F7B9
S32508018B8007FAA368A784B3F5805F8146E78403D123690BB935461E46002384F83C30E38C59
S32508018BA09BB253B943464A4640212046FFF7A2FE50B9202384F83D3007E043464A46802101
S32508018BC02046FFF797FE10B10320BDE8F88322684EB935F8023BC3F308035360E18C01397B
S32508018BE089B2E184DBE716F8013BF6E70120ECE70220EAE72DE9F8431F4690F83E30202BFF
S32508018C0004460E4691464FD100294BD0002A49D090F83C30012B47D0012380F83C300025C5
S32508018C202223056480F83E300563F7F7B1F9A368A4F82C90B3F5805F8046A4F82E9003D1B3
S32508018C4023690BB935461E46002384F83C30E08D80B220B9202384F83E30BDE8F8833B4685
S32508018C60424620212046FFF745FEF8B923684EB95B68C3F3080325F8023BE38D013B9BB263
S32508018C80E385E4E7A268B2F5805F02D032B9226922B95968C9B206F8011BEEE7596801F002
S32508018CA07F01F8E70120D8E70220D6E70320D4E790F83D30202B18D1A9B1A2B190F83C30DF
S32508018CC0012B12D0C28401628284016800232122036480F83C3080F83D20CA6842F08002F3
S32508018CE0CA6018467047012070470220704738B50446134694F83D20202A32D179B373B35D
S32508018D0094F83C20012A2CD0012284F83C20606BE38400252122256484F83D20124AA384BB
S32508018D202162C263114A0264114AC0E9132522680432F9F7D2F823686FF040021A602268D5
S32508018D4084F83C5002F1140353E8003F43F0800302F1140141E800300028F3D138BD01205F
S32508018D60FCE70220FAE700BF27920108759201088592010890F83C30012B024645D00123AC
S32508018D8080F83C300368596990F83D0021280DD108060BD503F1140151E8001F21F08001E6
S32508018DA003F1140C4CE800100028F3D1596992F83E00222825D1490623D503F10C0151E815
S32508018DC0001F21F4807103F10C0C4CE800100028F3D103F1140151E8001F21F0010103F1BB
S32508018DE0140C4CE800100028F3D103F1140151E8001F21F0400103F1140C4CE800100028E1
S32508018E00F3D1002082F83C0070470220704790F83C20012A82B0034649D0012280F83C207F
S32508018E2090F83D20212A0BD1196801F1140252E8002F42F08002143141E800200028F3D1F7
S32508018E4093F83E20222A2DD1002201921A6811680191516801910199196959B102F10C011D
S32508018E6051E8001F41F4807102F10C0C4CE800100028F3D102F1140151E8001F41F0010197
S32508018E8002F1140C4CE800100028F3D102F1140151E8001F41F0400102F1140C4CE8001057
S32508018EA00028F3D1002083F83C0002B070470220FBE710B50268536990F83D10212904461F
S32508018EC020D119061ED502F1140353E8003F23F0800302F1140040E800310029F3D1606B4E
S32508018EE008B1F9F733F8226802F10C0353E8003F23F0C0030C3242E800310029F3D12023EA
S32508018F0084F83D302268536994F83E10222914D15B0612D502F1140353E8003F23F04003E7
S32508018F2002F1140040E800310029F3D1A06B08B1F9F70CF82046FFF751FC002010BD2DE971
S32508018F40F3471F4690F83E30DDF82880202B04460E46924674D1002970D0002A6ED090F891
S32508018F603C30012B6CD0012322220025056480F83C3080F83E200363F7F70AF8A368A4F861
S32508018F802CA0B3F5805F8146A4F82EA003D123690BB935461E464FF0000A84F83CA0A7F8FB
S32508018FA000A0E38D9BB223B9E28DA38D9B1A3B800CE023681A68D1060DD5CDF804A01A68BD
S32508018FC001925A680192019A3A8822B1202384F83E3000201FE01A6892060CD5F6B95B68B1
S32508018FE0C3F3080325F8023B3B8801333B80E38D013B9BB2E385B8F1FF3FD2D0F6F7C8FFF7
S32508019000A0EB0900404502D8B8F1000FC9D1202384F83E30032002B0BDE8F087A268B2F52D
S32508019020805F02D032B9226922B95B68DBB206F8013BD9E75B6803F07F03F8E70120EAE7CC
S325080190400220E8E710B50446226802F10C0353E8003F23F4F0730C3242E800312368002934
S32508019060F2D103F1140252E8002F22F0010203F1140040E800210029F3D1226B012A0BD1C4
S3250801908003F10C0252E8002F22F0100203F10C0040E800210029F3D15A6912061AD503F13E
S325080190A0140252E8002F22F0800203F1140040E800210029F3D1606B60B10165F8F746FFDA
S325080190C040B1606BF9F72BF9202803D110232364032010BD226853695B0616D502F114034F
S325080190E053E8003F23F0400302F1140040E800310029F3D1A06B40B10165F8F727FF20B1FC
S32508019100A06BF9F70CF92028E0D000202023E084E085206484F83E3084F83D302063D8E783
S3250801912010B50446226802F10C0353E8003F23F0C0030C3242E8003122680029F2D153696A
S325080191401B061AD502F1140353E8003F23F0800302F1140040E800310029F3D1606B60B1AD
S325080191600165F8F7F3FE40B1606BF9F7D8F8202803D110232364032010BD00202023E08491
S3250801918084F83D30F8E710B50446226802F10C0353E8003F23F490730C3242E800312368A5
S325080191A00029F2D103F1140252E8002F22F0010203F1140040E800210029F3D1226B012A36
S325080191C00BD103F10C0252E8002F22F0100203F10C0040E800210029F3D15A6952061AD5D5
S325080191E003F1140252E8002F22F0400203F1140040E800210029F3D1A06B60B10165F8F7EA
S32508019200A5FE40B1A06BF9F78AF8202803D110232364032010BD00202023E08584F83E30B6
S325080192202063F7E7704708B50346806B1B681B6813F480731AD1C384026802F1140353E835
S32508019240003F23F08003143242E8003102680029F2D102F10C0353E8003F43F0400302F14E
S325080192600C0040E800310029F3D108BDFFF7DAFFFBE7704708B5806BFFF7FBFF08BD70474C
S325080192807047704708B5806B03685A6990F83D10212912D1120610D50022C28403F10C0212
S325080192A052E8002F22F0C00203F10C0C4CE800210029F3D1202280F83D205B6990F83E2053
S325080192C0222A05D15B0603D50023C385FFF786FA036C43F01003036401F080FB08BD08B539
S325080192E0806B0023C385C38401F078FB08BD704770B50446226802F10C0353E8003F23F456
S32508019300F0730C3242E8003123680029F2D103F1140252E8002F22F0010203F1140040E813
S3250801932000210029F3D1226B012A46D0606B002850D1A16B29B15A6912F0400218BF2B4AF5
S325080193400A655A69120612D503F1140252E8002F22F0800203F1140141E800252E46002DCE
S32508019360F2D120B1F8F730FE10B1636B1D650126226853695B0634D502F1140353E8003FC1
S3250801938023F0400302F1140141E80035002DF3D1A06B30B3F8F718FE28B3A36B1D65002390
S325080193A02022E3842046E385236484F83D2084F83E202363FFF79BFF15E003F10C0252E8A6
S325080193C0002F22F0100203F10C0040E800210029F3D1ABE75A6912F0800218BF044A026590
S325080193E0A7E7012EDBD0002070BD00BFF59301081F940108806B826B08B500231365426BC0
S325080194000AB1126D52B92022C384C385036480F83D2080F83E200363FFF769FF08BD806BA1
S32508019420426B08B500231365826B0AB1126D52B92022C384C385036480F83D2080F83E2003
S325080194400363FFF754FF08BD704710B50446226802F10C0353E8003F23F0C0030C3242E87F
S32508019460003122680029F2D1536913F080031FD002F1140353E8003F23F0800302F11400E4
S3250801948040E800310029F3D1606B48B1094B0365F8F79AFD10B1606B036D9847002010BDA9
S325080194A0E084202384F83D302046FFF7CDFFF5E7E384F6E7B994010808B5806B0023C3845D
S325080194C0202380F83D30FFF7BFFF08BD704710B50446226802F10C0353E8003F23F49073F6
S325080194E00C3242E8003123680029F2D103F1140252E8002F22F0010203F1140040E8002174
S325080195000029F3D1226B012A0BD103F10C0252E8002F22F0100203F10C0040E800210029BA
S32508019520F3D15A6912F0400220D003F1140252E8002F22F0400203F1140040E80021002920
S32508019540F3D1A06B48B10C4B0365F8F73DFD10B1A06B036D9847002010BD2023E08584F820
S325080195603E3020632046FFF7B1FFF4E72023E28584F83E302263F5E77D95010808B5806B4C
S3250801958000232022C38580F83E200363FFF79EFF08BD7047806B08B5036B012B04D1818D9F
S325080195A04908FFF7F6FF08BDFFF76AFEFBE708B50346806B1B681B6813F4807337D1C3851A
S325080195C0026802F10C0353E8003F23F480730C3242E8003103680029F2D103F1140252E858
S325080195E0002F22F0010203F1140C4CE800210029F3D103F1140252E8002F22F0400203F107
S32508019600140C4CE800210029F3D1202280F83E20026B012A0BD103F10C0252E8002F22F0D0
S32508019620100203F10C0C4CE800210029F3D1036B012B03D1818DFFF7ACFF08BD01F0C8F927
S32508019640FBE790F83E30222B07B541D181680268836AB1F5805F3ED1016900293ED15268D8
S32508019660C2F3080223F8022B8362C38D013B9BB2C385002B2CD10268D16821F02001D160A0
S32508019680D16821F48071D160516921F001015161202280F83E20026B012A026828D1036353
S325080196A002F10C0353E8003F23F0100302F10C0C4CE800310029F3D11368DB0605D50191D4
S325080196C01368019353680193019B818DFFF761FF03B05DF804FB39B9016929B95268D2B29A
S325080196E01A70836A0133BFE7526802F07F02F7E701F06EF9ECE703681A6873B51607D96861
S325080197005D69044607D1960667D58D0665D502B0BDE8704095E705F0010001F490750543F2
S325080197205BD0D60705D5CD0542BF236C43F001032364530704D518B1236C43F002032364CE
S32508019740960704D518B1236C43F004032364150707D501F0200303431EBF236C43F008036F
S325080197602364236C002B32D0920604D58B0602D52046FFF766FF26687369226C03F04003CF
S3250801978002F0080253EA0205204622D0FFF726F873695E0618D5226802F1140353E8003FD3
S325080197A023F04003143242E800310029F3D1A06B50B1724B0365F8F707FC40B1A06B036D27
S325080197C002B0BDE870401847204601F007F902B070BD01F003F92564F9E7206B012840F0A4
S325080197E09180D50640F18E80C80640F18B80002201921A6801925A680192019A5A69520650
S325080198004CD5A16B0A68526892B2002ADFD0A08D9042DCD9E285CA69B2F5807F36D003F1D5
S325080198200C0252E8002F22F4807203F10C0040E800210029F3D103F1140252E8002F22F0DF
S32508019840010203F1140040E800210029F3D103F1140252E8002F22F0400203F1140040E8C1
S3250801986000210029F3D1202284F83E20216303F10C0252E8002F22F0100203F10C0040E874
S3250801988000210029F3D1A06BF8F760FBE38DA18DC91A89B22046FFF77CFE98E7E28DE18D68
S325080198A089B292B2002992D0A18D891A89B200298DD003F10C0252E8002F22F4907203F186
S325080198C00C0545E800200028F3D103F1140252E8002F22F0010203F1140545E80020002825
S325080198E0F3D1202284F83E20206303F10C0252E8002F22F0100203F10C0545E800200028ED
S32508019900F3D1C7E7160628D50D0626D594F83D20212A7FF45CAFA168226AB1F5805F17D1EB
S325080199202169A9B932F8021BC1F3080159602262E28C013A92B2E284002A7FF448AFDA68C2
S3250801994022F08002DA60DA6842F04002DA603EE7511C216212785A60EAE750067FF537AF60
S325080199604A067FF534AFDA6822F04002DA60202384F83D302046FFF755FC28E7DF920108FF
S3250801998090F83C30012B18D0012380F83C30242380F83D30016801F10C0353E8002F42F076
S325080199A00102194641E80023002BF3D1202280F83D2080F83C30184670470220704790F88A
S325080199C03C30012B18D0012380F83C30242380F83D30016801F10C0353E8002F42F00202BA
S325080199E0194641E80023002BF3D1202280F83D2080F83C30184670470220704790F83C30E1
S32508019A00012B18D0012380F83C30242380F83D30016801F10C0353E8002F22F002021946A6
S32508019A2041E80023002BF3D1202280F83D2080F83C30184670470220704790F83C30012BD3
S32508019A4011D00268242380F83D30D36823F00C0343F00803D360202380F83D30002380F8EF
S32508019A603C30184670470220704790F83C30012B11D00268242380F83D30D36823F00C0389
S32508019A8043F00403D360202380F83D30002380F83C30184670470220704790F83D2090F8C0
S32508019AA03E0010437047006C7047C285002382852222036480F83E20026980F83C30816208
S32508019AC003681AB1DA6842F48072DA605A6942F001025A61DA6842F02002DA600020704743
S32508019AE070B590F83E60202E0DD151B14AB190F83C40012C07D000240463FFF7D6FF20461F
S32508019B0070BD0120FCE70220FAE773B590F83E60202E044625D111B9012002B070BD002A32
S32508019B20FAD090F83C30012B1BD001230363FFF7BCFF236B012BEFD12268002301931368D0
S32508019B40019353680193019B02F10C0353E8003F43F0100302F10C0141E800300028F3D170
S32508019B60DBE70220D9E773B5134600258285222204460564816280F83E20806B1E4AC2635D
S32508019B801E4A266802641E4AC0E913250A46311DF8F7A3F9236801951A6801925A6801925D
S32508019BA0019A226984F83C505AB103F10C0252E8002F42F4807203F10C0040E80021002958
S32508019BC0F3D103F1140252E8002F42F0010203F1140040E800210029F3D103F1140252E888
S32508019BE0002F42F0400203F1140141E800200028F3D102B070BD00BFAF9501089595010857
S32508019C008592010870B590F83E60202E10D169B162B190F83C40012C0AD0012480F83C404A
S32508019C2000240463FFF79FFF204670BD0120FCE70220FAE773B590F83E60202E044627D17E
S32508019C4011B9012002B070BD002AFAD090F83C30012B1DD0012380F83C300363FFF783FF44
S32508019C60236B012BEDD12268002301931368019353680193019B02F10C0353E8003F43F073
S32508019C80100302F10C0141E800300028F3D1D9E70220D7E7FEE7002008B5F5F7DFFC002014
S32508019CA0F5F7E4FCFEE7FEE7FEE7FEE7704770477047F6F761B908B50548F6F788FD054840
S32508019CC0F6F785FDBDE808400348F6F780BD00BFA0040020E8040020300500200148F7F789
S32508019CE094BD00BF38070020FFF7F8BFFFF7F6BF0148FCF70DBB00BF3823002008B5044847
S32508019D00FCF706FBBDE808400248FCF701BB00BF38230020F02200200148FCF7F9BA00BF40
S32508019D20F82000200148FCF7F3BA00BF402100200148FCF7EDBA00BF882100200148FFF709
S32508019D40DABC00BF802300200148FCF7E1BA00BFA82200200148FCF7DBBA00BF1822002072
S32508019D600148F8F7C6B900BF380600200148F8F7C0B900BFD80500200148F8F7BAB900BF29
S32508019D80780500200148F7F740BD00BF60070020FFF7F8BFFFF7F6BF034AD2F8883043F43F
S32508019DA07003C2F88830704700ED00E0114A936803F00C03082B104B11D150685168526838
S32508019DC0C2F3881201F03F01B3FBF1F35343094A5268C2F3014201325200B3FBF2F3054A60
S32508019DE006499268C2F303128A5CD340044A1360704700BF003802400024F400A81B0208B2
S32508019E00680200200000000006484FF0CC33002103608380C0F80610418118220C3002F09E
S32508019E2067BD00BFD42000200023054A184612F8011F0133884238BF0846062BF7D170472F
S32508019E40D9200020054A0023CC2012F8011B0133884228BF0846062BF7D17047D42000205F
S32508019E6008B5FFF7E1FF07EE900AF8EE677A17EE900A00F081FF24A3D3E9002301F0FEF84E
S32508019E80234B002200F018FE01F0C6FADFED217A07EE100AB4EEE77AF1EE10FA4FF00001CA
S32508019EA04FF0030027DDF3F733FFFFF7CBFF07EE900AF8EE677A17EE900A00F05DFF12A37B
S32508019EC0D3E9002301F0DAF8114B002200F0F4FD01F0A2FA07EE100AFAEE0E7AB4EEE77A63
S32508019EE0F1EE10FA4FF000014FF0020006D5BDE80840F3F70DBFF3F737FFD6E7BDE80840A1
S32508019F00F3F732BFAFF300807B14AE47E17A04400000344000007042074ADFED087A062324
S32508019F20B2EC017A013B77EE877AF9D1B1EE080A87EE800A704700BFE02000200000000047
S32508019F4008B5FFF7E9FFDFED027A20EE270A08BD00005843044B1954191803EB80038A7117
S32508019F6083ED030A00207047D420002010B58AB000241022002102A802F0BAFC1022214609
S32508019F8006A8CDE9004402F0B3FC1E4A4FF0804313602C23C2E9013410464FF0FF33C2E9EB
S32508019FA003349461FCF70CFB08B1F5F727F94FF480531448029302A9FCF793FE08B1F5F7CC
S32508019FC01DF91048FCF780FB08B1F5F717F900230C486946CDE90033FEF768FB08B1F5F7D5
S32508019FE00DF90A220123CDE90623064800230C2206A9CDE90833FCF7F9FC08B1F5F7FEF85B
S3250801A0000AB010BDF820002010B58EB01022002103A802F06DFC00241C220DEB0200214653
S3250801A020CDE9014402F064FC1C481D4A046542F22733C0E912234FF6FF73C0E91534046611
S3250801A0404830FCF7BDFA08B1F5F7D8F84FF480531448039303A9FCF744FE08B1F5F7CEF806
S3250801A0601048FCF7D9FA08B1F5F7C8F800240D4801A9CDE90144FEF719FB08B1F5F7BEF8CC
S3250801A08008480994002207A9CDE907440B94FCF7F7FB08B1F5F7B2F80EB010BDF82000205B
S3250801A0A0000400404021002010B58EB01022002103A802F01DFC00241C220DEB02002146FD
S3250801A0C0CDE9014402F014FC1D481E4AC0F8984042F22733C0E924234FF6FF73C0E92734DE
S3250801A0E0C0F8A8409030FCF76BFA08B1F5F786F84FF480531448039303A9FCF7F2FD08B127
S3250801A100F5F77CF81048FCF787FA08B1F5F776F800240D4801A9CDE90144FEF7C7FA08B164
S3250801A120F5F76CF808480994002207A9CDE907440B94FCF7A5FB08B1F5F760F80EB010BD46
S3250801A140F8200020000800408821002010B58EB01022002103A802F0CBFB00241C22214625
S3250801A1600DEB0200CDE9014402F0C2FB2048214BC0F8E040C0E936344FF0FF33C0E93934E6
S3250801A180C0F8F040D830FCF71BFA08B1F5F736F84FF480531848039303A9FCF7A2FD08B1E2
S3250801A1A0F5F72CF81448FCF737FA08B1F5F726F80024114801A9CDE90144FEF777FA08B1FC
S3250801A1C0F5F71CF80C480994002207A9CDE907440B94FCF755FB08B1F5F710F806480422A9
S3250801A1E007A9FCF74DFB08B1F5F708F80EB010BDF8200020000C0040D021002013B5114A7D
S3250801A20011484FF217630024C0E948234FF6FF73C0F82841C0F82C31C0F8384100F59070D0
S3250801A220CDE90044FCF7CCF908B1F4F7E7FF07486946CDE90044FEF739FA08B1F4F7DEFF32
S3250801A24002B010BD00100040F82000201822002013B5114A114859230024C0E95A234FF607
S3250801A260FF73C0F87041C0F87431C0F8804100F5B470CDE90044FCF7A3F908B1F4F7BEFF1B
S3250801A28007486946CDE90044FEF710FA08B1F4F7B5FF02B010BD00BF00140040F820002096
S3250801A2A06022002010B596B01022002103A802F01FFB00241C2221460DEB0200CDE901441A
S3250801A2C002F016FB202221460EA802F011FB3148314AC0F8B8414EF65F23C0E96C234FF627
S3250801A2E0FF73C0E96F34C0E9714400F5D870FCF767F908B1F4F782FF4FF480532748039363
S3250801A30003A9FCF7EEFC08B1F4F778FF2348FCF783F908B1F4F772FF0024204801A9CDE9AF
S3250801A3200144FEF7C3F908B1F4F768FF42F210731A480794002207A9CDE90834CDE90A4491
S3250801A340CDE90C44FCF79CFA08B1F4F757FF1348042207A9FCF794FA08B1F4F74FFF0F486A
S3250801A360082207A9FCF78CFA08B1F4F747FF00234FF40052094812930EA9CDE90E33CDE97F
S3250801A380103313921593FEF7CFF908B1F4F736FF16B010BDF820002000040140A82200208E
S3250801A3A000B589B01C22002101A802F0A1FA1448144A0023C0E97E234FF6FF72C0E98123E1
S3250801A3C0C0F80032C0F8103200F5FC70FCF7F8F808B1F4F713FF0C48FCF71EF908B1F4F78E
S3250801A3E00DFF00220848039201A9CDE901220592FCF746FA08B1F4F701FF09B05DF804FB3D
S3250801A400F820002000440140F022002010B5044690B0142200210BA802F06AFA2368684A52
S3250801A42093421AD10024674B01945A6C42F001025A645B6C03F001032246019321461820D0
S3250801A440019BF7F71DFB1820F7F74CFB224619201146F7F715FB192029E0B3F1804F29D139
S3250801A46003F50E33002402941A6C574842F001021A641A6C02F001020292029A03941A6B3B
S3250801A48042F002021A631B6B03F0020303930422039B0223CDE90B230BA901230F93F7F7B1
S3250801A4A041FF1C2022462146F7F7EAFA1C20F7F719FB38E0454A934211D1424B002204928F
S3250801A4C0196C41F0020119641B6C03F0020304931D201146049BF7F7D3FA1D20E7E73C4AA2
S3250801A4E0934211D1374B00220592196C41F0040119641B6C03F0040305931E201146059BD5
S3250801A500F7F7BEFA1E20D2E7324A93420DD1002306932C4B1A6C42F008021A641B6C03F073
S3250801A52008030693069B10B010BD2B4A934211D1244B00220792196C41F0100119641B6C19
S3250801A54003F01003079336201146079BF7F798FA3620ACE7214A93420CD100230893194B55
S3250801A5601A6C42F020021A641B6C03F020030893089BD8E71A4A934211D1124B00220992A5
S3250801A580596C41F0020159645B6C03F0020309932E201146099BF7F773FA2E2087E7114AE0
S3250801A5A09342C0D1074B00220A92596C41F4003159645B6C03F400330A930A9B47E700BF0E
S3250801A5C00000014000380240000402400004004000080040000C00400010004000140040EF
S3250801A5E0000401400044014070B5044688B01422002103A802F07CF92268184B9A422AD1AE
S3250801A60003F59C33002401941A6B154842F002021A631A6B02F002020192019A02941A6B52
S3250801A62042F001021A631B6B03F0010302930225012603A9029B0796CDE90355F7F772FEA7
S3250801A6404FF480730748079603A9CDE90335CDE90544F7F767FE08B070BD00BF00000140F8
S3250801A660000402400000024010B596B01022002103A8002402F03CF91C2221460DEB020050
S3250801A680CDE9014402F034F9202221460EA802F02FF92E482E4BC0F84842C0E990344FF635
S3250801A6A0FF73C0E99334C0E9954400F51070FBF787FF08B1F4F7A2FD4FF4805325480393DE
S3250801A6C003A9FCF70EFB08B1F4F798FD2148FBF7CFFF08B1F4F792FD00241E4801A9CDE944
S3250801A6E00144FDF7E3FF08B1F4F788FD6023CDE9073418480D940423002207A9CDE9094496
S3250801A700CDE90B34FCF7E2F808B1F4F777FD1148082207A9FCF7DAF808B1F4F76FFD002325
S3250801A7204FF400520B4812930EA9CDE90E33CDE9103313921593FDF7F7FF08B1F4F75EFDA0
S3250801A7400448FFF751FF16B010BD00BFF8200020000001403823002008B5334A0368934298
S3250801A7600AD102F59C321820536C23F001035364BDE80840F7F7C4B9B3F1804F0AD12B4A4A
S3250801A7802B48136C23F0010313640421F7F79CFE1C20EDE7274A934207D102F50D321D20DC
S3250801A7A0136C23F002031364E2E7234A934207D102F50C321E20136C23F004031364D7E758
S3250801A7C01E4A934206D102F50B32136C23F00803136408BD1A4A934207D102F50A323620AF
S3250801A7E0136C23F010031364C2E7164A934205D102F50932136C23F02003E9E7124A934292
S3250801A80007D102F59A322E20536C23F002035364AEE70E4A934201BF02F57442536C23F4AD
S3250801A82000335364D5E700BF0000014000380240000402400004004000080040000C0040CB
S3250801A84000100040001400400004014000440140074A0368D2F8B0118B4201D1EEF794BA62
S3250801A860D2F89020934201D1F4F796BE704700BFF8200020044B0268D3F840329A4201D117
S3250801A880F4F7A6BF704700BFF8200020084A0368916C8B420BD0D2F8F8118B4201D1F3F7ED
S3250801A8A093BBD2F82021934201D1F2F7F1BD7047F820002070B5044686B0694601A8F8F717
S3250801A8C059FB6388B3F5804FDDE9046506D8F8F7EFFA354605B1400006B070BDF8F7F8FA99
S3250801A8E0F8E700000B4908B50B4B0B604FF4E1320023C1E9012308460C22C1E90333C1E94B
S3250801A9000523CB61FEF72DF818B1BDE80840F4F775BC08BD802300200010014010B5044600
S3250801A92088B01422002103A801F0E2FF2268184B9A422BD103F59433002401945A6C15489C
S3250801A94042F010025A645A6C02F010020192019A02941A6B42F001021A631B6B03F00103A4
S3250801A96002934FF4C062029B0223CDE9032303210723CDE9061303A9F7F7D4FC25202246FC
S3250801A9802146F7F77DF82520F7F7ACF808B010BD001001400000024008B50268094B9A4298
S3250801A9A00ED1094A0948536C23F0100353644FF4C061F7F789FDBDE808402520F7F7A0B819
S3250801A9C008BD00BF0010014000380240000002400148F1F7B7BC00BF4C080020704700BF8A
S3250801A9E010F8012B11F8013B012A28BF9A42F7D0D01A704700000000000000000000000079
S3250801AA0001F0FF01102A2BDB10F0070F08D010F8013B013A8B422DD010F0070F42B3F6D1ED
S3250801AA20F0B441EA012141EA014122F007047FF000070023F0E80256083C85EA010586EA9A
S3250801AA40010685FA47F5A3FA87F586FA47F6A5FA87F68EB9EED1F0BC01F0FF0102F0070295
S3250801AA6032B110F8013B013A83EA010313B1F8D10020704701387047002D06BF35460338F8
S3250801AA80073815F0010F07D1013015F4807F02BF013015F4C03F0130F0BC0138704700BFBC
S3250801AAA0034613F8012B002AFBD1181A0138704781F0004102E000BF83F0004330B54FEAC8
S3250801AAC041044FEA430594EA050F08BF90EA020F1FBF54EA000C55EA020C7FEA645C7FEAB6
S3250801AAE0655C00F0E2804FEA5454D4EB5555B8BF6D420CDD2C4480EA020281EA030382EA20
S3250801AB00000083EA010180EA020281EA0303362D88BF30BD11F0004F4FEA01314FF4801CA7
S3250801AB204CEA113102D0404261EB410113F0004F4FEA03334CEA133302D0524263EB430375
S3250801AB4094EA050F00F0A780A4F10104D5F1200E0DDB02FA0EFC22FA05F2801841F10001E3
S3250801AB6003FA0EF2801843FA05F359410EE0A5F120050EF1200E012A03FA0EFC28BF4CF037
S3250801AB80020C43FA05F3C01851EBE37101F0004507D54FF0000EDCF1000C7EEB00006EEB01
S3250801ABA00101B1F5801F1BD3B1F5001F0CD349085FEA30004FEA3C0C04F101044FEA445299
S3250801ABC012F5800F80F09A80BCF1004F08BF5FEA500C50F1000041EB045141EA050130BDFE
S3250801ABE05FEA4C0C404141EB0101013C28BFB1F5801FE9D291F0000F04BF01460020B1FA6D
S3250801AC0081F308BF2033A3F10B03B3F120020CDA0C3208DD02F1140CC2F10C0201FA0CF05B
S3250801AC2021FA02F10CE002F11402D8BFC2F1200C01FA02F120FA0CFCDCBF41EA0C019040D9
S3250801AC40E41AA2BF01EB0451294330BD6FEA04041F3C1CDA0C340EDC04F11404C4F120022C
S3250801AC6020FA04F001FA02F340EA030021FA04F345EA030130BDC4F10C04C4F1200220FAB2
S3250801AC8002F001FA04F340EA0300294630BD21FA04F0294630BD94F0000F83F4801306BF6B
S3250801ACA081F480110134013D4EE77FEA645C18BF7FEA655C29D094EA050F08BF90EA020FD0
S3250801ACC005D054EA000C04BF1946104630BD91EA030F1EBF0021002030BD5FEA545C05D17A
S3250801ACE04000494128BF41F0004130BD14F580043CBF01F5801130BD01F0004545F0FE418F
S3250801AD0041F470014FF0000030BD7FEA645C1ABF194610467FEA655C1CBF0B46024650EAC3
S3250801AD20013406BF52EA033591EA030F41F4002130BD00BF90F0000F04BF0021704730B5F8
S3250801AD404FF4806404F132044FF000054FF0000150E700BF90F0000F04BF0021704730B509
S3250801AD604FF4806404F1320410F0004548BF40424FF000013EE700BF42004FEAE2014FEAE9
S3250801AD8031014FEA02701FBF12F07F4393F07F4F81F06051704732F07F4208BF704793F017
S3250801ADA07F4F04BF41F40021704730B54FF4607401F0004521F000411CE700BF50EA010263
S3250801ADC008BF704730B54FF000050AE050EA010208BF704730B511F0004502D5404261EB48
S3250801ADE041014FF4806404F132045FEA915C3FF4D8AE4FF003025FEADC0C18BF03325FEAF7
S3250801AE00DC0C18BF033202EBDC02C2F1200300FA03FC20FA02F001FA03FE40EA0E0021FA3A
S3250801AE2002F11444BDE600BF70B54FF0FF0C4CF4E06C1CEA11541DBF1CEA135594EA0C0F0D
S3250801AE4095EA0C0F00F0DEF82C4481EA030621EA4C5123EA4C5350EA013518BF52EA033590
S3250801AE6041F4801143F4801338D0A0FB02CE4FF00005E1FB02E506F00042E0FB03E54FF07F
S3250801AE800006E1FB03569CF0000F18BF4EF0010EA4F1FF04B6F5007F64F5407404D25FEABB
S3250801AEA04E0E6D4146EB060642EAC62141EA55514FEAC52040EA5E504FEACE2EB4F1FD0C7F
S3250801AEC088BFBCF5E06F1ED8BEF1004F08BF5FEA500E50F1000041EB045170BD06F000468F
S3250801AEE046EA010140EA020081EA0301B4EB5C04C2BFD4EB0C0541EA045170BD41F48011B3
S3250801AF004FF0000E013C00F3AB8014F1360FDEBF002001F0004170BDC4F10004203C35DAF0
S3250801AF200C341BDC04F11404C4F1200500FA05F320FA04F001FA05F240EA020001F0004293
S3250801AF4021F0004110EBD37021FA04F642EB06015EEA430E08BF20EAD37070BDC4F10C046A
S3250801AF60C4F1200500FA04F320FA05F001FA04F240EA020001F0004110EBD37041F1000128
S3250801AF805EEA430E08BF20EAD37070BDC4F1200500FA05F24EEA020E20FA04F301FA05F2B2
S3250801AFA043EA020321FA04F001F0004121FA04F220EA020000EBD3705EEA430E08BF20EA5A
S3250801AFC0D37070BD94F0000F0FD101F00046400041EB010111F4801F08BF013CF7D041EA40
S3250801AFE0060195F0000F18BF704703F00046520043EB030313F4801F08BF013DF7D043EABB
S3250801B0000603704794EA0C0F0CEA135518BF95EA0C0F0CD050EA410618BF52EA4306D1D19E
S3250801B02081EA030101F000414FF0000070BD50EA410606BF1046194652EA430619D094EA0D
S3250801B0400C0F02D150EA013613D195EA0C0F05D152EA03361CBF104619460AD181EA0301DF
S3250801B06001F0004141F0FE4141F470014FF0000070BD41F0FE4141F4780170BD70B54FF05E
S3250801B080FF0C4CF4E06C1CEA11541DBF1CEA135594EA0C0F95EA0C0F00F0A7F8A4EB0504FB
S3250801B0A081EA030E52EA03354FEA013100F088804FEA03334FF0805545EA131343EA1263B4
S3250801B0C04FEA022245EA111545EA10654FEA00260EF000419D4208BF964244F1FD0404F5C0
S3250801B0E0407402D25B084FEA3202B61A65EB03055B084FEA32024FF480104FF4002CB6EB0E
S3250801B100020E75EB030E22BFB61A754640EA0C005B084FEA3202B6EB020E75EB030E22BF2A
S3250801B120B61A754640EA5C005B084FEA3202B6EB020E75EB030E22BFB61A754640EA9C00CB
S3250801B1405B084FEA3202B6EB020E75EB030E22BFB61A754640EADC0055EA060E18D04FEA08
S3250801B160051545EA16754FEA06164FEAC30343EA52734FEAC2025FEA1C1CC0D111F4801FF3
S3250801B1800BD141EA00014FF000004FF0004CB6E711F4801F04BF01430020B4F1FD0C88BF71
S3250801B1A0BCF5E06F3FF6AFAEB5EB030C04BFB6EB020C5FEA500C50F1000041EB045170BD39
S3250801B1C00EF0004E4EEA113114EB5C04C2BFD4EB0C0541EA045170BD41F480114FF0000E2A
S3250801B1E0013C90E645EA060E8DE60CEA135594EA0C0F08BF95EA0C0F3FF43BAF94EA0C0FC9
S3250801B2000AD150EA01347FF434AF95EA0C0F7FF425AF104619462CE795EA0C0F06D152EA29
S3250801B22003353FF4FDAE1046194622E750EA410618BF52EA43067FF4C5AE50EA41047FF476
S3250801B2400DAF52EA43057FF4EBAE12E74FF0FF3C06E000BF4FF0010C02E000BF4FF0010C42
S3250801B2604DF804CD4FEA410C7FEA6C5C4FEA430C18BF7FEA6C5C1BD001B050EA410C0CBF74
S3250801B28052EA430C91EA030F02BF90EA020F0020704710F1000F91EA030F58BF994208BF0E
S3250801B2A090422CBFD8176FEAE37040F0010070474FEA410C7FEA6C5C02D150EA013C07D166
S3250801B2C04FEA430C7FEA6C5CD6D152EA033CD3D05DF8040B704700BF8446104662468C466D
S3250801B2E01946634600E000BF01B5FFF7B7FF002848BF10F1000F01BD4DF808EDFFF7F4FF16
S3250801B3000CBF012000205DF808FB00BF4DF808EDFFF7EAFF34BF012000205DF808FB00BF97
S3250801B3204DF808EDFFF7E0FF94BF012000205DF808FB00BF4DF808EDFFF7CEFF94BF0120D3
S3250801B34000205DF808FB00BF4DF808EDFFF7C4FF34BF012000205DF808FB00BF4FEA410CE3
S3250801B3607FEA6C5C02D150EA013C0AD14FEA430C7FEA6C5C02D152EA033C02D14FF000004F
S3250801B38070474FF0010070474FEA410212F5001215D211D56FF47873B3EB625212D94FEACA
S3250801B3A0C12343F0004343EA505311F0004F23FA02F018BF404270474FF00000704750EAB5
S3250801B3C0013005D111F0004008BF6FF0004070474FF00000704700BF4A0011D212F50012FE
S3250801B3E011D20DD56FF47873B3EB62520ED44FEAC12343F0004343EA505323FA02F07047CE
S3250801B4004FF00000704750EA013002D14FF0FF3070474FF0000070474FEA4102B2F1E0438C
S3250801B42024BFB3F5001CDCF1FE5C0DD901F0004C4FEAC0024CEA5070B2F1004F40EB83007B
S3250801B44008BF20F00100704711F0804F21D113F13872BCBF01F00040704741F480114FEA7C
S3250801B4605252C2F11802C2F1200C10FA0CF320FA02F018BF40F001004FEAC1234FEAD32304
S3250801B48003FA0CFC40EA0C0023FA02F34FEA4303CCE77FEA625307D150EA01331EBF4FF09E
S3250801B4A0FE4040F44000704701F0004040F0FE4040F40000704700BF7BB972B90029BEBFC6
S3250801B4C000204FF0004106E008BF00281CBF6FF000414FF0FF3000F057B8ADF1080C6DE9F8
S3250801B4E004CE002909DB002B1ADB06F089F8DDF804E0DDE9022304B07047404261EB4101A8
S3250801B500002B1BDB06F07CF8DDF804E0DDE9022304B0404261EB4101524263EB430370474A
S3250801B520524263EB430306F06BF8DDF804E0DDE9022304B0404261EB41017047524263EB7A
S3250801B540430306F05DF8DDF804E0DDE9022304B0524263EB4303704753B94AB9002908BF15
S3250801B56000281CBF4FF0FF314FF0FF3000F00CB8ADF1080C6DE904CE06F042F8DDF804E065
S3250801B580DDE9022304B07047704700BF0348044B834202D0034B03B1184770479C040020C7
S3250801B5A09C040020000000000548064B1B1AD90F01EBA301491002D0034B03B1184770472E
S3250801B5C09C0400209C0400200000000010B5064C237843B9FFF7DAFF044B13B10448AFF35E
S3250801B5E000800123237010BDC423002000000000F818020808B5054B1BB105490548AFF301
S3250801B6000080BDE80840FFF7CFBF00BF00000000C8230020F818020810B5F4F793FCF3F71D
S3250801B6209FFDF2F797FFF2F7D1FAEFF737FDF4F72DFBFEF79BFCFFF755F9EFF769FEECF7FF
S3250801B6405FFEECF7C5FDF4F7FCFAECF721FEFFF70BF8FEF7D3FDF4F73FFBFEF7A1FEFEF78A
S3250801B66075FDFEF7D1FCFEF71DFEFEF71DFDFEF7EFFDF2F7B7FBF1F761FCF4F789FC224CC9
S3250801B68020600020F3F7EAFFF4F782FC2368C01AB0F57A7FF8D30120F3F7E0FF1B48012281
S3250801B6A08021F6F79FFFF2F747F9F3F735F9F0F7A3FCFEF7A9FBECF7B1FFF2F707FAF4F787
S3250801B6C0C7F9EFF741FEEFF76FFEF3F75DFEF2F7E9FFF2F70CFDF4F75BFC2060F4F758FC1A
S3250801B6E0EDF72CFAF1F7E0FE0948F0F7F5FEF2F759FBF4F74DFC2368C01AB0F57A7FEFD30A
S3250801B700F3F772FEECE700BF381F0020000802404C080020DFF834D00D480E490E4A0023F7
S3250801B72002E0D458C4500433C4188C42F9D30B4A0B4C002301E013600432A242FBD3FEF72B
S3250801B7402BFB02F083FAFFF767FF704700000220000000209C04002098390208A004002091
S3250801B76058250020FEE700001FB514461A46094B1B680546D8684CB1074B0091CDE901347D
S3250801B78006492B4600F0D6FF02F09FFA044B1C46F3E700BFEC030020A72E0208B42E020866
S3250801B7A0B71D02080A22002100F062B90A22002100F05EB9931E222B10B50C4604D90023DB
S3250801B7C00B701C46204610BD0A2A09D1002807DA2D230B7040420121214400F0CDF9F1E7D1
S3250801B7E00021F9E7FFF7E6BF024B0146186800F02DB800BFEC030020024B0146186803F0E0
S3250801B800DBB800BFEC03002070B50F4E0C463168054611B902F0F2F930602146284602F002
S3250801B820EDF9431C03D14FF0FF34204670BDC41C24F00304A042F8D0211A284602F0DEF9C4
S3250801B8400130F2D1EFE700BFE02300202DE9F843CD1C25F0030508350C2D38BF0C25002D0B
S3250801B860064601DBA94204D90C2333600020BDE8F883DFF8D48000F069F8D8F800301C46E9
S3250801B88044BB29463046FFF7BFFF431C044658D1D8F800402746002F43D1002C4BD023689D
S3250801B8A03946304604EB030902F0A8F9814542D121686D1A29463046FFF7A6FF01303AD052
S3250801B8C023682B442360D8F800305A6862BBC8F800700FE02268521B20D40B2A17D9611954
S3250801B8E0A342256018BF5960636808BFC8F8001062514B60304600F02FF804F10B00231DB2
S3250801B90020F00700C21A1CBF1B1AA350AFE76268A3420CBFC8F800205A60EBE72346646871
S3250801B920AEE73C467F68B6E71A465B68A342FBD100235360DEE70C233360304600F00CF8C2
S3250801B94094E70560D6E700BFE4230020014802F0A3B900BF4E250020014802F09FB900BF1A
S3250801B9604E250020242B2DE9F0478646904601D8012B06D102F064F9162303600020BDE85B
S3250801B980F08734480D462A4615F8014B065D16F00806F8D12D2C10D12C780126951C33F070
S3250801B9A0100215D1302C0DD12A7802F0DF02582A08D16C78023510230AE02B2C04BF2C7880
S3250801B9C0951CECE7002BF6D1302C14BF0A23082306F1004C0CF1FF3C0022BCFBF3F91046C5
S3250801B9E003FB19CAA4F13007092F0FD83C46A3421BDD571C07D0814514D301D1A24511DB71
S3250801BA0000FB0340012215F8014BEBE7A4F14107192F01D8373CEAE7A4F16107192F04D828
S3250801BA20573CE4E74FF0FF32EDE7531C08D12223CEF800306046B8F1000FA0D0691E06E097
S3250801BA4006B14042B8F1000F99D0002AF6D1C8F8001094E7CE310208FFF784BF13460A4656
S3250801BA60014602480068FFF77DBF00BFEC03002013460A46014602480068FFF773BF00BF35
S3250801BA80EC0300202DE9F043344E86460D46284615F8014B375D17F00807F8D12D2C10D12A
S3250801BAA02C780127851C33F0100015D1302C0DD1287800F0DF00582808D16C7802351023A1
S3250801BAC00AE02B2C04BF2C78851CECE7002BF6D1302C14BF0A2308234FF0FF380026B8FB73
S3250801BAE0F3F803FB08F96FEA09093046A4F1300CBCF1090F10D86446A3421EDDB6F1FF3F7F
S3250801BB0007D0804516D301D1A14513DB00FB0340012615F8014BE9E7A4F1410CBCF1190FA6
S3250801BB2001D8373CE8E7A4F1610CBCF1190F04D8573CE1E74FF0FF36EBE7731C06D12223DC
S3250801BB40CEF80030304632B9BDE8F08307B14042002AF9D006B1691E1160F5E7CE310208A6
S3250801BB60FFF790BF13460A46014602480068FFF789BF00BFEC030020F0B51F4C8BB005462D
S3250801BB800B466E4604F1200C20686168374603C7083464453E46F7D121793971911E20682C
S3250801BBA0386022294FF0000104D919700B4618460BB0F0BD581E8446B5FBF2F702FB175693
S3250801BBC028366E440C4616F8286C0CF8016F2E46B24201F101013D46EED900225A54191936
S3250801BBE0A51AAA42E3DA10F8015F0E780670013201F80159F4E700BFE32E02082DE9F74FD3
S3250801BC009146484A01908A461E460D462B4615F8014B175D17F00807F8D12D2C10D12C7899
S3250801BC2001279D1C36F0100315D1302C0DD12B7803F0DF03582B08D16C78023510260AE0AC
S3250801BC402B2C04BF2C789D1CECE7002EF6D1302C14BF0A2608264FEAE67B32465B464FF017
S3250801BC60FF304FF0FF31FFF777FC3246009088465B464FF0FF304FF0FF31FFF76DFC0023D8
S3250801BC8018461946A4F1300CBCF1090F1ED86446A6422CDDB3F1FF3F15D0009B834278EB27
S3250801BCA0010321D3009B884508BF834201D1A2421ADB714300FB0B11A6FB000319442018DA
S3250801BCC041EBE471012315F8014BDBE7A4F1410CBCF1190F01D8373CDAE7A4F1610CBCF122
S3250801BCE0190F04D8573CD3E74FF0FF33EBE75A1C0AD1019922220A6018461946B9F1000F92
S3250801BD000AD103B0BDE8F08F17B1404261EB4101B9F1000FF5D00BB105F1FF3AC9F800A0C0
S3250801BD20EFE700BFCE31020813460A46014602480068FFF763BF00BFEC0300202DE9FF4772
S3250801BD4057EC106B002F0C4619463B46BBBF07F100431F4600232D230B700D9BDDF830A060
S3250801BD60914623F02008BCBF32461646B8F1460F05D0B8F1450F00D10134022100E0032156
S3250801BD8003AB019302AB009347EC106B5346224602F032F8B8F1470F054619D119F0010FFA
S3250801BDA00ED000EB04090022002330463946FFF7A3FA08B1CDF80C903022039B4B451ED346
S3250801BDC0039B0E9A5B1B2846136004B0BDE8F087B8F1460F00EB0409E5D10378302B0AD18A
S3250801BDE00022002330463946FFF786FA18B9C4F10104CAF80040DAF800309944D3E7591CE9
S3250801BE0003911A70D9E7F7B50029BABF49422D232B2309290270437029DD0DF107042546ED
S3250801BE200A272246B1FBF7F607FB1613303302F8013C0B46632B04F1FF343146F1DC303150
S3250801BE40931E04F8011C411C1C46AB420AD30DF109039B1AA54238BF0023821C1344181A99
S3250801BE6003B0F0BD13F8016B01F8016FEDE7302330318370C170031DF1E700002DE9F04F7A
S3250801BE808DB00C46DDF8588016461F46054601F07DFE036806931846FEF702FE00230A93C8
S3250801BEA0D8F8003094F818A0D4F800B00790073323F00703B3EC027B8DED047BC8F80030C0
S3250801BEC0DDE9048323F0004984ED127B9C4B4FF0FF3240464946FFF741FA70BB984B4FF0C2
S3250801BEE0FF3240464946FFF71BFA30BBDDE9040100220023FFF70AFA10B12D2384F84330ED
S3250801BF00904A914BBAF1470F8CBF90469846032323612BF0040323604FF0000900973346B5
S3250801BF200BAA2146284600F0D1F9013040F08C804FF0FF300DB0BDE8F08FDDE904231046AF
S3250801BF401946FFF70BFA40B1059B804A002BBCBF2D2384F843307E4BD4E763685A1C0AF079
S3250801BF60DF093BD1062363604BF480620023226003930AABCDE901A309AB009361689DEDCD
S3250801BF80040B0DF123032846FFF7D8FEB9F1470F0999804629D1C81C02DB63688B4241DA4F
S3250801BFA0AAF1020A5FFA8AFA0139524604F150000991FFF728FF0A9A1318012A81462361DB
S3250801BFC002DC2268D20701D5013323619DF82330002BA3D02D2384F843309FE7B9F1470F38
S3250801BFE0C2D1002BC0D10123BDE7BAF1650FDBD9BAF1660F18D1002963680BDD216113B915
S3250801C0002268D00702D501330B442361A1654FF00009DBE713B92268D20701D50233F4E7AD
S3250801C0200123F2E74FF0670A0A9B8B4205DC23682161D807EAD54B1CE7E70029D4BFC1F1A3
S3250801C040020201221344E0E723685A0507D42369424631462846B84701302BD168E7BAF1A8
S3250801C060650F40F2DD80D4E9120100220023FFF743F9002833D0374A012331462846B847B3
S3250801C08001303FF455AFDDE90938434502DB2368D8070FD5DDE9062331462846B84701306B
S3250801C0A03FF446AF4FF0000908F1FF3804F11A0AC84509DC23689B0700F10381E0680B9B36
S3250801C0C09842B8BF184635E70123524631462846B84701303FF42CAF09F10109E8E7099B30
S3250801C0E0002B39DC1B4A012331462846B84701303FF41EAFDDE9093959EA030302D12368A4
S3250801C100D907D7D5DDE9062331462846B84701303FF40EAF4FF0000A04F11A0B099B5B42EC
S3250801C120534501DC4B4693E701235A4631462846B84701303FF4FCAE0AF1010AEEE700BF20
S3250801C140FFFFEF7F0C2F0208082F0208142F0208102F020894260208A36DDDF828A053453F
S3250801C160A8BF5346002B994636DC4FF0000B29EAE97904F11A02A36D0493A3EB09035B45E3
S3250801C18031DC099B9A453ADC2368DA0737D4099BAAEB0309049BAAEB03039945A8BF9946D0
S3250801C1A0B9F1000F33DC4FF0000829EAE97904F11A0B099BAAEB0303A3EB090343457FF7FB
S3250801C1C079AF01235A4631462846B84701303FF4AFAE08F10108ECE7424631462846B8477E
S3250801C1E00130C2D1A4E60123314628460492B84701303FF49DAE049A0BF1010BBBE7DDE987
S3250801C200062331462846B8470130C0D190E6049A4B46424431462846B8470130C3D187E6FF
S3250801C220DDF828A0BAF1010F01DCDB0736D50123424631462846B84701303FF479AEDDE9EC
S3250801C240062331462846B84701303FF471AED4E91201002200230AF1FF3AFFF74DF8C0B942
S3250801C260534608F1010231462846B84701300CD15EE601235A4631462846B84701303FF4D8
S3250801C28057AE08F10108D045F3DB4B4604F15002DFE64FF0000804F11A0BF4E70123424620
S3250801C2A0E1E701234A4631462846B84701303FF43FAE08F10108E3680B995B1A4345F0DC04
S3250801C2C0FCE64FF0000804F11909F4E72DE9F047164698468A680B69DDF820909342B8BF76
S3250801C2E01346336091F8432007460C460AB1013333602368990642BF33680233336025681B
S3250801C30015F0060506D104F1190AE36832689B1AAB4226DC94F843302268003B18BF0123C7
S3250801C32092062BD404F1430241463846C84701301ED02368226903F00603042B02BFE5689B
S3250801C3403368ED1AA3680CBF25EAE57500259342C4BF9B1AED1800261A34B5421AD1002040
S3250801C36008E00123524641463846C847013003D14FF0FF30BDE8F0870135C6E7E1185A1C15
S3250801C380302081F84300224494F8451082F843100233C7E70123224641463846C8470130BA
S3250801C3A0E6D00136D9E700002DE9FF470F7E0C9E782F914680460C469A4601F1430207D8A2
S3250801C3C0622F0AD8002F00F0D280582F00F0B78004F1420684F842703AE0A7F16303152BF9
S3250801C3E0F6D801A151F823F041C4010855C40108D1C30108D1C30108D1C30108D1C30108BE
S3250801C40055C40108D1C30108D1C30108D1C30108D1C3010855C501087FC401080BC501082F
S3250801C420D1C30108D1C3010877C50108D1C301087FC40108D1C30108D1C3010813C501086A
S3250801C44033681A1D1B68326004F1420684F8423001239DE033682068191D3160060601D54E
S3250801C4601D6803E04506FBD5B3F90050002D03DA2D236D4284F8433059480A2310E02168EF
S3250801C4803368080653F8045B02D4490648BFADB26F2F5348336059D10823002184F843109E
S3250801C4A06668A660002E05DB21682E4321F0040121604DD01646B5FBF3F103FB1157C75D63
S3250801C4C006F8017D2F46BB420D46F4D9082B0BD12368DF0708D5236961689942DEBF3023C2
S3250801C4E006F8013C06F1FF36921B2261CDF800A04B4603AA21464046FFF7E8FE01304CD1DC
S3250801C5004FF0FF3004B0BDE8F087236843F0200323603448782784F84570236831681F06D5
S3250801C52051F8045B02D45F0648BFADB23160D90744BF43F0200323601DB11023ADE7284851
S3250801C540E9E7236823F020032360F6E70A23A4E71646BBE7336825686169181D30602E063A
S3250801C5601B6801D5196002E06806FBD51980002323611646BAE733681A1D32601E686268C9
S3250801C58000213046FEF73CFA08B1801B606063682361002384F84330A8E723693246494633
S3250801C5A04046D0470130ABD023689B0713D4E068039B9842B8BF1846A4E7012332464946C4
S3250801C5C04046D04701309BD00135E36803995B1AAB42F2DCEBE7002504F11906F5E700BF20
S3250801C5E0182F0208292F0208002310B50446C0E90033C0E90433836081814366C2818361D6
S3250801C600194608225C3000F073F90D4B63620D4BA3620D4BE3620D4B23630D4B24629C42E9
S3250801C62006D003F16802944202D0D0339C4205D104F15800BDE8104001F02CBB10BD00BFB2
S3250801C64045C801086BC80108A3C80108C9C80108E8230020024A0349034800F07DB800BF79
S3250801C6606C02002095F90108F003002041680C4B994210B5044601D003F08CF9A168094BE3
S3250801C680994202D0204603F085F9E168064B994204D02046BDE8104003F07CB910BD00BFAF
S3250801C6A0E823002050240020B82400200C4B0D4A0D4810B504211A600022FFF795FF0A4B48
S3250801C6C001221C46092103F16800FFF78DFF04F1D0000222BDE810401221FFF785BF00BFB4
S3250801C6E02025002055C60108E8230020014801F0D3BA00BF4F250020014801F0CFBA00BFDB
S3250801C7004F25002010B50446FFF7F0FF236A1BB1BDE81040FFF7F0BF044B2362044B1B68E9
S3250801C720002BF5D1FFF7C2FFF2E700BF6DC60108202500200EB403B5014603AB054853F802
S3250801C740042B0068019302F08BFF02B05DF804EB03B07047EC0300202DE9F8430746884648
S3250801C76014460026D4E90195B9F1010905D52468002CF7D13046BDE8F883AB89012B07D9F3
S3250801C780B5F90E30013303D029463846C04706436835E9E70CB430B5184B0C1E1D689DB0E9
S3250801C7A008DA8B232B604FF0FF301DB0BDE8304002B070474FF40273ADF814304FF00003B3
S3250801C7C01B9314BF04F1FF332346049307934FF6FF7302900690ADF81630209A21AB02A90D
S3250801C7E02846019302F016FE431CBCBF8B232B60002CDAD0029B00221A70D6E7EC03002024
S3250801C8000EB410B59DB01FAB029006906FF000410A48079104910A4953F8042B059100249D
S3250801C82002A9006801931B9402F0F4FD029B1C701DB0BDE8104003B0704700BFEC0300208D
S3250801C8400802FFFF10B50C46B1F90E1001F0C4F90028ABBF636DA3891B1823F48053ACBF1E
S3250801C8606365A38110BD002070472DE9F0411F468B89DB0505460C46164605D5B1F90E10DE
S3250801C8800223002201F096F9A389B4F90E1023F48053A38132463B462846BDE8F04101F08F
S3250801C8A0BDB910B50C46B1F90E1001F083F9B4F90C30421C0BBF23F4805343F48053A3817E
S3250801C8C0A38118BF606510BDB1F90E1001F062B910B501390244904201D1002005E003787F
S3250801C8E011F8014FA34201D0181B10BD0130F2E702440346934200D1704703F8011BF9E72D
S3250801C90010B50246147813460132002CFAD1013B11F8012B03F8012F002AF9D110BDC9B214
S3250801C9200346184613F8012B12B18A42F9D17047002918BF0020704730B5044625782346EE
S3250801C9400134002DFAD1013A04D311F8014B03F8014B04B930BD002AF5D11A70F3E7F0B54A
S3250801C960044608B9146844B1204614F8015B0F4617F8016B1EB965B91560002005E0B54228
S3250801C980F6D1002BF0D114600370F0BD1C460CE01DB9274614F8013B0E4616F8015BAB42BD
S3250801C9A0F6D1002BF2D000233B701460EDE70123FFF7D5BFF7B501683B29044611D93C22E5
S3250801C9C0684601F089F9019A63680099002A0B446360BBBF3C3203F1FF3322602260B8BF63
S3250801C9E0636061683B2911D93C22684601F074F9019AA3680099002A0B44A360BBBF3C3241
S3250801CA0003F1FF3362606260B8BFA360A168172911D91822684601F05FF9019AE368009900
S3250801CA20002A0B44E360BBBF183203F1FF33A260A260B8BFE36021690B2911D90C226846FF
S3250801CA4001F04AF9019A63690099002A0B446361BBBF0C3203F1FF3322612261B8BF636137
S3250801CA6063699A073FD1642193FBF1F201FB1232002A3AD103F26C734FF4C87293FBF2F1FD
S3250801CA8002FB1133002B0CBF1D231C23E268002A2DDD304D2169012914BF55F82100184683
S3250801CAA082424DDD0131121A0C29E2602161F1D163690020591C20618807616146D1642092
S3250801CAC091FBF0F600FB1611002941D103F26D734FF4C87193FBF1F001FB1033002B0CBF83
S3250801CAE01D231C23D6E71C23D0E71D23CEE7194E0B256420216901392161013116D16369BA
S3250801CB00591E8F07C4E904511CD191FBF0F700FB1711C9B903F26B734FF4C87193FBF1F72D
S3250801CB2001FB1733002B0CBF1D231C232169012914BF56F8211019460A44002AE260D9DD56
S3250801CB4003B0F0BD1C23F1E71D23EFE71C23A1E71D239FE7003302082DE9F04F85B0074698
S3250801CB6003F076F881463846FFF724FFD7E900433C2202FB0344BB687D694FF4616202FB36
S3250801CB800344D7E90363C34A52F82320013E012B164411DDA9070FD1642295FBF2F302FB44
S3250801CBA0135343B905F26C734FF4C87293FBF2F102FB113303B9013605F51C53103344F626
S3250801CBC020629342FE6100F27081462D40F3B680462340F26D1C64214FF4C8709A0740F0DC
S3250801CBE0A78093FBF1F201FB1232002A40F0A38003F26C7292FBF0FE00FB1E22002A0CBF53
S3250801CC004FF4B77262460133AB421644E6D1A24B4FEAE478C6FB034800F080FD00F08AFD4D
S3250801CC209E4B1B68002B00F04781D7F820A078695346012BA8BF01230193D9F8043000F24B
S3250801CC406C70834240F0BD80D9E90821D9F85000D9F84CC0131A0393D9F848300293029A91
S3250801CC60D9F8283061EBE07BB2EB030E6CEBE371744578EB010280F2C780D9F80020002A89
S3250801CC8000F0D080039A944278EB0B02C0F21181744578EB0101B4BF4FF0010B4FF0000BF8
S3250801CCA0BAF1000FC0F29480019A82EA0B0ABAF1010F40F08D80BBF1000F00F0C2801B1AAF
S3250801CCC03A681A441C193A603846FA68019248EBE378FFF76FFEFB68019A9B1A78D0012BEB
S3250801CCE000F3B180B3F1FF3FA8BF9A46FB691AEB0303564440F1B0806B1E990740F0A680EF
S3250801CD00642293FBF2F102FB1133002B40F0A1804FF4C87305F26B7595FBF3F203FB125521
S3250801CD20002D40F26D1318BF4FF4B673FB614FE040F26D1267E74FF4B77264E73FF467AF38
S3250801CD40452340F26D1C64214FF4C87012E062BB93FBF1F201FB123252BB03F26C7292FB74
S3250801CD60F0FE00FB1E22002A0CBF4FF4B7726246B61A013BAB4203F00302E8DCDAB96422A4
S3250801CD8095FBF2F302FB1353C3B905F26C734FF4C87293FBF2F102FB1133002B40F26D134E
S3250801CDA008BF4FF4B773F61A31E740F26D12DFE74FF4B772DCE740F26D13F4E74FF4B77368
S3250801CDC0F1E700F0F7FB00287FF43EAFDDF804B0BBF1010F72D1D9F850301C1948EBE37866
S3250801CDE04FF0010B00F0A0FC0436072396FBF3F3C3EBC303F61A56D4C7F820B0BE612046B0
S3250801CE00414605B0BDE8F08F029A121A02924FEAE0726CEB020C029A944278EB0C0CBFF6B5
S3250801CE202CAFD3E7039A944278EB0B02FFF630AFBAF1000FCFDB4FF0010B35E74FF0000B82
S3250801CE4032E7C31A3CE74FF0FF3A4FE74FF4B6736CE740F26D1369E7AA0717D1642195FB8D
S3250801CE60F1F201FB1252DAB94FF4C87205F26C7595FBF2F102FB1155002D40F26D1208BFFD
S3250801CE804FF4B7729342A8BF9B1A4FE740F26D12F8E700BFD032020880510100442500203A
S3250801CEA04FF4B772EEE70736A6E74FF0FF34A046A5E7BAF1000FC1DA4FF0000BD9F82830AC
S3250801CEC01C1948EBE3788DE72DE9F041054690460C1F002654F8040F10B94FF0FF360CE0CB
S3250801CEE0FDF7DEFD2168074602464346286802F062FE28B92B683B442B603046BDE8F081C1
S3250801CF000136E7E783070FD1642290FBF2F302FB13035BB94FF4C87390FBF3F203FB120078
S3250801CF20B0FA80F040097047002070470120704770B50421044640F2B1750726013CAC42D5
S3250801CF4001DC084670BD2046FFF7DCFF01F26D110144B1FBF6F3C3EBC303C91AEEE70000BC
S3250801CF602DE9F04F87B0DFF89092019014461E4600250B786BBB05F00703072B40F0DE823F
S3250801CF80EA0612D4954B2669606953F82610E3681944E16100F26C70FFF7B4FF08B1012EAA
S3250801CFA001DC0139E16145F0100505F01C05142D0DD1606900F26C70FFF7BAFFE36918449C
S3250801CFC0072390FBF3F3C3EBC303C01AA0610198E8E119F8032012070ED5019B00201A46AA
S3250801CFE00133177819F807703F0703D400B101928846B6E00120F2E7252B40F08F824A78C5
S3250801D000002A00F08B82452A63D04F2A61D001F10108A2F12503D9B2542900F27282542B6B
S3250801D02000F26F82DFE813F05C006D026D026D026D026D026D026D026D026D026D026D0213
S3250801D0406D026D026D026D026D026D026D026D026D026D026D026D026D026D026D026D02D1
S3250801D06060006F007E00A0006D02B9006D02CB00EA006D026D026D0219016D026D026D02B4
S3250801D0806D025D019101A101C101E2011002480261029D006D026D026D026D026D026D02E5
S3250801D0A06C007B008E00A900A9006D026D027B006D02F900CB00EA000A0126016D022D0155
S3250801D0C04201500161019D01A5016D02B30142024E028A7801F10208002A9AD101F10108C2
S3250801D0E0019B1A78252AC8E03D49324601A8FFF7EBFE431C00F05581A06145F0080530E0FE
S3250801D10038493246F2E73849324601A8FFF7DCFE471C00F04681206145F0020521E0334968
S3250801D1203246F2E7019F33460A2203A93846FEF795FC039B9F4200F0348164225043A0F2CB
S3250801D1406C70CDE129490198D1F8A01033462246FFF706FF0390002800F02381019045F0C1
S3250801D1600F0508F1010104E72149334622460198FFF7F6FE0390F0B913E1019F33460A2263
S3250801D18003A93846FEF76AFC039B9F4200F00981E060019345F00105E3E7019F15493346B2
S3250801D1A022463846FFF7DCFE0390002800F0F980874200F0F680019045F00705D1E7019F2D
S3250801D1C033460A2203A93846FEF748FC039B9F4200F0E780A0600193C3E700BF30330208F8
S3250801D1E0DC330208C033020890330208603302083A2F0208432F0208CE310208019F33468F
S3250801D2000A2203A93846FEF729FC039B9F4200F0C8800C2808BF0020DCE7019F33460A22B5
S3250801D22003A93846FEF71AFC039B9F4200F0B9800138E061019345F0100592E7019F334618
S3250801D2400A2203A93846FEF709FC039B9F4200F0A8800138206101935EE7019F33460A2200
S3250801D26003A93846FEF7FAFB039B9F4200F099806060B0E7019B1A780A2A40F092800133D4
S3250801D280A9E7AA49324601A8FFF71EFE411C00F08880A3680C2B00F384804FF00C0202FBF1
S3250801D2A000F016BF1B18A060A3605AE7019F33460A2203A93846FEF7D1FB039B9F4270D034
S3250801D2C0013800EB4000C5E79949D1F8E410334622460198FFF744FE0390002861D0019061
S3250801D2E03FE7944933462246F3E700F0A9FCD0F800A000F0A5FCDDF804B0002303600A2298
S3250801D300334603A9584602F01BF8039B9B45CDE9040107460D4644D000F092FC0368002B35
S3250801D3203FD1DDE90423AB4208BFBA4239D1214604A802F091FC844233D100F081FC039BC0
S3250801D340C0F800A001931F250BE7019F33460A2203A93846FEF782FB039B9F4221D02060CB
S3250801D36039E7019B1A78092A87E7734933462246AFE7019F33460A2203A93846FEF76EFBAF
S3250801D380039B9F420DD00138A0610193B5E6019F33460A2203A93846FEF760FB039B9F427B
S3250801D3A0F2D1002007B0BDE8F08FDDF804A033460A2203A95046FEF751FBDDF80CB0DA454F
S3250801D3C00746EED0606900F26C70FFF7B1FDA369CDF804B0C7EBC7071F443F1A002FB8BF91
S3250801D3E00023E761BCBFA061E36124E7DDF804B033460A2203A95846FEF730FBDDF80CA0CF
S3250801D400D3450746CDD0606900F26C70FFF790FD0723821DB2FBF3F3C3EBC303D21A042AF7
S3250801D42007F1FF30B4BF07210021C0EBC0030B44A169CDF804A00B449B1A002BE361BEBFDA
S3250801D4400023A261E361F6E6DDF804B033460A2203A95846FEF702FB039FBB458246A0D033
S3250801D460606900F26C70FFF763FD0721821DB2FBF1F3C3EBC303D21AA369063393FBF1F044
S3250801D480C0EBC0001B1ACAEBCA0A03EB0A00801A0028E06108DA0132B2FBF1F3C3EBC3033F
S3250801D4A0D21A0023A261E3610197C4E620493346D1F89C1022465AE61D493346D1F8981076
S3250801D4C0224606E7019F33460A2203A93846FEF7C5FA039B9F423FF464AF452800DC643023
S3250801D4E06061019345F004053BE6019F33460A2203A93846FEF7B2FA039B9F427FF41FAE9A
S3250801D5004FE7019B197825293FF4B9AE591C5B78019193427FF445AF0B46B0E6019A107891
S3250801D52098427FF43EAF013261E500BF04340208603302084C2F0208601D020805F0140373
S3250801D540142B7FF432AD15F0020303D1E1691E2916DC2361EB073FF528AD2669114BE16916
S3250801D56053F826306069C91AE16000F26C70FFF7C9FC10B1012E3FF718AD0131E16014E52E
S3250801D5806069084E00F26C70FFF7BCFC022356F823200244914202DB01330C2BF7D1013BC6
S3250801D5A0D7E700BF30330208014BFFF7D9BC00BF800200202DE9F843044602F049FB40F237
S3250801D5C0B1739C4240F3A3806FF4F6656619A4F2B27340F26D12B61002FB03666FF4C8677D
S3250801D5E06FF06302A4F26D7393FBF2F34FF4C8721E44E319B3FBF2F3464A44601E44054620
S3250801D60000F150072B7AD5F814C04A2B38D1A10706EB0C0306D14FF0640E94FBFEF10EFB38
S3250801D620114131B94FF4C87E94FBFEF10EFB114119BBBCF13B0FD4BF4FF0000C4FF0010C48
S3250801D6406344013BA9694FEAE17CC3FB021CAB6AC9184CEBE373C5E908132835AF42D1D118
S3250801D660D0E90843D0E912128C429341B4BF0123002303600120BDE8F8834FF0000CDFE7A9
S3250801D680442B02D106EB0C03DCE7A30705D1642194FBF1F301FB134393BB4FF4C87194FB53
S3250801D6A0F1F301FB1343B3FA83F35B09DFF868E0D5F80C905B4203F0300331464FF0000895
S3250801D6C0734408F10108C14553F828E01ADC01F10408072398FBF3F3C3EBC303A8EB030385
S3250801D6E0BCEB030C2B6903F1FF3348BF0CF1070CC3EBC3039C44F44506DA01EB0C03A1E7A4
S3250801D7000123D3E77144DCE7ACF1070CF3E70020B1E700BF8051010054350208014800F005
S3250801D720BABA00BF4C250020014800F0B6BA00BF4C250020014B186800F002B8EC03002098
S3250801D7402DE9F04F8DB0054602F082FABC49BD4F0446284601F0B6F93968064610BBBA4B49
S3250801D760BA4A1860BA4BA6621860BA4B2665C3E900224A2000220023207284F83000C4E9A1
S3250801D7800366C4E90566C4E90823C4E90D66C4E90F66C4E912230846FEF72EF83E600DB039
S3250801D7A0BDE8F08F002940F08F803868FEF724F83046FDF775F9411C2846FEF747F83860AE
S3250801D7C0002840F08780A24AA24FDFF87CA200231360A14ACAF8003000200021C7E9002283
S3250801D7E0C4E90333C4E90533C4E90801C4E90D33C4E90F33C4E912014A222272A36284F87F
S3250801D8003020236533783A2B08BF01360DF1280B33783C2B62D1751C904A91495B46284649
S3250801D82002F0E0F80028BADD0A9BDA1E072AB6D8EA5C3E2AB3D10236F518F35C2D2B5BD1AA
S3250801D84001354FF0FF380023ADF81E30ADF820300DF120090DF11E030093CDE901B98149EF
S3250801D860CDF80CB05B4607AA284602F0BBF8002895DDBDF81E30BDF820603C2202FB03661D
S3250801D880BDF81C304FF4616202FB03660A9B08FB06F605EB0308EB5C3C2B40F0ED8008F129
S3250801D8A00105714A6E495B46284602F09BF8002828DC98F801303E2B24D1684BA662C7E997
S3250801D8C00033CAF800606AE7FDF78AF800287FF46CAF64E7314600F0E2F974E75F4A63492A
S3250801D8E05B46304602F07EF800287FF758AF0A9BDA1E072AA0D952E72B2B08BF01354FF0E3
S3250801D9000108A0E70A9BDA1E072A3FF648AFEA5C3E2A7FF444AF08F1020808EB030518F84C
S3250801D92003302D2B40F0B78001354FF0FF380023ADF81C30ADF81E30ADF820300A930DF1A3
S3250801D9401E030093CDE9029B4649CDF804B05B4607AA284602F046F8002800F3A280A6F5E1
S3250801D960616304930A9BA0461D444FF0000B2B782C2B08BF013595F80090B9F14D0F40F0BD
S3250801D980A0800AAB0DF12602CDE9013209AA0092374903930DF12202284602F023F8032871
S3250801D9A07FF4FDAEBDF822104B1E0B2B3FF6F7AEBDF82420531E042B3FF6F1AEBDF8263062
S3250801D9C0062B3FF6ECAEC8E9031288F80890C8F814300A9B05EB030900254FF00203ADF8A7
S3250801D9E01C30ADF81E50ADF820500A9599F800302F2B40F094800AAB08AACDE901320DF158
S3250801DA001E0200921B49039307AA484601F0EAFFA84200F384804A2100220023C4E903559C
S3250801DA20C4E90555C4E90823C4E90D55C4E90F55C4E912232172A56284F830102565AEE682
S3250801DA40522F02082425002040250020552F02084425002078020020B71D02083425002036
S3250801DA60592F02088E2F0208282500206C2F02087A2F02088D2F0208404A41495B46404678
S3250801DA8001F0B0FF00287FF718AF0A9BDA1E072A7FF643AF83E62B2B08BF01354FF0010839
S3250801DAA045E7BDF81E20BDF820303C2101FB0233BDF81C204FF4616101FB023308FB03F385
S3250801DAC04FE7B9F14A0F06BF01354B4644230A220BA928460593FEF745F8DDF82C90059BC2
S3250801DAE0ADF82600A94514D14D23BBF1000F07D1237203210223C4E90313C4F814B06BE703
S3250801DB0084F830300B220123C4E90D230023E36362E780B288F80830C8F814005CE7BDF884
S3250801DB201E20BDF820303C2101FB0233BDF81C204FF4616101FB0233C8F818300A9D0BF133
S3250801DB400103022B4D4408F128084FF0010B7FF40EAF049B23650B4B3B606068074BA66216
S3250801DB607B60FFF727FDA26A236DCAF800209B1A054A18BF0123136011E600BF282500208E
S3250801DB806C2F02083425002044250020004870477003002038B5064D0023044608462B60B7
S3250801DBA003F0DEFC431C02D12B6803B1236038BD4825002038B5074D0446084611460022B9
S3250801DBC02A601A4603F0F4FC431C02D12B6803B1236038BD4825002038B5074D0446084612
S3250801DBE0114600222A601A4603F0EAFC431C02D12B6803B1236038BD4825002038B5064D1C
S3250801DC000023044608462B6003F0E2FC431C02D12B6803B1236038BD4825002038B5074D1F
S3250801DC2004460846114600222A601A4603F0DEFC431C02D12B6803B1236038BD482500208F
S3250801DC40014B1868704700BFEC03002070B50D4B0D4D5B1B9C100026A64209D103F04CFE46
S3250801DC600A4D0B4B5B1B9C100026A64205D170BD55F8043B98470136EEE755F8043B9847D3
S3250801DC800136F2E79039020890390208903902089439020870477047704770477047034639
S3250801DCA011F8012B03F8012B002AF9D170470A44914200F1FF3300D1704710B511F8014B68
S3250801DCC003F8014F9142F9D110BD08B5062001F0B7FF012003F092FC10B591FBF2F402FB20
S3250801DCE014110460416010BD2DE9F74F03690C69A34207467EDB013C01F11408A30000F177
S3250801DD001405009305EB8403019358F8243055F8242001339A4208EB8409B2FBF3F62ED3E1
S3250801DD204FF0000AC446AE46D3465CF8043B98B206FB00A0020C1B0C06FB0323DEF80020A4
S3250801DD4080B292B2121A5A44DEF800004FEA134A9BB2C3EB224303EB104392B242EA0342B2
S3250801DD60E1454EF8042B4FEA234BDED2009BEB582BB9019B043B9D421A462FD33C613846A9
S3250801DD8001F036F9002825DB2946002058F8042BD1F800C01FFA82FE1FFA8CF3A3EB0E03C5
S3250801DDA00344120CC2EB234202EB1C429BB243EA0243C14541F8043B4FEA2240E6D255F8B5
S3250801DDC0242005EB840322B9043B9D421A460BD33C610136304603B0BDE8F08F1268043B68
S3250801DDE0002ACBD1013CC6E71268043B002AEFD1013CEAE70020EEE72DE9F04F99B08DEDA6
S3250801DE000E0B0C92C269229C0A9157EC106B8146139382B91020FDF7E7FC0246C9F81C0026
S3250801DE2020B9AD4BEF21AD48FDF79EFC0023C0E901330360C360116859B152684A600123DE
S3250801DE4093408B60484600F095FED9F81C3000221A60B7F10008B5BF0123002323602360BA
S3250801DE609F4BBCBF28F00048CDF83C8033EA08031AD1139AC8F3130842F20F7358EA0608B1
S3250801DE80136000F06C85239B53B9964B21E0964B00930833239A1360009819B0BDE8F08F0F
S3250801DEA0904B00930333F5E79DED0E7B002251EC170B00238DED067BFDF71EFA824650B14C
S3250801DEC0139A01231360239B13B1239A874B1360874B0093E0E79DED060B16AA17A9484696
S3250801DEE001F03AF95FEA1854169D019079D0079BCDF850A0C3F31303DDE9060143F07F53B8
S3250801DF0043F44013A4F2FF3419460022794BFCF7D3FD6BA3D3E90023FCF786FF6AA3D3E969
S3250801DF200023FCF7CBFD064620460F46FCF712FF67A3D3E90023FCF777FF02460B46304688
S3250801DF403946FCF7BBFD06460F46FDF71DFA00228046002330463946FDF7D8F948B1404698
S3250801DF60FCF7F8FE32463B46FDF7C6F908B908F1FF38B8F1160F51D85F4B03EBC803D3E9F6
S3250801DF800023DDE90601FDF7C1F9002848D008F1FF38002312932D1B6B1E089343BF00230B
S3250801DFA0C5F1010708930027B8F1000F3ADB089BCDF8348043440893002309930A9B092B2F
S3250801DFC064D8052BC4BF043B0A930A9BA3F10203CCBF00240124032B64D8DFE803F0535589
S3250801DFE0362B179C2C4404F23243202BC1BFC3F1400308FA03F804F2124326FA03F3D6BF6E
S3250801E000C3F1200348EA030006FA03F0FCF792FE0122A1F1F873013C149275E70123B9E74C
S3250801E0201290B8E7C8F1000309930023A7EB08070D93C3E701230B930C9B4344059301336E
S3250801E040012B0493B8BF012306E001230B930C9B002B2ADDCDE90433D9F81C0000210422B1
S3250801E06002F114059D4201F1010623D94160484600F042FD0090002842D1204B024640F2A3
S3250801E080AF11D0E60023E1E70023D4E701240023CDE90A344FF0FF33CDE904330022122341
S3250801E0A00C92D9E701230B93F4E70123CDE904331A46F5E752003146D2E700BFAFF30080A6
S3250801E0C061436F63A787D23FB3C8608B288AC63FFB799F501344D33FC9300208E030020876
S3250801E0E00000F07FC5300208BC30020895260208942602080000F83F9034020839310208AB
S3250801E100D9F81C30009A1A60049B0E2B00F2A180002C00F09E80B8F1000F36DD9E4B08F0EE
S3250801E1200F0203EBC20318F4807FD3E900AB4FEA281516D0994BDDE90601D3E90823FCF7B3
S3250801E1409DFFCDE9020105F00F050324934E75B9DDE9020152465B46FCF790FF82468B46FF
S3250801E1602DE09DED067B02248DED027BEEE7E90708D550465946D6E90023FCF755FE013427
S3250801E18082468B466D100836E1E700F0AD80C8F10005814B814E05F00F0203EBC203D3E969
S3250801E1A00023DDE90601FCF73FFE2D1182468B4600230224002D40F08C80002BCED1129B30
S3250801E1C0002B00F09580764B002250465946FDF79DF8002800F08C80049B002B00F0888079
S3250801E1E0059B002B35DD08F1FF330293504659466C4B0022FCF718FE059E82468B460134EB
S3250801E2002046FCF7A7FD52465B46FCF70DFE664B0022FCF753FC0446A1F15075CDE91045FA
S3250801E220002E69D1614B002250465946FCF744FC22462B4682468B46FDF786F8002840F0F5
S3250801E2409482224605F1004350465946FDF75EF820BB179B002BC0F26081B8F10E0F00F375
S3250801E2605C814D4B03EBC803D3E900AB0C9B002B80F2EE80049B002B00F3EA800ED14B4BAC
S3250801E280002250465946FCF7CFFD02460B46DDE90601FDF745F8002800F06A8200252C4627
S3250801E2A00C9B009EDB430293274600242946484600F060FC002F00F0C1802CB1BC4203D06F
S3250801E2C02146484600F056FC3946484600F052FCB4E0EA0705D5D6E90023FCF7A5FD0134A2
S3250801E2E001236D10083665E7DDE906AB022466E7049ECDF8088083E7274B03EBC60353E93C
S3250801E30002010B9B002B55D002460B4600202849FCF7B4FEDDE91023FCF7CEFB009BCDE920
S3250801E32010019D191E4659465046FDF72DF80446FCF710FD02460B4650465946FCF7BCFB93
S3250801E3403034DDE9102306F8014B82468B46FCF7DDFF002872D152465B4611490020FCF78E
S3250801E360ABFBDDE91023FCF7D1FF002840F0B680AE423FF46EAFDDE910010A4B0022FCF71D
S3250801E38053FD084BCDE91001002250465946FCF74BFD82468B46C6E79034020868340208B8
S3250801E3A00000F03F0000244000001C40000014400000E03FDDE91023FCF736FD009B009D95
S3250801E3C0CDE910013344159359465046FCF7DCFF0446FCF7BFFC30340B460246594650461B
S3250801E3E0FCF76AFB05F8014B159B9D4282468B4627D1009B0022DDE910011E44B34BFCF766
S3250801E4005DFB02460B4650465946FCF79DFF002864D1DDE91023AD490020FCF74DFB024649
S3250801E4200B4650465946FCF771FF00283FF411AF334616F8012D302AFAD01E46DDF808802F
S3250801E4403AE0A34B0022FCF7EFFC82468B46BBE7009E52465B46DDE90601FCF70FFEFCF7D3
S3250801E46093FF0746FCF776FC52465B46FCF7DCFC02460B46DDE90601FCF71EFB07F1300C9F
S3250801E480009C06F801CBA6EB040C049C644502460B4633D1FCF712FB52465B4604460D46AA
S3250801E4A0FCF752FFC0B952465B4620462946FCF723FF08B1FB070FD40199484600F05AFB62
S3250801E4C00023139A337008F101031360239B002B3FF4E2AC1E60DFE4CDF8088033461E4635
S3250801E4E013F8012D392A06D1009A9A42F7D1029A01320292302201321A709FE7744B002283
S3250801E500FCF792FC02460B46CDE9062300220023FCF7F2FE00289CD0CEE70B9A002A00F0C3
S3250801E520E3800A9A012A00F3C280149A002A00F0BA8003F23343099D3E46089A01211A44AC
S3250801E54048461F44089200F0C9FB044656B1089B002B07DDB342089AA8BF3346FF1AF61ACA
S3250801E560D31A0893099B0BB30B9B002B00F0C380002D00F0BD8021462A46484600F06EFC85
S3250801E580019A01460446484600F0BEFB01998246484600F0EFFA099B5B1B099300F0AE806C
S3250801E5A0099A5146484600F059FC01900121484600F094FB0D9B0546002B00F0D7811A46B9
S3250801E5C00146484600F04AFC0A9B012B054600F39D800E9B002B40F094800F9BC3F3130367
S3250801E5E0002B40F08E800F9B23F000431B0D1B05002B00F08980089B0133013708934FF04E
S3250801E600010A0D9B002B00F0B7812B6905EB8303186900F017FBC0F12000089B184410F088
S3250801E6201F007ED0C0F12003042B72DD089BC0F11C000344074406440893002F05DD01997A
S3250801E6403A46484600F066FC0190089B002B05DD29461A46484600F05DFC0546129B002B41
S3250801E66061D00198294600F0C3FC00285BDA08F1FF330293019900230A22484600F09CFA89
S3250801E6800B9B0190002B00F07981002321460A22484600F091FA059B002B044672DC0A9B58
S3250801E6A0022B49DC6EE0169BC3F1360343E7049B5D1E099BAB420DDB5D1B049B002BBFF659
S3250801E6C03BAF049BFE1A002337E700BF0000E03F00002440099B0D9A0995EB1A1A440D921C
S3250801E6E0049B3E46002528E7099D0B9C3E462DE7DDF804A054E7099A019953E7CDF804A03B
S3250801E70054E74FF0000A7CE79A467AE74FF0000A7BE792D0089A1C331A441F441E44089207
S3250801E7208BE70346F6E7049BCDF80880002B23DC05930A9B022B21DD059B002B7FF4B0AD19
S3250801E74029460522484600F037FA01460546019800F04EFC00287FF7A3AD009E312306F822
S3250801E760013B029B013302939EE535462C46F4E7049DCDF80880F9E7049B05930B9B002BC7
S3250801E78000F00081002E05DD21463246484600F0C1FB0446BAF1000F5AD06168484600F05B
S3250801E7A0ABF9064628B9824B024640F2EF21FFF73ABB22690232920004F10C010C30FFF7B2
S3250801E7C076FA01223146484600F0A4FB0746009B009A03F1010B059B134406930E9B03F055
S3250801E7E0010308930BF1FF33294601980493FFF77BFA2146059000F1300A019800F0F8FB90
S3250801E8003A4680462946484600F00EFCC268064602BB0146019800F0EBFB02463146484676
S3250801E820099200F0A7F9DDE9092342EA0301089B19435E4610D1BAF1390F2BD0B8F1000F52
S3250801E84002DD059B03F1310A049B83F800A02DE52746BCE70122E1E7B8F1000F06DB0A9BF6
S3250801E86048EA0308089B58EA030820D1002AEBDD01990122484600F04DFB2946019000F006
S3250801E880B7FB002803DCDFD11AF0010FDCD0BAF1390FD6D1049A3923137033461E46013B0A
S3250801E8A016F8012C392A52D001321A70FEE4002A07DDBAF1390FEDD0049A0AF1010313700C
S3250801E8C0F4E4069B0BF801AC5B452AD0019900230A22484600F070F9BC4201904FF00003C5
S3250801E8E04FF00A022146484606D100F065F9044607460BF1010B75E700F05EF93946044699
S3250801E90000230A22484600F057F90746F1E7059B5E1E002B009BD8BF00265A1C27461644CA
S3250801E920002401990122484600F0F4FA2946019000F05EFB0028B0DC02D11AF0010FACD114
S3250801E94033461E4613F8012D302AFAD0AEE4009A9A42A3D1029B013302933123AFE7239BE4
S3250801E960002B7FF494AA134BFFF7B3BA0A9B012B7FF72FAEDDF834A001204EE6059B002BFE
S3250801E9807FF7D7AE009E01982946FFF7ADF900F1300A009B06F801ABF21A059B9342B6DDA7
S3250801E9A0019900230A22484600F006F90190EAE739310208BC30020838B50546002941D0A4
S3250801E9C051F8043C0C1F002BB8BFE418FCF7BEFF1D4A136833B9636014602846BDE8384096
S3250801E9E0FCF7BABFA34208D9206821188B4201BF19685B6809182160EDE71A465B680BB1EF
S3250801EA00A342FAD911685018A0420BD120680144501883421160E0D118685B685360084432
S3250801EA201060DAE702D90C232B60D6E7206821188B4204BF19685B68636004BF0918216087
S3250801EA405460CAE738BD00BFE42300202DE9F84FDFF86CA006468946174601F013FADAF8DF
S3250801EA60004034B14B46984613F8012B3AB13D2AF9D1304601F00CFA0020BDE8F88FA8EB54
S3250801EA800908A34654F8040B0028F2D04246494601F07FF80028F4D154F8043C03EB080535
S3250801EAA013F808303D2BECD1DAF80030ABEB03039B1030463B6001F0EBF9681CDDE700BFA9
S3250801EAC09804002007B501AAFFF7C0FF03B05DF804FB82B001B901A942B14BB113780B60CD
S3250801EAE01278101E18BF012002B070471046FBE76FF00100F8E7000070B5C46905460E4686
S3250801EB0084B91020FCF770FE0446E86128B90246164B17486B21FCF727FE0023C0E90133F8
S3250801EB200360C360E36853B921220421284601F095F9EB69E060DB680BB9002070BD53F861
S3250801EB40260030B1026843F826200023C0E90333F4E7012101FA06F4621D9200284601F050
S3250801EB607DF90028E9D0C0E90164EEE7C93002084A31020870B5C66905460C4676B9102074
S3250801EB80FCF732FE0246E86120B9094B09488F21FCF7EAFDC0E901660660C6603CB1EB69CD
S3250801EBA06268DB6853F82210216043F8224070BDC93002084A3102082DE9F0410D690746DF
S3250801EBC00C461E4601F1140C0020DCF8003099B202FB01611E0C0B0C02FB063389B20130AD
S3250801EBE001EB034185424CF8041B4FEA1346ECDC0EB3A368AB4219DC616838460131FFF735
S3250801EC007BFF804628B902460C4B0D48BA21FCF7ABFD2269023204F10C0192000C30FFF7D5
S3250801EC2046F821463846FFF7A5FF444604EB850301355E6125612046BDE8F081393102089C
S3250801EC404A310208B0F5803F034636BF030400201020B3F1807F3CBF1B020830B3F1805FB1
S3250801EC603CBF1B010430B3F1804F3CBF9B000230002B05DB13F0804F00F1010008BF202029
S3250801EC8070470368024613F007000BD0D90721D4980749BF5B089B08012013605CBF136072
S3250801ECA00220704799B209B91B0C1020D9B209B908301B0A190704BF1B090430990704BFC0
S3250801ECC09B080230D90703D45B0800F1010003D013607047002070472020704710B50C4662
S3250801ECE00121FFF709FF024628B9054B054840F24511FCF739FD01234461036110BD00BFB5
S3250801ED00393102084A3102082DE9F04FD1F81090D2F810A0D14585B08846144604DB5346C8
S3250801ED200C46CA4690469946A36861680AEB0906B342B8BF0131FFF7DFFE30B90246454BA3
S3250801ED4045484FF4B171FCF70FFD00F1140505EB86072B460022BB421FD304F1140C08F19C
S3250801ED6014010CEB8A0301EB890202921A1B153A22F0030215349C4288BF00220192029A86
S3250801ED8003918A420CD8002E03DD57F8043D002B5DD0066105B0BDE8F08F43F8042BDAE7BF
S3250801EDA0B1F800A0BAF1000F24D0E046A9464FF0000E58F8042BD9F800401FFA82FBA4B26F
S3250801EDC00AFB0B444FEA124BD9F8002074444FEA124E0AFB0BE202EB1442A4B244EA0244F9
S3250801EDE0434549F8044B4FEA124EE2D8019AAA18C2F804E0039AB2F802800431B8F1000FE8
S3250801EE0023D02A68E6469146AA464FF0000BBEF8004008FB04B404EB194492B242EA04426E
S3250801EE204AF8042B5EF8042BDAF800904FEA124B1FFA89F208FB0B2202EB144273454FEADD
S3250801EE40124BE4D8019C2C196260043597E7013E99E700BF393102084A3102082DE9F84367
S3250801EE60174612F0030280460D4607D0264C013A002354F82220FFF79FFE0546BF103FD015
S3250801EE80D8F81C4094B91020FCF7AEFC0446C8F81C0030B902461D4B1D4840F2B311FCF710
S3250801EEA063FC0023C0E901330360C360A66846B940F271214046FFF711FF0023A060064692
S3250801EEC003602C464FF0000907F001037F1053B1294632464046FFF717FF214605464046C7
S3250801EEE0FFF748FE67B1306838B9324631464046FFF70AFF3060C0F8009006462C46E3E752
S3250801EF002846BDE8F88300BF5C340208C93002084A3102082DE9F84F0C464968236903EB99
S3250801EF206218A368074615464FEA621A08F101094B450BDB3846FFF7DFFD064648B9024682
S3250801EF40294B2A484FF4EF71FCF70EFC01315B00EEE7002300F1140C00F11002194653458C
S3250801EF6035DB22692AEAEA7A0CEB8A0C04F1140315F01F0E614603EB82022CD0CEF1200AA6
S3250801EF80002518688B4600FA0EF02843CBF8000053F8045B9A4201F1040125FA0AF5F0D863
S3250801EFA0131B153B23F0030304F115018A4238BF00239C44CCF8045005B9C1463846C6F8C1
S3250801EFC010902146FFF7D6FD3046BDE8F88F42F8041F0133C3E753F8045B0D609A4201F190
S3250801EFE00401F8D8E9E700BF393102084A3102080A6903460069801A30B50ED11433143196
S3250801F00003EB820401EB820154F8045D51F8042D954203D005D24FF0FF3030BDA342F3D350
S3250801F020FBE70120F9E700002DE9F74F8A460646114650461446FFF7DBFF051E12D12946DA
S3250801F0403046FFF759FD024628B9414B40F237214048FCF789FB0123C0E90435104603B092
S3250801F060BDE8F08FBCBF5346A2463046DAF80410BABF1C4601250025FFF73EFD024618B995
S3250801F080334B40F24521E3E7DAF810702669C5600AF1140904F1140E00F114050AF1100334
S3250801F0A009EB87080EEB86060193AB464FF0000C019B5EF8040B53F804AF01931FFA8AF340
S3250801F0C0194683B2CB1A000C6344C0EB1A4000EB23409BB243EA004376454BF8043B4FEA6F
S3250801F0E0204CE5D8331B153B153423F00303A64238BF0023E8184B441C1D04302646A5EBDE
S3250801F1000905464506EB050E0ED308F10301091B21F003010133984538BF0021014451F875
S3250801F120043D9BB1176199E756F8041BE2464FEA11491CFA81FC514409EB2C4989B241EA1C
S3250801F14009414FEA294CCEF80010DAE7013FE6E7393102084A3102082DE9F7430F46012144
S3250801F16059EC108B1646FFF7C7FC044630B90246234B244840F20F31FCF7F6FAC9F30A55C6
S3250801F180C9F313030DB143F480130193B8F1000323D068460093FFF774FD0099D8B1019A6E
S3250801F1A0C0F1200302FA03F30B43C24063610192019BA361002B0CBF012202222261A5B11D
S3250801F1C0A5F2334505443D60C0F135003060204603B0BDE8F0836161EAE701A8FFF751FD04
S3250801F1E0019B636120300122E8E704EB8203A0F2324038601869FFF725FDC0EB4210E5E7EC
S3250801F200393102084A3102080346084641B1FF2A04D98A221A604FF0FF3070470A70012071
S3250801F220704700002DE9F04F85B09046434A029089461E460D462B4615F8014B175D17F0BE
S3250801F2400807F8D12D2C10D12C7801279D1C36F0100315D1302C0DD12B7803F0DF03582BB4
S3250801F26008D16C78023510260AE02B2C04BF2C789D1CECE7002EF6D1302C14BF0A2608269F
S3250801F28007F1004A07F1FF3B0AF1FF3AF3173246584651460393FCF75FF9019200228E4696
S3250801F2A0844611461046A4F13003092B05D9A4F14103192B1ED8A4F137039E4224DD541CBB
S3250801F2C015D084457EEB01021BD38E4508BF844502D1019A9A4214DB039A714300FB02111C
S3250801F2E0A6FB00020A44181842EBE371012215F8014BD8E7A4F16103192B05D8A4F1570319
S3250801F300DBE74FF0FF32F2E7531C0AD1029A2223136058465146B8F1000F0AD105B0BDE813
S3250801F320F08F17B1404261EB4101B8F1000FF5D00AB105F1FF39C8F80090EFE7CE310208D2
S3250801F34013460A46014602480068FFF76BBF00BFEC0300202DE9F0478E681F46BE4282469E
S3250801F3600C469046334653D8B1F90C0010F4906F2BD065692368096905EB4505A3EB010961
S3250801F38005EBD5757B1C6D104B44AB422A4684BF1D462A46430527D511465046FCF756FA9A
S3250801F3A0064658B321694A46FEF781FCA38923F4906343F08003A381266165614E44A5EBDC
S3250801F3C009052660A5603E463B461F4620683A46414600F0C5FBA3689B1BA36023683B440E
S3250801F3E023600020BDE8F087504600F057FD06460028E1D121695046FFF7DEFA0C23CAF860
S3250801F4000030A38943F04003A3814FF0FF30E9E73E46DBE72DE9F04F98468B891B069DB0AE
S3250801F42007460D46144610D50B6973B94021FCF70DFA2860286130B90C233B604FF0FF30B1
S3250801F4401DB0BDE8F08F40236B610023099320238DF82930CDF80C803023DFF89C818DF880
S3250801F4602A304FF0010923469A4613F8012B0AB1252AF9D1BAEB040B0BD05B46224629467F
S3250801F4803846FFF767FF013000F0A780099A5A4409929AF80030002B00F09F8000234FF001
S3250801F4A0FF32CDE905230AF1010A049307938DF853301A935446052214F8011B4E48FBF7D1
S3250801F4C09FFA049AD8B9D00644BF20238DF85330110744BF2B238DF853309AF800302A2BA9
S3250801F4E015D0079A544600204FF00A0C214611F8013B303B092B4BD9B0B1079214E0A0EB80
S3250801F500080309FA03F313430493A246D2E7039B191D1B680391002BBBBF5B4242F00202E7
S3250801F52007930793B8BF049223782E2B0AD163782A2B32D1039B1A1D1B68039243EAE37309
S3250801F54002340593DFF8C0A0217803225046FBF757FA38B1049BA0EB0A0040228240134369
S3250801F5600134049314F8011B24488DF828100622FBF746FA002836D0214B1BBB039B0733BD
S3250801F58023F0070308330393099B334409936AE70CFB02320C460120A8E700230134059339
S3250801F5A019464FF00A0C204610F8012B303A092A03D9002BC6D00591C4E70CFB0121044600
S3250801F5C00123F0E703AB00932A460E4B04A93846FCF754FC421C0646D6D1AB895B063FF58F
S3250801F5E02DAF09982CE703AB00932A46054B04A93846FCF7D9FEEDE7A4310208AE310208DA
S3250801F6007DBE010855F30108AA3102089368013B002B10B4936008DA9469A34201DB0A2975
S3250801F62003D15DF8044B00F009BA1368581C1060197008465DF8044B7047F8B506460F46B1
S3250801F6401446D518AC4201D1002007E014F8011B3A463046FFF7DAFF431CF3D1F8BD0000C8
S3250801F6602DE9F04F0D469DB014469846064618B1036A0BB9FDF746F86B6ED90705D4AB8910
S3250801F6809A0502D4A86DFEF707FBAB891B0701D52B699BB92946304600F00EFA70B16B6EEF
S3250801F6A0DC0704D54FF0FF301DB0BDE8F08FAB899805F7D4A86DFEF7F1FAF3E700230993F6
S3250801F6C020238DF82930CDF80C803023DFF8AC818DF82A304FF0010923469A4613F8012BAA
S3250801F6E00AB1252AF9D1BAEB040B0BD05B46224629463046FFF7A1FF013000F0A780099A29
S3250801F7005A4409929AF80030002B00F09F8000234FF0FF32CDE905230AF1010A04930793FD
S3250801F7208DF853301A935446052214F8011B5348FBF766F9049AD8B9D10644BF20238DF85F
S3250801F7405330130744BF2B238DF853309AF800302A2B15D0079A544600204FF00A0C214691
S3250801F76011F8013B303B092B4BD9B0B1079214E0A0EB080309FA03F313430493A246D2E767
S3250801F780039B191D1B680391002BBBBF5B4242F0020207930793B8BF049223782E2B0AD1E7
S3250801F7A063782A2B32D1039B1A1D1B68039243EAE37302340593DFF8D4A02178032250462A
S3250801F7C0FBF71EF938B1049BA0EB0A004022824013430134049314F8011B29488DF8281058
S3250801F7E00622FBF70DF900283FD0264B1BBB039B073323F0070308330393099B3B440993D7
S3250801F8006AE70CFB02320C460120A8E700230134059319464FF00A0C204610F8012B303AA3
S3250801F820092A03D9002BC6D00591C4E70CFB012104460123F0E703AB00932A46124B04A97F
S3250801F8403046FCF71BFB0746781CD6D16B6ED90705D4AB899A0502D4A86DFEF71FFAAB8900
S3250801F8605B063FF51FAF09981EE703AB00932A46054B04A93046FCF797FDE4E7A43102081B
S3250801F880AE3102087DBE01083BF60108AA310208B1F90C202DE9F041160705460C4651D411
S3250801F8A04B68002B02DC0B6C002B49DDE66A002E46D0002312F480522F682B6031D0626D34
S3250801F8C0A389590705D56368D21A636B0BB1236CD21A0023E66A216A2846B047421CB4F989
S3250801F8E00C3006D129681D2946D8294ACA40D60742D500226260D9042269226004D5421C7B
S3250801F90001D12B6803B96065616B2F60C1B104F14403994202D02846FFF74EF800236363A9
S3250801F9200EE0216A01232846B0470246501CC7D12B68002BC4D01D2B01D0162B1AD12F6044
S3250801F94000201EE00F69002FFAD093070E6808BF4B690F6018BF0023A6EB07088B60B8F1E1
S3250801F960000FEDDD216AA66A43463A462846B047002808DCB4F90C3043F04003A3814FF0C8
S3250801F980FF30BDE8F0810744A8EB0008E7E700BF0100402038B50B6905460C4613B9002550
S3250801F9A0284638BD18B1036A0BB9FCF7ABFEB4F90C30002BF3D0626ED00704D4990502D475
S3250801F9C0A06DFEF769F928462146FFF761FF636EDA070546E4D4A3899B05E1D4A06DFEF751
S3250801F9E05DF9DDE70EB470B59DB021AC00254FF4017254F8046BADF814201B950290069096
S3250801FA00FBF74EF80B4B039007900B480B934FF6FF73ADF816303246234602A900680F95F4
S3250801FA201495019400F0CCFA1DB0BDE8704003B0704700BF67C80108EC030020F8B50E4630
S3250801FA401446054618B1036A0BB9FCF75BFEA369A360A3891A0701D5236943B9214628461D
S3250801FA6000F02AF818B14FF0FF373846F8BD23682269981A6369F6B28342374605DC21462E
S3250801FA802846FFF787FF0028EDD1A368013BA36023685A1C22601E706269431C9A4204D052
S3250801FAA0A389DB07E1D50A2EDFD121462846FFF771FF0028D9D0D6E738B5284B0546186897
S3250801FAC00C4618B1036A0BB9FCF71CFEB4F90C301A0721D4D80607D409222A6043F04003DB
S3250801FAE0A3814FF0FF3030E0590712D5616B41B104F14403994202D02846FEF75DFF002385
S3250801FB0063630022B4F90C3062602269226023F0240343F00803A38122693AB99A0501D5A7
S3250801FB20180603D52146284600F038FDB4F90C3013F001020AD00022A26062695242A26177
S3250801FB40226942B913F08000C8D138BD990758BF6269A260F4E70020F7E700BFEC030020D4
S3250801FB60884210B501EB020402D98442234607D8431EA14207D011F8012B03F8012FF8E7B2
S3250801FB800244824200D110BD13F8011D02F8011DF7E710B56AB10139841810F8012B11F89C
S3250801FBA0013F9A4203D1A04201D0002AF5D1D01A10BD1046FCE72DE9F84305460F469846E4
S3250801FBC000EB02094D450FD0414615F8010B00F093F94146044617F8010B00F08DF90646E5
S3250801FBE0201A02D1002EEDD10020BDE8F8831F2938B505460C4604D9162303604FF0FF3004
S3250801FC0038BDC26B12B152F821304BB9284600F023F9224601462846BDE8384000F00AB9EA
S3250801FC20012B0AD0591C03D1162303600120E7E7002142F82410204698470020E0E7000020
S3250801FC40024B01461868FFF7D2BF00BFEC03002000487047400400202DE9F0410C460746E3
S3250801FC60FFF7F6FF21460646384600F043FD43699907044603F26C7806D1642298FBF2F3E5
S3250801FC8002FB1383002B6FD14FF4C87398FBF3F503FB1585B5FA85F56D09644B6D4205F0D4
S3250801FCA030051D44FDF73AFDFDF744FD604B1B68002B68D07368434558D1D7E900233768A0
S3250801FCC0D6E90801002F59D1824273EB01015CDB01232362336D21684FF4616293FBF2F051
S3250801FCE002FB10333C2293FBF2F602FB1633C91A6268A3682160921B1B1A3B296260A36057
S3250801FD004FDD013262603C3921603B2A4FDD0133A3603C3A6260172B4FDDE2690132E2618E
S3250801FD20A2690132072AA8BF0022A261E268183B0132A3602369E26055F823108A420EDDE1
S3250801FD400B2BA2EB0102E26003F1010209BF636922610022013302BF22616361E261FDF7E9
S3250801FD60E3FC2046BDE8F081012596E74046FDF721FC0028A1D14FF0FF3304E0824273EBCE
S3250801FD80010102DA0023236209E0D6E9120182428B41B4BF012300232362002B9AD1B36A91
S3250801FDA099E70029B1DA013A62603C31ACE7002AB1DA013BA3603C32ACE7002BCFDAE269EF
S3250801FDC0013AE261A269013A48BF0622A261E2681833013AE260A360002AC0D12369013B86
S3250801FDE004D4236155F82330E360B8E70B23236163695A1E6261920703F26B7305D1642196
S3250801FE0093FBF1F201FB12326AB94FF4C87293FBF2F102FB1133B3FA83F35B0903F5B67328
S3250801FE20E3610B23DEE70123F8E700BF583502084425002038B5074D002304460846114647
S3250801FE402B6001F0ADFB431C02D12B6803B1236038BD00BF4825002001F092BB70B5A1FB33
S3250801FE60025434B92946FBF7F1FC064628B9304670BD0C2202600026F9E72A462146FCF7B2
S3250801FE8037FDF4E70148FDF707BF00BF4D2500200148FDF703BF00BF4D2500202DE9F04159
S3250801FEA0074614460D4621B9BDE8F0411146FBF7CDBC2AB9FEF780FD25462846BDE8F08173
S3250801FEC000F0E0FC8442064602D8B4EB500FF4D821463846FBF7BAFC804608B94546ECE71F
S3250801FEE0B4422246294628BF3246FDF7E0FE29463846FEF761FDF1E7034B1B5C03F003031F
S3250801FF00012B08BF20307047CE31020838B54B1C144603D14FF0FF35284638BD938923F048
S3250801FF2020039381636B5268CDB28BB1A36B934208DD23685A1E226003F8015C6368013394
S3250801FF406360E9E7214600F09BFB0028F1D0E1E72169236851B1994208D213F8011CA94282
S3250801FF6004D1013B013223606260D5E7C4E90F3204F1440363630323A363234603F8465F08
S3250801FF8023600123DCE710B50C46496B69B104F14403994201D0FEF70FFD236C63600020A8
S3250801FFA0606313B1E36B236010BD2369236000236360A38943F02003A3814FF0FF30F3E72A
S3250801FFC02DE9F04FADF5237D41AC0D460021C4E9031101A96161AF49C4F87C11DFF8C4B25F
S3250801FFE0AD49C4F880110746E846009392F80090B9F1000F00F060811BF8093013F00803A3
S3250802000002F101061BD06B68002B10DD2B681A781BF80220120701D43246E7E722690132B4
S3250802002022616A680133013A6A602B60EBE7D4F880312946384698470028E7D0ECE7B9F120
S32508020040250F40F084802360A36053782A2B02BF1023961C23600A22B2461AF8011BA1F175
S325080200603003092B1DD98D4B03221846FAF7C8FC38B18A4B2268C01A012383401343236021
S32508020080564616F8013B782B06D8572B10D8252B5DD057D8002B76D00323A3610A23636048
S325080200A089E0A36802FB03113039A1605646D3E7A3F15802202AEFD801A151F822F000BF30
S325080200C0950102089900020899000208F101020899000208990002089900020899000208A2
S325080200E099000208990002089900020807020208ED0102084B0102084B0102084B010208FA
S3250802010099000208A70102089900020899000208990002089900020817020208AF01020811
S325080201208D01020899000208990002081302020899000208ED0102089900020899000208D1
S3250802014095010208453B022BA6D8052332E06B68002B0DDD2B681A784A4540F0AD8001335D
S325080201606A682B602369013A01336A60236153E7D4F880312946384698470028EAD0E0681C
S32508020180002840F091804FF0FF3091E0226842F020022260226842F40072226010226E2B28
S325080201A0626006D801E000236360032302E0082363600423A3616B68002B3CDD23685906A6
S325080201C005D42B681A781BF8022012073BD4A369022B4BDC43462A462146384600F06EF820
S325080201E0012869D002287FF417AFC8E70A22D6E7314601A800F00BFA236843F040032360F9
S3250802020006460123D6E7236843F0400323600023D0E70223CEE72068C3063FF5FDAED8F869
S3250802022000302269191DC8F800101B68C0074CBF1A801A60F0E6D4F8803129463846984765
S325080202400028BBD09BE72269013222616A68013A002A6A6002DD01332B60B2E7D4F8803163
S325080202602946384698470028ABD088E7042B06DC43462A462146384600F07AF8B0E7084B55
S32508020280002B3FF4C9AE43462A4621463846AFF30080A5E70DFF010887FF0108AA31020864
S325080202A000000000CE310208AB895B063FF56BAF0DF5237DBDE8F08FE068F9E72DE9F84303
S325080202C015468A6880460C4632B98A69002A14BF4FF0FF3201228A602268DFF89090D106F9
S325080202E05FBF1A68111D196016680027A06988B1012807D12B681A7863699B5C53B9002F9C
S3250802030031D022E0022820D12B681B7819F803301B071AD42368DA065EBF2B681B7806F889
S32508020320013B2A686B6801322A60A268013B013A6B600137A26042B1002BD7DCD4F880317B
S325080203402946404698470028D0D0236813F0100305D1E2680132E260A26902B133702369CE
S325080203603B4423610020BDE8F88300BFCE3102082DE9F04F9846734B0C468246164693E880
S32508020380070087B003AB83E807006F4BA1696F4A032908BF1A46A36801925A1EB2F5AE7F35
S325080203A088BF6FF4AE75274682BF03EB050940F25D13A36057F81C3B43F4506398BF4FF0EB
S325080203C0000923603D464FF0000B316803AB097853F82B000222FAF713FB28B3BBF1010FBC
S325080203E058D162682AB92268082142F4007261602260226822F4A0622260A268511EA160DB
S3250802040092B13268511C3160127805F8012B7268013A002A726007DCD4F8802131465046D0
S325080204209047002840F083800BF1010BBBF1030FCBD1616809B90A216160454B6069591AD5
S3250802044000F0E5F84FF0000BA3682268002B3DD03168606991F800C010F80C00002835D0BC
S32508020460BCF1300F24D1100522D50BF1010BB9F1000F03D0013309F1FF39A3607368013B6B
S32508020480002B73601BDD336801333360A368013BA360D9E7BBF1020FAFD1226802F4C0610C
S325080204A0B1F5007FC5D11021616042F48072A3E722F4106222600B7805F8013BDEE7D4F876
S325080204C080313146504698470028DFD02368DB050DD5BD4209D915F8011CD4F87C3132464F
S325080204E05046984705F1FF394D46BD4227D0226812F0100212D12A706368019E3946504626
S32508020500B047D8F8003021681A1DC8F800208E061B680FD51860E3680133E3602369ED1B6B
S325080205205D442B442361002007B0BDE8F08F4FF0000BCBE7CA074CBF18801860EBE7012041
S32508020540F2E700BFC01B020859BA010861BB0108C531020870B50C46B1F90E10002996B01F
S3250802056015461E460ADAA18911F0800113D14FF48062002031602A6016B070BD6A4600F045
S325080205805FF90028EFDB019901F47041A1F5005359425941EBE700214022EAE78B8973B541
S325080205A09E0705460C4607D504F14703236023610123636102B070BD01AB6A46FFF7CAFFE5
S325080205C0009E28463146FBF741F9B4F90C3038B99A05EFD423F0030343F00203A381E3E7E1
S325080205E043F08003A381019B2060C4E90406002BE0D0B4F90E10284600F034F90028D9D03C
S32508020600A38923F0030343F00103A381D2E770B50B7804465E2B0BBF4B784A1C8A1C00213C
S3250802062008BF0121013804F1FF0500F8011FA842FBD10BB9501E70BD81F00101E154104664
S32508020640024612F8015B2D2D05D05D2D16D0002DF1D02B46F2E746785D2EFAD0B342F8DC29
S3250802066002301A4601329642A154FBDCF21A013AB342A8BF002201331344E1E71046DAE7D2
S325080206802DE9F0410C46496B04F1440399421DD14FF48061FBF7DAF818B94FF0FF30BDE82C
S325080206A0F0814FF48063A36394F84630606380F8FF3394F8453080F8FE3394F8443080F8FC
S325080206C0FD3300F2FD3020600020E8E7A66B77003A46FFF7E3FB05460028DED000EB060856
S325080206E0014632464046FDF7E2FAC4E90D57C4F80080E9E72DE9F0414D4A0C460023D0E9AC
S325080207000001FAF7D9FE002ABCBF02F5A83202F5C0724FF4616100F52F20B2FBF1F301FB8B
S3250802072013224FF03C01ACBF00F66C2000F66B20A360B2FBF1F301FB132263602260C31CA1
S32508020740072293FBF2F2C2EBC2029B1A394955D50733A361A0F50E33A3F52C7393FBF1F161
S32508020760354B03FB010048F6AC63B0FBF3F3034440F2B45CB0FBFCF29B1A40F26D172F4A06
S32508020780B0FBF2F264269B1AB3FBF7F2B3FBFCF3B2FBF6F5EB1A034407FB1233992003EB75
S325080207A08307023703F1010EB7FBF0FC00FB0CF002304FF00508B0FBF8F0AEEB000040F2F2
S325080207C0F95E77458CBF6FF00907022767444FF4C87C0CFB0121012F98BF0131B3F5997F3F
S325080207E012D3A3F59973E361A1F26C710023E060C4E9047123622046BDE8F0810028A361FA
S32508020800A8DB90FBF1F1ABE712F0030F02D106FB15255DB94FF4C875B2FBF5F605FB1622BE
S32508020820B2FA82F252093B331344DCE70122FAE780510100B13A02004FC5FDFFB03A0200E6
S3250802084038B5074D00230446084611462B6000F08FFE431C02D12B6803B1236038BD00BF7D
S325080208604825002038B5064D0023044608462B6000F08EFE431C02D12B6803B1236038BDE8
S325080208804825002051F8043C181F002BBCBF0B58C018704710EE103A194923F000428A4298
S325080208A01BD9B2F1FF4F02D330EE400A704700B583B0684600F018F900F0030001289DED12
S325080208C0000ADDED010A13D002280BD098B9012000F0C2F803B05DF804FBDFED0A0A00201E
S325080208E000F0BAB8012000F0B7F8B1EE400AF1E700F030F8EEE700F02DF8B1EE400AE9E74A
S32508020900D80F493F0000000010EE103AC3F3C7527F3A162A19460EDC002A11DB0C48104144
S32508020920034205D04FF4800313410B4423EA000300EE103A7047802AFAD130EE000A7047D1
S32508020940013203F00043F3D143F07E53F0E700BFFFFF7F0010EE103A23F00043B3F1485F5A
S325080209602CD2FDEEC07A17EE903A002B60D060EE007A9FED317A9FED315ADFED315A9FED21
S32508020980316ADFED316AA7EE875A9FED307AE7EE855AA7EEA56AA7EE867AE7EE876A67EE91
S325080209A0A66A60EEC00AB6EE007AE7EEA60AB7EE000AD7EE870A30EE600A704760EE007A50
S325080209C09FED1D7A9FED1D5ADFED1D5A9FED1D6ADFED1D6A1E4AA7EE875A93429FED1B7A64
S325080209E0E5EE275AA5EEA76AA6EE277AE7EE276A66EEA76AD5D9174A934214D803F17F4369
S32508020A0007EE103AB7EE006A36EE476A60EEC00AF6EE005A97EEA57AE7EEA60A37EE607A25
S32508020A2036EE470A7047B6EE076AB5EE027AEDE7B7EE000A704700BF4ED747ADF6740F318A
S32508020A407CF293B4010DD037ABAA2A3D610BB6BA9999993E0000483F10EE103A23F00043F6
S32508020A60B3F1485F04D2FDEEC07A17EE903A5BB360EE007A9FED157ADFED155A9FED156A1A
S32508020A80DFED156AE7EE875A9FED147AA5EEA76A20EE275AE6EE276AA6EEA77A30B9DFED29
S32508020AA0106AE7EE876AA6EE850A704727EE457AF6EE006AA0EEA67ADFED0A6AD7EE270A06
S32508020AC0E5EE260A30EE600A704700BFD3C92E2F342FD7B21BEF3836010D50B98988083C3C
S32508020AE0ABAA2ABEABAA2A3E70B510EE103A8B4A23F00044944286B0054671D9884A94420A
S32508020B001E4624D823F00042002BDFED867A864922F00F02B0EE407A40F3E6808A4270EE0C
S32508020B20677A09BF9FED817ADFED816ADFED816A77EEC77A37EEE67A77EEC77A80ED007A4F
S32508020B4077EEE67AC0ED017A012006B070BD7A4A944253D9B4F1FF4F49D2E215863AA4EB7A
S32508020B60C25307EE903ABDEEE77ADFED746AB8EEC77A77EEC77A8DED037A67EEA67ABDEE37
S32508020B80E77AB8EEC77A77EEC77A8DED047A67EEA67AF5EE407AF1EE10FACDED057A40F0FB
S32508020BA08E80B5EE407AF1EE10FA40F08A800123634901910221009103A8294600F0D2F8AD
S32508020BC0002EC2DA95ED007AD5ED017AB1EE477AF1EE677A85ED007AC5ED017A4042B4E7AC
S32508020BE0002285ED000A4260002006B070BD70EE407AC0ED017AC0ED007AF5E700F0AAF8CD
S32508020C009FED507A9FED476AF6EE007AE0EE077A9FED477AFDEEE77AF8EEE76A17EE900A15
S32508020C20A6EEC60A1F2866EE877AB1EE666A30EE677A1EDC444A411E26F0004352F821206B
S32508020C4023F0FF03934214D085ED007A30EE470A002E30EE670A85ED010ABFF676AFB1EEA8
S32508020C60477AB1EE400A85ED007A85ED010A40426BE717EE103AC3F3C753C3EBD453082B56
S32508020C804FEAE452E0DD9FED297A9FED2A5AF0EE405AE6EE075A70EE657AE6EE077AD6EED6
S32508020CA0857A35EEE77A17EE103AC3F3C753D21A192A08DCB0EE650A85ED007AC6E70323A3
S32508020CC076E7022374E79FED217A9FED215AB0EE650AA6EE070A75EEC07AE6EE077AD6EE91
S32508020CE0857A30EE677AAFE78A4270EE277A09BF9FED0E7ADFED0E6ADFED0E6A77EE877ABB
S32508020D0037EEA67A77EEC77A80ED007A77EEA67AC0ED017A4FF0FF3017E700BFD80F493FAA
S32508020D20E3CB1640800FC93FD00FC93F004435374344353708A3852E800F49430000804342
S32508020D403836020884F9223FB835020800A3852E32318D2410EE103A23F0004300EE103AF6
S32508020D60704700BF2DE9F04F2DED048BDBB01C46944603930A46BA4B68991CF1040F53F8D1
S32508020D802170824604F1FF39C0F25682BCF1030348BF0CF10403DB10029301334FEAC30EB7
S32508020DA0ACEB0E030593029B17EB0900A3EB090316D401309FEDAB7A699C18441EA9002B82
S32508020DC0A4BF54F8235007EE905A03F10103ACBFF8EEE77AF0EE477A8342E1EC017AEED1ED
S32508020DE0002FC0F2E28203991EA800EB81004FEA81087E18002346AD4C460AEB8101B9F1AF
S32508020E00000F80F2C8800134B44245F8043B00F10400F4D10DF1280B0BEB8703CDE9062EFD
S32508020E20043B9FED929ADFED908A059804930AEB080446AE0BEB87080097CDF820C00DEBE3
S32508020E408703002F93ED460A4FEA870515DD73195A4660EE097AB0EE407AFDEEE77A73ED41
S32508020E60016AF8EEE77AB342A7EEE87A37EEA60ABDEEC77AA2EC017AEBD1019000F0B8FA0B
S32508020E80F4EE007AB0EE408A20EE270A00F01EFBF2EE007AA0EE678A01980028FDEEC89A4F
S32508020EA0F8EEE97A38EE678A40F38280791EC0F108035BF821E04EFA03FC0CFA03F3AEEB0A
S32508020EC0030EC0F1070219EE903A4EFA02F26344002A09EE903A4BF821E000F3AF80B5EE8F
S32508020EE0408AF1EE10FA74D1009B9F420ADD5D44002355F8041D454543EA0103F9D1002BA5
S32508020F0040F00281009B013B5BF823207B1C9C46002A40F0F780049A012152F8045D0131BA
S32508020F20002DFAD03944029D039A05EB030E0EF1804E699D0EF1FF3E3A4405EB8E0E1EAD0C
S32508020F4006EB830705EB8205DEED017AF8EEE77AB9F1000F0EF1040EE5EC017ADFED417A65
S32508020F6009DB2A465346F3EC016A32ED017AA342E6EE877AF7D10CF1010C8C45E7EC017AE5
S32508020F80E2DD0F465BE70134B442E5EC017A00F104003FF43FAFDFED337A83465346F3ECA4
S32508020FA0016A3BED017A8B42E6EE877AF7D1EAE700F09180F6EE007AB4EEE78AF1EE10FA7D
S32508020FC080F22981B5EE408AF1EE10FA4FF000028AD09246DDE9062EDDF820C00197AEEB3C
S32508020FE00C00B0EE480A009F009200F001FADFED1E6AB4EEE60AF1EE10FADDE90023F0EE33
S32508021000407AC0F29C819FED197A059920EE077A0831BDEEC77A0591B8EEC77A5C1CE7EEFC
S32508021020667ABDEEC77AFDEEE77A17EE901A4BF8231017EE103A4BF824307EE00133002FBC
S3250802104009EE903A40F39D8159464FF0000E51F8043B002B39D0C3F5807341F8043C0CE0B6
S325080210607C39020800000000000080430000803B0B68C3F1FF0341F8043B0EF1010E7745B8
S32508021080F6DC01239E4600280BDD012800F0BB80022806D1791E5BF8213003F03F0C4BF845
S325080210A021C0022A7FF41BAFB7EE000A734630EE488A002B3FF413AF0992019000F098F9B1
S325080210C00198099A38EE408A09E70EF1010E7745BDDC9E46D7E77B1E5BF82320D211002AA3
S325080210E07FF7FDAE19EE903A002F03F1010309EE903AA9DC022A7FF4F2AEF7EE007A37EEBE
S32508021100C88AECE619460EE73B469246DDE905125C1EA1F108005BF82410009F059061B928
S3250802112003F18043013B0BEB8303014653F8040D013C08390028F9D0059105980092B7EEB4
S32508021140000A00F055F9002C009AB0EE407AC0F22281601C46AD5FED3B6A81000BEB80036A
S3250802116005EB800073ED017AF8EEE77A5B4567EE877A27EE267A60ED017AF3D10DF1C808C8
S325080211800E1F2E44C646A4460025002F7DDBDFF85C92DFED957A3046002307E0F9EC016A8E
S325080211A0B0EC017A9F42E6EE877A03DBAB4203F10103F3DD0CF1FF3CBCF1FF3FEEEC017A47
S325080211C005F10105A6F10406E1D1689B022B6ADC002B36DC0ED1DFED847A414431ED017A36
S325080211E0414577EE877AF9D15346002B40F0C680C2ED007A19EE903A03F007005BB0BDEC47
S32508021200048BBDE8F08F791E5BF8213003F07F0C4BF821C045E719EE903A002F03F101030A
S3250802122009EE903AC8BF02223FF70EAFF7EE007A37EEC88A022252E600234FF0080E029300
S32508021240AEE5DDED327A9FED687A414471ED016A414537EE267AF9D15346002B40F08480AC
S3250802126077EEC77A82ED007A64B133A90123B1EC017A01339C4277EE877AF8DA53460BB103
S32508021280F1EE677AC2ED017AB4E70CF1FF3C0023BCF1FF3F4EF8043B05F10105A6F1040651
S325080212A07FF473AF91E7689B032BA3D1002C00F08C8008EB840595ED007AA0002B4629464C
S325080212C071ED017AF0EE476A37EE277A414577EEC77A81ED007A77EEA67AC1ED017AEFD14E
S325080212E0012C72D095ED007A08F1040173ED017AF0EE476A37EE277A994277EEC77A83ED54
S32508021300007A77EEA67AC3ED017AEFD1031DDFED367A434408F1080833ED017A984577EECA
S32508021320877AF9D15346DDED326A9DED337A73B9C2ED006A82ED017AC2ED027A5AE7FDEE16
S32508021340C07A1C4617EE901A4BF82310F5E6F1EE666AB1EE477AF1EE677AC2ED006A82ED8A
S32508021360017AC2ED027A45E7F1EE476A77EEC77AC2ED006A002C7FF478AF81E7F1EE677A4E
S3250802138036E7012815D002287FF4B4AE0EF03F034BF82130AEE6689B022B12DC002B17DC6F
S325080213A07FF428AFDFED107A1EE7039B4FEA830830E50EF07F03022A4BF821307FF48FAD12
S325080213C09BE6689B032B7FF415AFDFED077AA9E75346DDED327A1BB14FF0004313604FE731
S325080213E0002313604EE700BF000000005039020810EE103A33F000411A4625D0B1F1FF4FCF
S325080214001FD213F0FF4F20D1DFED297A294A60EE277A904217EE903A31DB4CF2503CC3F38B
S32508021420C75160451A46A1F1190114DD002BDFED227A9FED210AB8BFDFED207A27EE800A1C
S32508021440704730EE000A704770474CF2503C60454FEAD151EADC0144FE29E7DC002915DC56
S3250802146011F1160F19DB193122F0FF4242EAC15207EE902A9FED120A27EE800A7047DFEDEC
S32508021480117A07EE103A27EE270A704722F0FF4242EAC15300EE103A7047002BDFED097A79
S325080214A09FED080AB8BFDFED087A27EE800A70470000004CB03CFFFFCAF24971CAF249F1C1
S325080214C0000000336042A20D6042A28D10EE102AC2F3C7537F3B162B22F000411BDC002B30
S325080214E010461EDB1A4919410A4223D0DFED197A70EE277AF5EEC07AF1EE10FA1ADD002A0C
S3250802150004DA4FF4000242FA03F3184420EA010300EE103A7047B1F1FF4F0BD330EE000A17
S325080215207047DFED0C7A70EE277AF5EEC07AF1EE10FA00DC7047002A02DB9FED070A70479F
S3250802154011B99FED060A7047BFEE000AF2E700BFFFFF7F00CAF2497100000000000000809C
S32508021560024B58221A604FF0FF30704748250020024B58221A604FF0FF3070474825002075
S32508021580024B58221A604FF0FF30704748250020024B58221A600020704700BF48250020E4
S325080215A0024B58221A604FF0FF30704748250020024B58221A604FF0FF3070474825002035
S325080215C0024B58221A604FF0FF30704748250020044A05491368002B08BF0B4618441060E2
S325080215E0184670475425002058250020024B58221A604FF0FF30704748250020FEE700BFF9
S325080216002DE9F047089D0F4604468C46002B48D18A42164661D9B2FA82F34BB1C3F12002BE
S3250802162001FA03FC20FA02F29E4042EA0C0C9C404FEA164EB7B2BCFBFEF1220C0EFB11CCD4
S3250802164042EA0C4201FB07F0904209D9B21801F1FF3C80F0EE80904240F2EB800239324464
S32508021660121AA4B2B2FBFEF00EFB102244EA024400FB07F7A74209D9341900F1FF3280F0EB
S32508021680DA80A74240F2D7803444023840EA0140E41B00211DB1DC400023C5E90043BDE88E
S325080216A0F0878B4206D90DB1C5E9000100210846BDE8F087B3FA83F1002948D1BB4202D3CA
S325080216C0824200F20781841A67EB030201209446002DE4D0C5E9004CE1E7002A00F09280FD
S325080216E0B2FA82F3002B40F0A8808A1A4FEA164E1FFA86FC0121200CB2FBFEF70EFB172228
S3250802170040EA02420CFB07F0904207D9B21807F1FF3802D2904200F2E2804746121AA4B299
S32508021720B2FBFEF00EFB102244EA02440CFB00FCA44507D9341900F1FF3202D2A44500F265
S32508021740CB801046A4EB0C0440EA0740A2E7C1F120068B4022FA06FC4CEA030C07FA01F443
S3250802176020FA06F3F7404FEA1C49234300FA01F81FFA8CFEB7FBF9F01C0C09FB107744EAF9
S32508021780074400FB0EF7A74202FA01F20AD91CEB040400F1FF3A80F09B80A74240F298803C
S325080217A002386444E41B9FB2B4FBF9F309FB134447EA044403FB0EFEA64509D91CEB040492
S325080217C003F1FF3780F08280A6457FD9023B644443EA0040A4EB0E04A0FB02E7BC427346EC
S325080217E0B94663D360D05DB1B8EB030264EB090404FA06F622FA01F31E43CC40C5E90064D9
S3250802180000214CE76208480842EAC1710B0C43EA00438AB242EA0342B3FBF6F1E407B4469E
S325080218203746B6461F23B0FBF6F0D21B41EA004161E7614614E7104628E7C3F1200120FAB5
S3250802184001F29E4027FA01F19F403A434FEA164E1FFA86FCB1FBFEF70EFB1710110C41EAE7
S32508021860004107FB0CF8884504FA03F43AD9711807F1FF3001D288451FD8A1EB0801B1FBB4
S32508021880FEF808FB0CF70EFB181192B242EA0142BA422FD2B21808F1FF31C6D2BA42C4D23D
S325080218A0A8F102013244C0E7F0459CD2BEEB020367EB0C070138B94695E7A6EB08084144CF
S325080218C0B81EB1FBFEF808FB0CF7DCE73B467FE7504667E70846FBE63444023832E7023FB1
S325080218E032441BE7A1EB08013846B1FBFEF808FB0CF7C8E7414698E7F8B500BFF8BC08BC0C
S325080219009E467047F8B500BFF8BC08BC9E467047D58700084D890008D98700089D890008C5
S32508021920E9890008598A0008B18A0008000000000D8C00080000000000000000000000004E
S3250802194000000000000000000000000000000000658C00089D8C000800000000000000004D
S325080219600000000000000000C58C00080000000000000000000000000000000000000000FE
S3250802198000000000E58C0008658C000800000000058D00080000000000000000000000002B
S325080219A0E58C0008658C00080000000000000000358D00080000000000000000E58C000862
S325080219C0658C0008000000000000000000000000658D000800000000E58C0008658C000892
S325080219E00000000000000000000000000000000000000400050006000700080009000A00A6
S32508021A000B000C000D000E000F00640699019A019B019C0132039D016406CB046506CC0456
S32508021A2032036606CD04670699019A019B01680669060000010002000400050006000700F0
S32508021A40080009000A000B000C000D000E000F009C019D019E019F01A001A101A201A30116
S32508021A60A401CE04CF04D004D104A5011600170018006A0633033403E0FF000000000000BC
S32508021A800000000000000000000000000E0000000000000000000000010000000E00000019
S32508021AA0E0FF00000000000000000000000000000100000000000000000000000000000036
S32508021AC0010000000E0000003E200000576F726B20696E2070726F67726573732E2E2E0AC6
S32508021AE0000000006B2B02087D2B0208882B02089A2B0208AC2B0208BD2B0208CD2B020823
S32508021B00ED2B0208022C0208242C0208392C02084E2C0208622C02087E2C0208932C0208F9
S32508021B20A82C0208BB2C0208CE2C0208E82C0208052D0208182D02082B2D02083B2D020845
S32508021B404B2D02085A2D02086A2D02080001020304053E2000636F6E6669675F696E6974CB
S32508021B6000000000010000000100000001000000010000000100000002000000010000004D
S32508021B800600000006000000030000000100000014000000140000000100000001000000FB
S32508021BA000061016000610160000000000000000010203040607080900000000010203048B
S32508021BC0C731020893260208CA3102085072656368617267652074696D656F7574005265BC
S32508021BE071756573746564205453206F6666004149522B2074696D656F7574005B46534D49
S32508021C005D205374617465207472616E736974696F6E20696E69745F746F5F69646C6500B8
S32508021C205B46534D5D205374617465207472616E736974696F6E207365745F666174616C97
S32508021C405F6572726F72005B46534D5D205374617465207472616E736974696F6E20636CD2
S32508021C606F73655F6169726E005B46534D5D205374617465207472616E736974696F6E20BA
S32508021C80666174616C5F6572726F725F746F5F69646C65005B46534D5D2053746174652085
S32508021CA07472616E736974696F6E207365745F74735F6F6666005B46534D5D205374617423
S32508021CC065207472616E736974696F6E2073746172745F707265636861726765005B4653D2
S32508021CE04D5D205374617465207472616E736974696F6E20636C6F73655F61697270005B02
S32508021D0046534D5D205374617465207472616E736974696F6E207365745F74735F6F6E00F6
S32508021D20696E697400776169745F6169726E5F636C6F736500776169745F74735F7072650B
S32508021D4063686172676500776169745F616972705F636C6F736500256220256420255920E6
S32508021D6025483A254D3A2553004A756C20203120323032362031393A35373A3134004341AF
S32508021D804E3A204572726F7220726563656976696E67206D657373616765003F001B5B32B9
S32508021DA04B0D001B5B3144001B5B3143000800082573202573000300656E61626C656400B8
S32508021DC064697361626C656400646D657367206F75747075742069732025730D0A002023CC
S32508021DE02323232323232020202023202020202323232323232020202020232020202023A6
S32508021E00232323232320202020202320202020232323232323232023232323232323202373
S32508021E20232323232320200D0A2020202023202020202020232023202020232020202020A0
S32508021E4023202020232023202020232020202020232020202320232020202020202320205A
S32508021E602020232020202020202023202020202023200D0A2020202023202020202023206C
S32508021E8020202320202320202020202320202320202023202023202020202023202023201A
S32508021EA020202320202020202320202020232020202020202023202020202023200D0A202C
S32508021EC02020202320202020232020202020232023232323232320202320202020202320D1
S32508021EE02323232323232020232020202020232020202023202020202323232323202020A8
S32508021F0023202020202023200D0A20202020232020202023232323232323202320202020B9
S32508021F2020232023232323232323202320202023202020232323232323232020202023205B
S32508021F40202020232020202020202023202020202023200D0A20202020232020202023208B
S32508021F60202020202320232020202020232023202020202023202320202020232020232039
S32508021F802020202023202020202320202020232020202020202023202020202023200D0A4B
S32508021FA02020202023202020202320202020202320232323232323202023202020202023F0
S32508021FC02023202020202023202320202020202320202020232020202023232323232323CD
S32508021FE02023232323232320200D0A00636F6D6D616E64206C6973743A0D0A002D20257397
S325080220000D0A00747269676765726564205453204F4E206576656E740D0A007472696767E2
S3250802202065726564205453204F4646206576656E740D0A00496E76616C6964206E756D623C
S325080220406572206F6620706172616D65746572732E0D0A0A76616C696420706172616D655B
S32508022060746572733A0D0A2D206F6E0D0A2D206F66660D0A00556E6B6E6F776E207061720E
S32508022080616D657465723A2025730D0A0A76616C696420706172616D65746572733A0D0AEA
S325080220A02D206F6E0D0A2D206F66660D0A00747275650066616C736500424D53207374611B
S325080220C07465004572726F7220636F756E740043414E20666F7277617264696E67004261FC
S325080220E06C616E63696E672073746174650048616E646361727420737461747573002E2E6E
S325080221002E2E2E2E2E2E2E2E2E2E2E2E2E2E2E2E2E2E2E2E2E2E002573257325730D0A00DC
S32508022120646973636F6E6E656374656400656E61626C696E672062616C616E63696E670D90
S325080221400A0064697361626C696E672062616C616E63696E670D0A007468720062616C6104
S325080221606E63696E67207468726573686F6C6420697320252E3266206D560D0A0074657306
S325080221807400496E76616C6964206E756D626572206F6620706172616D65746572732E0DC7
S325080221A00A0A76616C696420706172616D65746572733A0D0A2D206F6E0D0A2D206F66667D
S325080221C00D0A2D20746872203C6D696C6C69766F6C74733E0D0A2D2074657374203C626F03
S325080221E06172643E203C63656C6C302063656C6C31202E2E2E2063656C6C4E3E0D0A0055DB
S325080222006E6B6E6F776E20706172616D657465723A2025730D0A0A76616C696420706172AC
S32508022220616D65746572733A0D0A2D206F6E0D0A2D206F66660D0A2D20746872203C6D699F
S325080222406C6C69766F6C74733E0D0A2D2074657374203C626F6172643E203C63656C6C30C5
S325080222602063656C6C31202E2E2E2063656C6C4E3E0D0A0052756E6E696E673A2025750D6E
S325080222800A457870697265643A2025750D0A0048616C6C203530413A09252E3166410D0A7C
S325080222A048616C6C20333030413A09252E3166410D0A5368756E743A0909252E3166410D7E
S325080222C00A007A65726F0043757272656E74207A65726F65640D0A00496E76616C6964209A
S325080222E06E756D626572206F6620706172616D65746572732E0D0A0A76616C6964207061AC
S3250802230072616D65746572733A0D0A2D207A65726F3A207A65726F657320746865206861B0
S325080223206C6C2D73656E736F72206D6561737572656D656E740D0A00556E6B6E6F776E2001
S32508022340706172616D657465723A2025730D0A0A76616C696420706172616D657465727335
S325080223603A0D0A2D207A65726F3A207A65726F6573207468652068616C6C2D73656E736F86
S3250802238072206D6561737572656D656E740D0A006661756C743A20202020202020202575EE
S325080223A00D0A494D44207374617475733A20202025730D0A64657461696C733A202020206F
S325080223C02020256C640D0A64757479206379636C653A202020252E326625250D0A66726588
S325080223E07175656E63793A202020202575487A0D0A706572696F643A202020202020202549
S32508022400756D730D0A00310025303264202D20252D3430733A2025732C20252E34662C2017
S3250802242025730A0D0073746F7000257320001B5B324A1B4800636C6F736564006F70656EDE
S32508022440004149522D207374617475733A20202020202025730D0A4149522B207374617413
S3250802246075733A20202020202025730D0A507265636861726765207374617475733A2025E7
S32508022480730D0A4661756C74207374617475733A202020202025730D0A006661756C74003D
S325080224A02573207365742025730D0A00726573657400526573657474696E6720656E657297
S325080224C06779206D657465720D0A00536F433A20252E32662025250D0A456E657267793A49
S325080224E020252E31662057680D0A456E6572677920746F74616C3A20252E31662057680DEE
S325080225000A00626D73007072696D61727900556E6B6E6F776E20706172616D657465723A50
S325080225202025730D0A0A76616C696420706172616D65746572733A0D0A2D20626D733A2014
S32508022540626D7320696E7465726E616C206E6574776F726B0D0A2D207072696D6172793AE0
S3250802256020636172207072696D617279206E6574776F726B0D0A004572726F726520646934
S3250802258020666F726D617474617A696F6E653A204944235041594C4F41440A0D5041594C27
S325080225A04F41442069732068657820656E636F64656420616E64206973204D53422E2E2E09
S325080225C04C53420D0A00496E76616C696420636F6D6D616E6420666F726D61740D0A0A76ED
S325080225E0616C696420666F726D61743A0D0A63616E5F666F7277617264203C6E6574776F28
S32508022600726B3E203C69643E233C7061796C6F61643E0D0A005E430D0A006175746F0046D3
S32508022620616E732073706565642073657420746F206175746F0D0A0046616E7320747572B5
S325080226406E6564206F66660D0A0046616E732073706565642073657420746F2025640D0AD9
S3250802266000496E76616C696420706572632076616C75653A2025640D0A4974206D757374DC
S32508022680206265206265747765656E203020616E642031303000496E76616C696420736922
S325080226A06E7461782E0D0A205573652074686973207761793A2066616E73203C706572636C
S325080226C03E0D0A004A756C2020312032303236000D0A0A2A2A2A2A2A2A2A2A2A2046656E3B
S325080226E069636520424D53202A2A2A2A2A2A2A2A2A0D0A206275696C643A20257320402044
S3250802270025730D0A0A2074797065203F20666F7220636F6D6D616E64730D0A0A005B252E07
S3250802272032665D20000D0A3E200020202020204D494E2020202020204D4158202020202035
S32508022740204156470D0A00256420202020252E32665620202020252E3266562020202025A4
S325080227602E3266560D0A007674732B2E2E2E2E2E2E2E2E252E326620560D0A7674732D2EEE
S325080227802E2E2E2E2E2E2E252E326620560D0A766261742E2E2E2E2E2E2E2E252E32662047
S325080227A0560D0A767368756E742E2E2E2E2E2E252E326620560D0A73756D2E2E2E2E2E2EFF
S325080227C02E2E2E252E326620560D0A617665726167652E2E2E2E2E252E326620560D0A6D41
S325080227E061782E2E2E2E2E2E2E2E2E252E336620560D0A6D696E2E2E2E2E2E2E2E2E2E25D2
S325080228002E336620560D0A64656C74612E2E2E2E2E2E2E252E336620560D0A00616C6C0056
S32508022820556E6B6E6F776E20706172616D657465723A2025730D0A76616C6964207061723B
S32508022840616D65746572733A0D0A2D20616C6C3A2072657475726E7320766F6C7461676521
S325080228607320666F7220616C6C2063656C6C730D0A0020202020204D494E20202020202087
S325080228802020204D41582020202020202020204156470D0A00256420202025362E3266C201
S325080228A0B0432020202025362E3266C2B0432020202025362E3266C2B0430D0A0061766516
S325080228C0726167652E2E2E2E2E252E326620C2B0430D0A6D61782E2E2E2E2E2E2E2E2E2583
S325080228E02E326620430D0A6D696E2E2E2E2E2E2E2E2E2E252E326620C2B0430D0A64656C9A
S3250802290074612E2E2E2E2E2E2E252E326620C2B0430D0A00556E6B6E6F776E207061726105
S325080229206D657465723A2025730D0A76616C696420706172616D65746572733A0D0A2D205F
S32508022940616C6C3A2072657475726E732074656D706572617475726520666F7220616C6C33
S325080229602063656C6C730D0A001B5B48457865637574696E6720257320657665727920254B
S325080229802E30666D731B5B4B0D0A5B252E32665D1B5B4B0D0A000D0A507265737320435455
S325080229A0524C2B4320746F2073746F700D0A1B5B4A00436F6D6D616E64206E6F7420666F16
S325080229C0756E640D0A0025731B5B4B0D0A0025752000496E646578206F7574206F66207268
S325080229E0616E67653A2025750D0A004E6F6E2070756F69207269706574657265206C61208C
S32508022A007374657373612063656C6C61207069752720646920756E6120766F6C74610D0AAF
S32508022A200044697374726962757A696F6E652064656C6C652063656C6C626F6172642061AC
S32508022A406767696F726E61746120636F6E20737563636573736F0D0A00496E76616C6964E4
S32508022A602073696E7461780D0A417661696C61626C6520636F6D6D616E6473206172653AF3
S32508022A800D0A092D3C656D7074793E3A2073686F77207468652063757272656E74206365A9
S32508022AA06C6C20646973747269627574696F6E0D0A092D3C63656C6C626F61726420696EC6
S32508022AC06465782061742070303E202E2E2E203C63656C6C626F61726420696E64657820AC
S32508022AE061742070353E3A207365742061206E65772063656C6C626F6172642064697374C1
S32508022B007269627574696F6E0D0A00766F6C740074656D70006572726F72730074730062C1
S32508022B20616C00736F6300646D65736700696D640063616E5F666F72776172640066656573
S32508022B40646261636B730077617463680063656C6C5F64697374720066616E7300706163E5
S32508022B606B0009610073626F724000494D445F53484F52545F4349524355495400494D4465
S32508022B805F4E4F524D414C00494D445F554E4445525F564F4C5441474500494D445F5354F5
S32508022BA04152545F4D45415355524500494D445F4445564943455F4552524F5200494D4401
S32508022BC05F45415254485F4641554C5400464545444241434B5F494D504C41555342494CC1
S32508022BE04954595F444554454354454400464545444241434B5F494D445F434F434B5049B8
S32508022C005400464545444241434B5F5453414C5F475245454E5F4641554C545F4C4154436A
S32508022C2048454400464545444241434B5F424D535F434F434B504954004645454442414307
S32508022C404B5F4558545F4C41544348454400464545444241434B5F5453414C5F475245453B
S32508022C604E00464545444241434B5F54535F4F5645525F3630565F53544154555300464547
S32508022C8045444241434B5F4149524E5F53544154555300464545444241434B5F414952500E
S32508022CA05F53544154555300464545444241434B5F414952505F474154450046454544423B
S32508022CC041434B5F4149524E5F4741544500464545444241434B5F505245434841524745F7
S32508022CE05F53544154555300464545444241434B5F5453505F4F5645525F3630565F53544A
S32508022D004154555300464545444241434B5F494D445F4641554C5400464545444241434B08
S32508022D205F434845434B5F4D555800464545444241434B5F53445F454E44004645454442C6
S32508022D4041434B5F53445F4F555400464545444241434B5F53445F494E004645454442419F
S32508022D60434B5F53445F424D5300464545444241434B5F53445F494D4400756E6465722DDF
S32508022D80766F6C74616765006F7665722D766F6C7461676500756E6465722D74656D7065F0
S32508022DA0726174757265006F7665722D74656D7065726174757265006F7665722D637572A6
S32508022DC072656E740043414E00696E7465726E616C20766F6C74616765206D69736D61743E
S32508022DE063680063656C6C626F61726420636F6D6D756E69636174696F6E0063656C6C62B8
S32508022E006F61726420696E7465726E616C00636F6E6E656374696F6E206572726F7200669F
S32508022E206565646261636B00666565646261636B5F63697263756974727900454550524FE6
S32508022E404D20636F6D6D756E69636174696F6E00454550524F4D207772697465006469732C
S32508022E606368617267696E670073697A65202B20434F4E4649475F56455253494F4E5F53EC
S32508022E80495A45203C3D20454550524F4D5F4255464645525F53495A45005372632F636FDD
S32508022EA06E6669672E63002C2066756E6374696F6E3A2000617373657274696F6E20222582
S32508022EC07322206661696C65643A2066696C6520222573222C206C696E6520256425732578
S32508022EE0730A00303132333435363738396162636465666768696A6B6C6D6E6F707172735A
S32508022F007475767778797A00494E4600696E66004E414E006E616E00303132333435363790
S32508022F203839414243444546003031323334353637383961626364656600256D2F25642FA0
S32508022F4025790025592D256D2D25640025483A254D00545A00474D54002531315B2D2B30B7
S32508022F602D39412D5A612D7A5D256E002531315B412D5A612D7A5D256E004D256875256E97
S32508022F802E256875256E2E256875256E002F256875256E3A256875256E3A256875256E0039
S32508022FA0504F534958004A616E00466562004D617200417072004D6179004A756E004A75F2
S32508022FC06C0041756700536570004F6374004E6F7600446563004A616E7561727900466546
S32508022FE0627275617279004D6172636800417072696C004A756E65004A756C7900417567F6
S325080230007573740053657074656D626572004F63746F626572004E6F76656D62657200444D
S325080230206563656D6265720053756E004D6F6E0054756500576564005468750046726900AD
S325080230405361740053756E646179004D6F6E6461790054756573646179005765646E657317
S3250802306064617900546875727364617900467269646179005361747572646179002561205C
S3250802308025622025652025483A254D3A255320255900414D00504D00256120256220256564
S325080230A02025483A254D3A255320255A2025590025493A254D3A255320257000496E6669D1
S325080230C06E697479004E614E005245454E54206D616C6C6F63207375636365656465640044
S325080230E02F646174612F6A656E6B696E732F776F726B73706163652F474E552D746F6F6CD4
S32508023100636861696E2F61726D2D31342F7372632F6E65776C69622D63796777696E2F6E19
S3250802312065776C69622F6C6962632F7374646C69622F64746F612E630042616C6C6F63201D
S32508023140737563636565646564002F646174612F6A656E6B696E732F776F726B7370616337
S32508023160652F474E552D746F6F6C636861696E2F61726D2D31342F7372632F6E65776C690D
S32508023180622D63796777696E2F6E65776C69622F6C6962632F7374646C69622F6D707265F2
S325080231A0632E6300232D302B2000686C4C0065666745464700412D46612D66383930313270
S325080231C033343536375D002B2D0078580000202020202020202020282828282820202020E9
S325080231E020202020202020202020202020208810101010101010101010101010101004047F
S3250802320004040404040404041010101010101041414141414101010101010101010101017D
S32508023220010101010101010101101010101010424242424242020202020202020202020273
S325080232400202020202020202021010101020000000000000000000000000000000000000EC
S3250802326000000000000000000000000000000000000000000000000000000000000000003E
S3250802328000000000000000000000000000000000000000000000000000000000000000001E
S325080232A00000000000000000000000000000000000000000000000000000000000000000FE
S325080232C000000000000000000000000000000000000000001F0000003B0000005A0000002A
S325080232E07800000097000000B5000000D4000000F300000011010000300100004E010000A1
S325080233001F0000001C0000001F0000001E0000001F0000001E0000001F0000001F000000AA
S325080233201E0000001F0000001E0000001F000000000000001F0000003B0000005A0000004F
S325080233407800000097000000B5000000D4000000F300000011010000300100004E01000040
S32508023360A62F0208AA2F0208AE2F0208B22F0208B62F0208BA2F0208BE2F0208C22F0208D5
S32508023380C62F0208CA2F0208CE2F0208D22F0208D62F0208DE2F0208E72F0208ED2F02089D
S325080233A0B62F0208F32F0208F82F0208FD2F0208043002080E300208163002081F3002084C
S325080233C0283002082C3002083030020834300208383002083C30020840300208443002085D
S325080233E04B300208523002085A300208643002086D30020874300208601D02083A2F02082B
S325080234007D300208923002089530020898300208D62F0208DE2F0208E72F0208ED2F02080C
S32508023420B62F0208F32F0208F82F0208FD2F0208043002080E300208163002081F300208CB
S325080234402E2B0208B0300208B71D0208B71D0208B71D0208B71D0208B71D020805000000B4
S32508023460190000007D0000000080E03779C34143176E05B5B5B89346F5F93FE9034F384DDD
S32508023480321D30F94877825A3CBF737FDD4F1575000000000000F03F0000000000002440D3
S325080234A000000000000059400000000000408F40000000000088C34000000000006AF84027
S325080234C00000000080842E4100000000D01263410000000084D797410000000065CDCD4170
S325080234E0000000205FA00242000000E876483742000000A2941A6D42000040E59C30A24266
S325080235000000901EC4BCD64200003426F56B0C430080E03779C3414300A0D88557347643B4
S3250802352000C84E676DC1AB43003D9160E458E143408CB5781DAF154450EFE2D6E41A4B44B2
S3250802354092D54D06CFF08044F64AE1C7022DB544B49DD9794378EA441F0000001C00000047
S325080235601F0000001E0000001F0000001E0000001F0000001F0000001E0000001F00000046
S325080235801E0000001F0000001F0000001D0000001F0000001E0000001F0000001E00000028
S325080235A01F0000001F0000001E0000001F0000001E0000001F000000000FC93F000F494094
S325080235C000CB9640000FC9400053FB4000CB164100ED2F41000F49410031624100537B4199
S325080235E0003A8A4100CB9641005CA34100EDAF41007EBC41000FC94100A0D5410031E24159
S3250802360000C2EE410053FB4100F20342003A0A420083104200CB164200141D42005C234231
S3250802362000A5294200ED2F4200363642007E3C4200C74242000F4942A2000000F9000000E2
S32508023640830000006E0000004E000000440000001500000029000000FC0000002700000076
S3250802366057000000D1000000F500000034000000DD000000C0000000DB000000620000000F
S3250802368095000000990000003C000000430000009000000041000000FE000000510000004D
S325080236A063000000AB000000DE000000BB000000C500000061000000B70000002400000052
S325080236C06E0000003A000000420000004D000000D2000000E00000000600000049000000A2
S325080236E02E000000EA00000009000000D1000000920000001C000000FE0000001D000000FF
S32508023700EB0000001C000000B100000029000000A70000003E000000E80000008200000069
S3250802372035000000F50000002E000000BB0000004400000084000000E90000009C00000019
S325080237407000000026000000B40000005F0000007E00000041000000390000009100000027
S32508023760D600000039000000830000005300000039000000F40000009C0000008400000007
S325080237805F0000008B000000BD000000F9000000280000003B0000001F000000F8000000FF
S325080237A097000000FF000000DE00000005000000980000000F000000EF0000002F000000BB
S325080237C0110000008B0000005A0000000A0000006D0000001F0000006D00000036000000AA
S325080237E07E000000CF00000027000000CB00000009000000B70000004F0000004600000025
S325080238003F000000660000009E0000005F000000EA0000002D000000750000002700000043
S32508023820BA000000C7000000EB000000E5000000F10000007B0000003D0000000700000077
S3250802384039000000F70000008A0000005200000092000000EA0000006B000000FB0000006A
S325080238605F000000B10000001F0000008D0000005D000000080000005600000003000000BE
S325080238803000000046000000FC0000007B0000006B000000AB000000F0000000CF00000056
S325080238A0BC000000200000009A000000F4000000360000001D000000A9000000E3000000AF
S325080238C091000000610000005E000000E60000001B00000008000000650000009900000081
S325080238E0850000005F00000014000000A000000068000000400000008D000000FF000000EC
S32508023900D8000000800000004D00000073000000270000003100000006000000060000001B
S325080239201500000056000000CA00000073000000A8000000C900000060000000E20000001C
S325080239407B000000C00000008C0000006B0000000000C93F0000F0390000DA370000A2330E
S325080239600000842E0000502B0000C2270000D0220000C41F0000C61B00004417040000000C
S3250802398007000000090000005870FF7F01000000F5B50108CDB5010800010000201D02083A
S325080239A08F1C02083B1C0208251D0208351D0208471D02081A1D020801000000201D020842
S325080239C08F1C02089A2402082A1D02083D1D02082A1D02081A1D0208EB1B02085D2E02086E
S325080239E02C010000F9D000086DD30008F1C600081DC9000881C6000829C8000811CD000896
S32508023A003DC9000811C60008E1C90008E5C9000889CD000845CA0008F5CA0008B1D6000876
S32508023A2095CE0008FDCB000849C6000859CE00083DC60008E1CA00080B2B0208102B0208B2
S32508023A40F7200208152B02081C2B02081F2B0208232B0208BD2D0208272B0208AC240208C4
S32508023A602D2B0208312B02083D2B0208472B02084D2B0208582B02085D2B02089B1D02081D
S32508023A80B61D0208622B0208652B02087A2D0208882D0208952D0208A72D0208B82D0208FF
S32508023AA0C52D0208C92D0208E32D0208FB2D02080E2E0208000000001F2E0208282E0208B1
S32508023AC03B2E0208502E02085802B801D201EE010B022A024B026E029302BA02E4021003C6
S32508023AE03F037003A403DC03170455049704DD0427057505C80520067D06E0064907B8077A
S32508023B002D08A9082D0987094D0AEA0A900B400CFA0C03040504070403042401030405045A
S32508023B2007040304240108040A040C04240108040A040C042500190A24041B0A24041D0AE1
S32508023B4024042501150424041502150115011301150124021504240415021501150113019B
S32508023B6015011502150224021804150224021304110224020E020E02100211020E021502B6
S32508023B80150224041502150115011301150124021502150224041502150115011301150180
S32508023BA0150424021804150224021304110324020E020E02100211020E021504240415025F
S32508023BC015011501130115012402150424041502150115011301150115022402180415023B
S32508023BE024021304110224020E020E02100211020E02240224042500010000001000000066
S32508023C000024F4000000000003000000E8230020552F0208552F02084300000000000000EF
S32508023C20000000000000000000000000000000000000000000000000430000000000000031
S32508023C40000000000000000000000000000000000000000000000000430000000000000011
S32508023C600000000000000000000000000000000000000000000000004300000000000000F1
S32508023C800000000000000000000000000000000000000000000000004300000000000000D1
S32508023CA00000000000000000000000000000000000000000000000004300000000000000B1
S32508023CC0000000000000000000000000000000000000000000000000430000000000000091
S32508023CE000000000000000000000000000000000000000000000000009F20108D3EA0108EA
S32508023D0000000000CD31020815210208B71D0208B71D0208B71D0208B71D0208B71D0208F5
S32508023D20B71D0208B71D0208B71D0208B71D0208FFFFFFFFFFFFFFFFFFFFFFFFFFFF000009
S32508023D400100415343494900000000000000000000000000000000000000000000000000E9
S32508023D600000415343494900000000000000000000000000000000000000000000000000CA
S32508023D8000000000F003002000000000E823002050240020B8240020000000000000000045
S32508023DA00000000000000000000000000000000000000000000000000000000000000000F3
S32508023DC00000000000000000000000000000000000000000000000000100000000000000D2
S32508023DE04A0000000000000000000000000000000000000000000000000000000000000069
S32508023E0000000000000000004A000000000000000000000000000000000000000000000048
S31908023E200000000000000000000000000000000050250020E9
S5030DF2FD
S70500000000FA
